call_id,layout_id,model_key,input_condition,question_id,category,observed,expected,correct,primary_scored,exclusion_reason,format_valid,call_error
task_asset_vqa_v2:BackUp_2:gemini:image_only,BackUp_2,gemini,image_only,BackUp_2:red_shape,shape,D,D,1,1,,1,
task_asset_vqa_v2:BackUp_2:gemini:image_only,BackUp_2,gemini,image_only,BackUp_2:goal_shape,shape,A,A,1,1,,1,
task_asset_vqa_v2:BackUp_2:gemini:image_only,BackUp_2,gemini,image_only,BackUp_2:blue_count,count_color,B,B,1,1,,1,
task_asset_vqa_v2:BackUp_2:gemini:image_only,BackUp_2,gemini,image_only,BackUp_2:colored_count,count_color,C,C,1,1,,1,
task_asset_vqa_v2:BackUp_2:gemini:image_only,BackUp_2,gemini,image_only,BackUp_2:movable_count,movability,D,D,1,1,,1,
task_asset_vqa_v2:BackUp_2:gemini:image_only,BackUp_2,gemini,image_only,BackUp_2:horizontal_relation,relative_position,B,B,1,1,,1,
task_asset_vqa_v2:BackUp_2:gemini:image_only,BackUp_2,gemini,image_only,BackUp_2:vertical_relation,relative_position,C,C,1,1,,1,
task_asset_vqa_v2:BackUp_2:gemini:image_only,BackUp_2,gemini,image_only,BackUp_2:red_quadrant,coarse_location,C,C,1,0,within_60px_of_x_or_y_divider,1,
task_asset_vqa_v2:BackUp_2:gemini:image_only,BackUp_2,gemini,image_only,BackUp_2:goal_quadrant,coarse_location,D,D,1,1,,1,
task_asset_vqa_v2:BackUp_2:gemini:image_only,BackUp_2,gemini,image_only,BackUp_2:containment,containment,A,A,1,1,,1,
task_asset_vqa_v2:BackUp_2:gemini:image_only,BackUp_2,gemini,image_only,BackUp_2:movable_object_relation,movable_object_relation,D,D,1,1,,1,
task_asset_vqa_v2:BackUp_4:gemini:json_only,BackUp_4,gemini,json_only,BackUp_4:red_shape,shape,B,B,1,1,,1,
task_asset_vqa_v2:BackUp_4:gemini:json_only,BackUp_4,gemini,json_only,BackUp_4:goal_shape,shape,C,C,1,1,,1,
task_asset_vqa_v2:BackUp_4:gemini:json_only,BackUp_4,gemini,json_only,BackUp_4:blue_count,count_color,D,D,1,1,,1,
task_asset_vqa_v2:BackUp_4:gemini:json_only,BackUp_4,gemini,json_only,BackUp_4:colored_count,count_color,A,A,1,1,,1,
task_asset_vqa_v2:BackUp_4:gemini:json_only,BackUp_4,gemini,json_only,BackUp_4:movable_count,movability,B,B,1,1,,1,
task_asset_vqa_v2:BackUp_4:gemini:json_only,BackUp_4,gemini,json_only,BackUp_4:horizontal_relation,relative_position,C,C,1,1,,1,
task_asset_vqa_v2:BackUp_4:gemini:json_only,BackUp_4,gemini,json_only,BackUp_4:vertical_relation,relative_position,A,A,1,1,,1,
task_asset_vqa_v2:BackUp_4:gemini:json_only,BackUp_4,gemini,json_only,BackUp_4:red_quadrant,coarse_location,A,A,1,0,within_60px_of_x_or_y_divider,1,
task_asset_vqa_v2:BackUp_4:gemini:json_only,BackUp_4,gemini,json_only,BackUp_4:goal_quadrant,coarse_location,B,B,1,1,,1,
task_asset_vqa_v2:BackUp_4:gemini:json_only,BackUp_4,gemini,json_only,BackUp_4:containment,containment,A,A,1,1,,1,
task_asset_vqa_v2:BackUp_4:gemini:json_only,BackUp_4,gemini,json_only,BackUp_4:movable_object_relation,movable_object_relation,H,H,1,1,,1,
task_asset_vqa_v2:BackUp_10:gemini:json_only,BackUp_10,gemini,json_only,BackUp_10:red_shape,shape,A,A,1,1,,1,
task_asset_vqa_v2:BackUp_10:gemini:json_only,BackUp_10,gemini,json_only,BackUp_10:goal_shape,shape,B,B,1,1,,1,
task_asset_vqa_v2:BackUp_10:gemini:json_only,BackUp_10,gemini,json_only,BackUp_10:blue_count,count_color,C,C,1,1,,1,
task_asset_vqa_v2:BackUp_10:gemini:json_only,BackUp_10,gemini,json_only,BackUp_10:colored_count,count_color,D,D,1,1,,1,
task_asset_vqa_v2:BackUp_10:gemini:json_only,BackUp_10,gemini,json_only,BackUp_10:movable_count,movability,E,E,1,1,,1,
task_asset_vqa_v2:BackUp_10:gemini:json_only,BackUp_10,gemini,json_only,BackUp_10:horizontal_relation,relative_position,C,C,1,1,,1,
task_asset_vqa_v2:BackUp_10:gemini:json_only,BackUp_10,gemini,json_only,BackUp_10:vertical_relation,relative_position,A,A,1,1,,1,
task_asset_vqa_v2:BackUp_10:gemini:json_only,BackUp_10,gemini,json_only,BackUp_10:red_quadrant,coarse_location,D,D,1,1,,1,
task_asset_vqa_v2:BackUp_10:gemini:json_only,BackUp_10,gemini,json_only,BackUp_10:goal_quadrant,coarse_location,A,A,1,1,,1,
task_asset_vqa_v2:BackUp_10:gemini:json_only,BackUp_10,gemini,json_only,BackUp_10:containment,containment,B,B,1,1,,1,
task_asset_vqa_v2:BackUp_10:gemini:json_only,BackUp_10,gemini,json_only,BackUp_10:movable_object_relation,movable_object_relation,B,B,1,1,,1,
task_asset_vqa_v2:BackUp_10:gemini:image_only,BackUp_10,gemini,image_only,BackUp_10:red_shape,shape,A,A,1,1,,1,
task_asset_vqa_v2:BackUp_10:gemini:image_only,BackUp_10,gemini,image_only,BackUp_10:goal_shape,shape,B,B,1,1,,1,
task_asset_vqa_v2:BackUp_10:gemini:image_only,BackUp_10,gemini,image_only,BackUp_10:blue_count,count_color,C,C,1,1,,1,
task_asset_vqa_v2:BackUp_10:gemini:image_only,BackUp_10,gemini,image_only,BackUp_10:colored_count,count_color,D,D,1,1,,1,
task_asset_vqa_v2:BackUp_10:gemini:image_only,BackUp_10,gemini,image_only,BackUp_10:movable_count,movability,E,E,1,1,,1,
task_asset_vqa_v2:BackUp_10:gemini:image_only,BackUp_10,gemini,image_only,BackUp_10:horizontal_relation,relative_position,C,C,1,1,,1,
task_asset_vqa_v2:BackUp_10:gemini:image_only,BackUp_10,gemini,image_only,BackUp_10:vertical_relation,relative_position,A,A,1,1,,1,
task_asset_vqa_v2:BackUp_10:gemini:image_only,BackUp_10,gemini,image_only,BackUp_10:red_quadrant,coarse_location,D,D,1,1,,1,
task_asset_vqa_v2:BackUp_10:gemini:image_only,BackUp_10,gemini,image_only,BackUp_10:goal_quadrant,coarse_location,A,A,1,1,,1,
task_asset_vqa_v2:BackUp_10:gemini:image_only,BackUp_10,gemini,image_only,BackUp_10:containment,containment,B,B,1,1,,1,
task_asset_vqa_v2:BackUp_10:gemini:image_only,BackUp_10,gemini,image_only,BackUp_10:movable_object_relation,movable_object_relation,B,B,1,1,,1,
task_asset_vqa_v2:BackUp_3:gemini:json_only,BackUp_3,gemini,json_only,BackUp_3:red_shape,shape,C,C,1,1,,1,
task_asset_vqa_v2:BackUp_3:gemini:json_only,BackUp_3,gemini,json_only,BackUp_3:goal_shape,shape,D,D,1,1,,1,
task_asset_vqa_v2:BackUp_3:gemini:json_only,BackUp_3,gemini,json_only,BackUp_3:blue_count,count_color,A,A,1,1,,1,
task_asset_vqa_v2:BackUp_3:gemini:json_only,BackUp_3,gemini,json_only,BackUp_3:colored_count,count_color,B,B,1,1,,1,
task_asset_vqa_v2:BackUp_3:gemini:json_only,BackUp_3,gemini,json_only,BackUp_3:movable_count,movability,C,C,1,1,,1,
task_asset_vqa_v2:BackUp_3:gemini:json_only,BackUp_3,gemini,json_only,BackUp_3:horizontal_relation,relative_position,A,A,1,1,,1,
task_asset_vqa_v2:BackUp_3:gemini:json_only,BackUp_3,gemini,json_only,BackUp_3:vertical_relation,relative_position,B,B,1,1,,1,
task_asset_vqa_v2:BackUp_3:gemini:json_only,BackUp_3,gemini,json_only,BackUp_3:red_quadrant,coarse_location,B,B,1,0,within_60px_of_x_or_y_divider,1,
task_asset_vqa_v2:BackUp_3:gemini:json_only,BackUp_3,gemini,json_only,BackUp_3:goal_quadrant,coarse_location,C,C,1,0,within_60px_of_x_or_y_divider,1,
task_asset_vqa_v2:BackUp_3:gemini:json_only,BackUp_3,gemini,json_only,BackUp_3:containment,containment,B,B,1,1,,1,
task_asset_vqa_v2:BackUp_3:gemini:json_only,BackUp_3,gemini,json_only,BackUp_3:movable_object_relation,movable_object_relation,F,F,1,1,,1,
task_asset_vqa_v2:BackUp_2:gemini:json_only,BackUp_2,gemini,json_only,BackUp_2:red_shape,shape,D,D,1,1,,1,
task_asset_vqa_v2:BackUp_2:gemini:json_only,BackUp_2,gemini,json_only,BackUp_2:goal_shape,shape,A,A,1,1,,1,
task_asset_vqa_v2:BackUp_2:gemini:json_only,BackUp_2,gemini,json_only,BackUp_2:blue_count,count_color,B,B,1,1,,1,
task_asset_vqa_v2:BackUp_2:gemini:json_only,BackUp_2,gemini,json_only,BackUp_2:colored_count,count_color,C,C,1,1,,1,
task_asset_vqa_v2:BackUp_2:gemini:json_only,BackUp_2,gemini,json_only,BackUp_2:movable_count,movability,D,D,1,1,,1,
task_asset_vqa_v2:BackUp_2:gemini:json_only,BackUp_2,gemini,json_only,BackUp_2:horizontal_relation,relative_position,B,B,1,1,,1,
task_asset_vqa_v2:BackUp_2:gemini:json_only,BackUp_2,gemini,json_only,BackUp_2:vertical_relation,relative_position,C,C,1,1,,1,
task_asset_vqa_v2:BackUp_2:gemini:json_only,BackUp_2,gemini,json_only,BackUp_2:red_quadrant,coarse_location,C,C,1,0,within_60px_of_x_or_y_divider,1,
task_asset_vqa_v2:BackUp_2:gemini:json_only,BackUp_2,gemini,json_only,BackUp_2:goal_quadrant,coarse_location,D,D,1,1,,1,
task_asset_vqa_v2:BackUp_2:gemini:json_only,BackUp_2,gemini,json_only,BackUp_2:containment,containment,A,A,1,1,,1,
task_asset_vqa_v2:BackUp_2:gemini:json_only,BackUp_2,gemini,json_only,BackUp_2:movable_object_relation,movable_object_relation,D,D,1,1,,1,
task_asset_vqa_v2:BackUp_4:gemini:image_only,BackUp_4,gemini,image_only,BackUp_4:red_shape,shape,B,B,1,1,,1,
task_asset_vqa_v2:BackUp_4:gemini:image_only,BackUp_4,gemini,image_only,BackUp_4:goal_shape,shape,A,C,0,1,,1,
task_asset_vqa_v2:BackUp_4:gemini:image_only,BackUp_4,gemini,image_only,BackUp_4:blue_count,count_color,D,D,1,1,,1,
task_asset_vqa_v2:BackUp_4:gemini:image_only,BackUp_4,gemini,image_only,BackUp_4:colored_count,count_color,A,A,1,1,,1,
task_asset_vqa_v2:BackUp_4:gemini:image_only,BackUp_4,gemini,image_only,BackUp_4:movable_count,movability,B,B,1,1,,1,
task_asset_vqa_v2:BackUp_4:gemini:image_only,BackUp_4,gemini,image_only,BackUp_4:horizontal_relation,relative_position,C,C,1,1,,1,
task_asset_vqa_v2:BackUp_4:gemini:image_only,BackUp_4,gemini,image_only,BackUp_4:vertical_relation,relative_position,A,A,1,1,,1,
task_asset_vqa_v2:BackUp_4:gemini:image_only,BackUp_4,gemini,image_only,BackUp_4:red_quadrant,coarse_location,A,A,1,0,within_60px_of_x_or_y_divider,1,
task_asset_vqa_v2:BackUp_4:gemini:image_only,BackUp_4,gemini,image_only,BackUp_4:goal_quadrant,coarse_location,B,B,1,1,,1,
task_asset_vqa_v2:BackUp_4:gemini:image_only,BackUp_4,gemini,image_only,BackUp_4:containment,containment,A,A,1,1,,1,
task_asset_vqa_v2:BackUp_4:gemini:image_only,BackUp_4,gemini,image_only,BackUp_4:movable_object_relation,movable_object_relation,H,H,1,1,,1,
task_asset_vqa_v2:BackUp_5:gemini:image_only,BackUp_5,gemini,image_only,BackUp_5:red_shape,shape,A,A,1,1,,1,
task_asset_vqa_v2:BackUp_5:gemini:image_only,BackUp_5,gemini,image_only,BackUp_5:goal_shape,shape,B,B,1,1,,1,
task_asset_vqa_v2:BackUp_5:gemini:image_only,BackUp_5,gemini,image_only,BackUp_5:blue_count,count_color,C,C,1,1,,1,
task_asset_vqa_v2:BackUp_5:gemini:image_only,BackUp_5,gemini,image_only,BackUp_5:colored_count,count_color,F,F,1,1,,1,
task_asset_vqa_v2:BackUp_5:gemini:image_only,BackUp_5,gemini,image_only,BackUp_5:movable_count,movability,A,A,1,1,,1,
task_asset_vqa_v2:BackUp_5:gemini:image_only,BackUp_5,gemini,image_only,BackUp_5:horizontal_relation,relative_position,B,B,1,1,,1,
task_asset_vqa_v2:BackUp_5:gemini:image_only,BackUp_5,gemini,image_only,BackUp_5:vertical_relation,relative_position,C,C,1,1,,1,
task_asset_vqa_v2:BackUp_5:gemini:image_only,BackUp_5,gemini,image_only,BackUp_5:red_quadrant,coarse_location,D,D,1,1,,1,
task_asset_vqa_v2:BackUp_5:gemini:image_only,BackUp_5,gemini,image_only,BackUp_5:goal_quadrant,coarse_location,A,A,1,1,,1,
task_asset_vqa_v2:BackUp_5:gemini:image_only,BackUp_5,gemini,image_only,BackUp_5:containment,containment,B,B,1,1,,1,
task_asset_vqa_v2:BackUp_5:gemini:image_only,BackUp_5,gemini,image_only,BackUp_5:movable_object_relation,movable_object_relation,A,A,1,1,,1,
task_asset_vqa_v2:BackUp_3:gemini:image_only,BackUp_3,gemini,image_only,BackUp_3:red_shape,shape,C,C,1,1,,1,
task_asset_vqa_v2:BackUp_3:gemini:image_only,BackUp_3,gemini,image_only,BackUp_3:goal_shape,shape,C,D,0,1,,1,
task_asset_vqa_v2:BackUp_3:gemini:image_only,BackUp_3,gemini,image_only,BackUp_3:blue_count,count_color,A,A,1,1,,1,
task_asset_vqa_v2:BackUp_3:gemini:image_only,BackUp_3,gemini,image_only,BackUp_3:colored_count,count_color,B,B,1,1,,1,
task_asset_vqa_v2:BackUp_3:gemini:image_only,BackUp_3,gemini,image_only,BackUp_3:movable_count,movability,C,C,1,1,,1,
task_asset_vqa_v2:BackUp_3:gemini:image_only,BackUp_3,gemini,image_only,BackUp_3:horizontal_relation,relative_position,A,A,1,1,,1,
task_asset_vqa_v2:BackUp_3:gemini:image_only,BackUp_3,gemini,image_only,BackUp_3:vertical_relation,relative_position,B,B,1,1,,1,
task_asset_vqa_v2:BackUp_3:gemini:image_only,BackUp_3,gemini,image_only,BackUp_3:red_quadrant,coarse_location,B,B,1,0,within_60px_of_x_or_y_divider,1,
task_asset_vqa_v2:BackUp_3:gemini:image_only,BackUp_3,gemini,image_only,BackUp_3:goal_quadrant,coarse_location,C,C,1,0,within_60px_of_x_or_y_divider,1,
task_asset_vqa_v2:BackUp_3:gemini:image_only,BackUp_3,gemini,image_only,BackUp_3:containment,containment,B,B,1,1,,1,
task_asset_vqa_v2:BackUp_3:gemini:image_only,BackUp_3,gemini,image_only,BackUp_3:movable_object_relation,movable_object_relation,F,F,1,1,,1,
task_asset_vqa_v2:BackUp_5:gemini:json_only,BackUp_5,gemini,json_only,BackUp_5:red_shape,shape,A,A,1,1,,1,
task_asset_vqa_v2:BackUp_5:gemini:json_only,BackUp_5,gemini,json_only,BackUp_5:goal_shape,shape,B,B,1,1,,1,
task_asset_vqa_v2:BackUp_5:gemini:json_only,BackUp_5,gemini,json_only,BackUp_5:blue_count,count_color,C,C,1,1,,1,
task_asset_vqa_v2:BackUp_5:gemini:json_only,BackUp_5,gemini,json_only,BackUp_5:colored_count,count_color,F,F,1,1,,1,
task_asset_vqa_v2:BackUp_5:gemini:json_only,BackUp_5,gemini,json_only,BackUp_5:movable_count,movability,A,A,1,1,,1,
task_asset_vqa_v2:BackUp_5:gemini:json_only,BackUp_5,gemini,json_only,BackUp_5:horizontal_relation,relative_position,B,B,1,1,,1,
task_asset_vqa_v2:BackUp_5:gemini:json_only,BackUp_5,gemini,json_only,BackUp_5:vertical_relation,relative_position,C,C,1,1,,1,
task_asset_vqa_v2:BackUp_5:gemini:json_only,BackUp_5,gemini,json_only,BackUp_5:red_quadrant,coarse_location,D,D,1,1,,1,
task_asset_vqa_v2:BackUp_5:gemini:json_only,BackUp_5,gemini,json_only,BackUp_5:goal_quadrant,coarse_location,A,A,1,1,,1,
task_asset_vqa_v2:BackUp_5:gemini:json_only,BackUp_5,gemini,json_only,BackUp_5:containment,containment,B,B,1,1,,1,
task_asset_vqa_v2:BackUp_5:gemini:json_only,BackUp_5,gemini,json_only,BackUp_5:movable_object_relation,movable_object_relation,A,A,1,1,,1,
task_asset_vqa_v2:BackUp_7:gemini:image_only,BackUp_7,gemini,image_only,BackUp_7:red_shape,shape,C,C,1,1,,1,
task_asset_vqa_v2:BackUp_7:gemini:image_only,BackUp_7,gemini,image_only,BackUp_7:goal_shape,shape,D,D,1,1,,1,
task_asset_vqa_v2:BackUp_7:gemini:image_only,BackUp_7,gemini,image_only,BackUp_7:blue_count,count_color,A,A,1,1,,1,
task_asset_vqa_v2:BackUp_7:gemini:image_only,BackUp_7,gemini,image_only,BackUp_7:colored_count,count_color,D,D,1,1,,1,
task_asset_vqa_v2:BackUp_7:gemini:image_only,BackUp_7,gemini,image_only,BackUp_7:movable_count,movability,E,E,1,1,,1,
task_asset_vqa_v2:BackUp_7:gemini:image_only,BackUp_7,gemini,image_only,BackUp_7:horizontal_relation,relative_position,C,C,1,1,,1,
task_asset_vqa_v2:BackUp_7:gemini:image_only,BackUp_7,gemini,image_only,BackUp_7:vertical_relation,relative_position,A,A,1,1,,1,
task_asset_vqa_v2:BackUp_7:gemini:image_only,BackUp_7,gemini,image_only,BackUp_7:red_quadrant,coarse_location,B,B,1,0,within_60px_of_x_or_y_divider,1,
task_asset_vqa_v2:BackUp_7:gemini:image_only,BackUp_7,gemini,image_only,BackUp_7:goal_quadrant,coarse_location,C,C,1,1,,1,
task_asset_vqa_v2:BackUp_7:gemini:image_only,BackUp_7,gemini,image_only,BackUp_7:containment,containment,B,B,1,1,,1,
task_asset_vqa_v2:BackUp_7:gemini:image_only,BackUp_7,gemini,image_only,BackUp_7:movable_object_relation,movable_object_relation,B,B,1,1,,1,
task_asset_vqa_v2:BackUp_6:gemini:json_only,BackUp_6,gemini,json_only,BackUp_6:red_shape,shape,D,D,1,1,,1,
task_asset_vqa_v2:BackUp_6:gemini:json_only,BackUp_6,gemini,json_only,BackUp_6:goal_shape,shape,A,A,1,1,,1,
task_asset_vqa_v2:BackUp_6:gemini:json_only,BackUp_6,gemini,json_only,BackUp_6:blue_count,count_color,B,B,1,1,,1,
task_asset_vqa_v2:BackUp_6:gemini:json_only,BackUp_6,gemini,json_only,BackUp_6:colored_count,count_color,E,E,1,1,,1,
task_asset_vqa_v2:BackUp_6:gemini:json_only,BackUp_6,gemini,json_only,BackUp_6:movable_count,movability,F,F,1,1,,1,
task_asset_vqa_v2:BackUp_6:gemini:json_only,BackUp_6,gemini,json_only,BackUp_6:horizontal_relation,relative_position,A,A,1,1,,1,
task_asset_vqa_v2:BackUp_6:gemini:json_only,BackUp_6,gemini,json_only,BackUp_6:vertical_relation,relative_position,B,B,1,1,,1,
task_asset_vqa_v2:BackUp_6:gemini:json_only,BackUp_6,gemini,json_only,BackUp_6:red_quadrant,coarse_location,C,C,1,1,,1,
task_asset_vqa_v2:BackUp_6:gemini:json_only,BackUp_6,gemini,json_only,BackUp_6:goal_quadrant,coarse_location,D,D,1,0,within_60px_of_x_or_y_divider,1,
task_asset_vqa_v2:BackUp_6:gemini:json_only,BackUp_6,gemini,json_only,BackUp_6:containment,containment,A,A,1,1,,1,
task_asset_vqa_v2:BackUp_6:gemini:json_only,BackUp_6,gemini,json_only,BackUp_6:movable_object_relation,movable_object_relation,C,C,1,1,,1,
task_asset_vqa_v2:BackUp_7:gemini:json_only,BackUp_7,gemini,json_only,BackUp_7:red_shape,shape,C,C,1,1,,1,
task_asset_vqa_v2:BackUp_7:gemini:json_only,BackUp_7,gemini,json_only,BackUp_7:goal_shape,shape,D,D,1,1,,1,
task_asset_vqa_v2:BackUp_7:gemini:json_only,BackUp_7,gemini,json_only,BackUp_7:blue_count,count_color,A,A,1,1,,1,
task_asset_vqa_v2:BackUp_7:gemini:json_only,BackUp_7,gemini,json_only,BackUp_7:colored_count,count_color,D,D,1,1,,1,
task_asset_vqa_v2:BackUp_7:gemini:json_only,BackUp_7,gemini,json_only,BackUp_7:movable_count,movability,E,E,1,1,,1,
task_asset_vqa_v2:BackUp_7:gemini:json_only,BackUp_7,gemini,json_only,BackUp_7:horizontal_relation,relative_position,C,C,1,1,,1,
task_asset_vqa_v2:BackUp_7:gemini:json_only,BackUp_7,gemini,json_only,BackUp_7:vertical_relation,relative_position,A,A,1,1,,1,
task_asset_vqa_v2:BackUp_7:gemini:json_only,BackUp_7,gemini,json_only,BackUp_7:red_quadrant,coarse_location,B,B,1,0,within_60px_of_x_or_y_divider,1,
task_asset_vqa_v2:BackUp_7:gemini:json_only,BackUp_7,gemini,json_only,BackUp_7:goal_quadrant,coarse_location,C,C,1,1,,1,
task_asset_vqa_v2:BackUp_7:gemini:json_only,BackUp_7,gemini,json_only,BackUp_7:containment,containment,B,B,1,1,,1,
task_asset_vqa_v2:BackUp_7:gemini:json_only,BackUp_7,gemini,json_only,BackUp_7:movable_object_relation,movable_object_relation,B,B,1,1,,1,
task_asset_vqa_v2:BackUp_9:gemini:image_only,BackUp_9,gemini,image_only,BackUp_9:red_shape,shape,A,A,1,1,,1,
task_asset_vqa_v2:BackUp_9:gemini:image_only,BackUp_9,gemini,image_only,BackUp_9:goal_shape,shape,B,B,1,1,,1,
task_asset_vqa_v2:BackUp_9:gemini:image_only,BackUp_9,gemini,image_only,BackUp_9:blue_count,count_color,C,C,1,1,,1,
task_asset_vqa_v2:BackUp_9:gemini:image_only,BackUp_9,gemini,image_only,BackUp_9:colored_count,count_color,B,B,1,1,,1,
task_asset_vqa_v2:BackUp_9:gemini:image_only,BackUp_9,gemini,image_only,BackUp_9:movable_count,movability,C,C,1,1,,1,
task_asset_vqa_v2:BackUp_9:gemini:image_only,BackUp_9,gemini,image_only,BackUp_9:horizontal_relation,relative_position,A,A,1,1,,1,
task_asset_vqa_v2:BackUp_9:gemini:image_only,BackUp_9,gemini,image_only,BackUp_9:vertical_relation,relative_position,B,B,1,1,,1,
task_asset_vqa_v2:BackUp_9:gemini:image_only,BackUp_9,gemini,image_only,BackUp_9:red_quadrant,coarse_location,D,D,1,1,,1,
task_asset_vqa_v2:BackUp_9:gemini:image_only,BackUp_9,gemini,image_only,BackUp_9:goal_quadrant,coarse_location,A,A,1,1,,1,
task_asset_vqa_v2:BackUp_9:gemini:image_only,BackUp_9,gemini,image_only,BackUp_9:containment,containment,B,B,1,1,,1,
task_asset_vqa_v2:BackUp_9:gemini:image_only,BackUp_9,gemini,image_only,BackUp_9:movable_object_relation,movable_object_relation,I,I,1,1,,1,
task_asset_vqa_v2:BackUp_8:gemini:image_only,BackUp_8,gemini,image_only,BackUp_8:red_shape,shape,B,B,1,1,,1,
task_asset_vqa_v2:BackUp_8:gemini:image_only,BackUp_8,gemini,image_only,BackUp_8:goal_shape,shape,C,C,1,1,,1,
task_asset_vqa_v2:BackUp_8:gemini:image_only,BackUp_8,gemini,image_only,BackUp_8:blue_count,count_color,D,D,1,1,,1,
task_asset_vqa_v2:BackUp_8:gemini:image_only,BackUp_8,gemini,image_only,BackUp_8:colored_count,count_color,C,C,1,1,,1,
task_asset_vqa_v2:BackUp_8:gemini:image_only,BackUp_8,gemini,image_only,BackUp_8:movable_count,movability,D,D,1,1,,1,
task_asset_vqa_v2:BackUp_8:gemini:image_only,BackUp_8,gemini,image_only,BackUp_8:horizontal_relation,relative_position,B,B,1,1,,1,
task_asset_vqa_v2:BackUp_8:gemini:image_only,BackUp_8,gemini,image_only,BackUp_8:vertical_relation,relative_position,C,C,1,1,,1,
task_asset_vqa_v2:BackUp_8:gemini:image_only,BackUp_8,gemini,image_only,BackUp_8:red_quadrant,coarse_location,A,A,1,0,within_60px_of_x_or_y_divider,1,
task_asset_vqa_v2:BackUp_8:gemini:image_only,BackUp_8,gemini,image_only,BackUp_8:goal_quadrant,coarse_location,B,B,1,0,within_60px_of_x_or_y_divider,1,
task_asset_vqa_v2:BackUp_8:gemini:image_only,BackUp_8,gemini,image_only,BackUp_8:containment,containment,A,A,1,1,,1,
task_asset_vqa_v2:BackUp_8:gemini:image_only,BackUp_8,gemini,image_only,BackUp_8:movable_object_relation,movable_object_relation,G,G,1,1,,1,
task_asset_vqa_v2:BackUp_9:gemini:json_only,BackUp_9,gemini,json_only,BackUp_9:red_shape,shape,A,A,1,1,,1,
task_asset_vqa_v2:BackUp_9:gemini:json_only,BackUp_9,gemini,json_only,BackUp_9:goal_shape,shape,B,B,1,1,,1,
task_asset_vqa_v2:BackUp_9:gemini:json_only,BackUp_9,gemini,json_only,BackUp_9:blue_count,count_color,C,C,1,1,,1,
task_asset_vqa_v2:BackUp_9:gemini:json_only,BackUp_9,gemini,json_only,BackUp_9:colored_count,count_color,B,B,1,1,,1,
task_asset_vqa_v2:BackUp_9:gemini:json_only,BackUp_9,gemini,json_only,BackUp_9:movable_count,movability,C,C,1,1,,1,
task_asset_vqa_v2:BackUp_9:gemini:json_only,BackUp_9,gemini,json_only,BackUp_9:horizontal_relation,relative_position,A,A,1,1,,1,
task_asset_vqa_v2:BackUp_9:gemini:json_only,BackUp_9,gemini,json_only,BackUp_9:vertical_relation,relative_position,B,B,1,1,,1,
task_asset_vqa_v2:BackUp_9:gemini:json_only,BackUp_9,gemini,json_only,BackUp_9:red_quadrant,coarse_location,D,D,1,1,,1,
task_asset_vqa_v2:BackUp_9:gemini:json_only,BackUp_9,gemini,json_only,BackUp_9:goal_quadrant,coarse_location,A,A,1,1,,1,
task_asset_vqa_v2:BackUp_9:gemini:json_only,BackUp_9,gemini,json_only,BackUp_9:containment,containment,B,B,1,1,,1,
task_asset_vqa_v2:BackUp_9:gemini:json_only,BackUp_9,gemini,json_only,BackUp_9:movable_object_relation,movable_object_relation,I,I,1,1,,1,
task_asset_vqa_v2:BackUp_8:gemini:json_only,BackUp_8,gemini,json_only,BackUp_8:red_shape,shape,B,B,1,1,,1,
task_asset_vqa_v2:BackUp_8:gemini:json_only,BackUp_8,gemini,json_only,BackUp_8:goal_shape,shape,C,C,1,1,,1,
task_asset_vqa_v2:BackUp_8:gemini:json_only,BackUp_8,gemini,json_only,BackUp_8:blue_count,count_color,D,D,1,1,,1,
task_asset_vqa_v2:BackUp_8:gemini:json_only,BackUp_8,gemini,json_only,BackUp_8:colored_count,count_color,C,C,1,1,,1,
task_asset_vqa_v2:BackUp_8:gemini:json_only,BackUp_8,gemini,json_only,BackUp_8:movable_count,movability,D,D,1,1,,1,
task_asset_vqa_v2:BackUp_8:gemini:json_only,BackUp_8,gemini,json_only,BackUp_8:horizontal_relation,relative_position,B,B,1,1,,1,
task_asset_vqa_v2:BackUp_8:gemini:json_only,BackUp_8,gemini,json_only,BackUp_8:vertical_relation,relative_position,C,C,1,1,,1,
task_asset_vqa_v2:BackUp_8:gemini:json_only,BackUp_8,gemini,json_only,BackUp_8:red_quadrant,coarse_location,A,A,1,0,within_60px_of_x_or_y_divider,1,
task_asset_vqa_v2:BackUp_8:gemini:json_only,BackUp_8,gemini,json_only,BackUp_8:goal_quadrant,coarse_location,B,B,1,0,within_60px_of_x_or_y_divider,1,
task_asset_vqa_v2:BackUp_8:gemini:json_only,BackUp_8,gemini,json_only,BackUp_8:containment,containment,A,A,1,1,,1,
task_asset_vqa_v2:BackUp_8:gemini:json_only,BackUp_8,gemini,json_only,BackUp_8:movable_object_relation,movable_object_relation,G,G,1,1,,1,
task_asset_vqa_v2:BalanceUnder_10:gemini:image_only,BalanceUnder_10,gemini,image_only,BalanceUnder_10:red_shape,shape,D,D,1,1,,1,
task_asset_vqa_v2:BalanceUnder_10:gemini:image_only,BalanceUnder_10,gemini,image_only,BalanceUnder_10:goal_shape,shape,D,A,0,1,,1,
task_asset_vqa_v2:BalanceUnder_10:gemini:image_only,BalanceUnder_10,gemini,image_only,BalanceUnder_10:blue_count,count_color,B,B,1,1,,1,
task_asset_vqa_v2:BalanceUnder_10:gemini:image_only,BalanceUnder_10,gemini,image_only,BalanceUnder_10:colored_count,count_color,A,A,1,1,,1,
task_asset_vqa_v2:BalanceUnder_10:gemini:image_only,BalanceUnder_10,gemini,image_only,BalanceUnder_10:movable_count,movability,B,B,1,1,,1,
task_asset_vqa_v2:BalanceUnder_10:gemini:image_only,BalanceUnder_10,gemini,image_only,BalanceUnder_10:horizontal_relation,relative_position,C,C,1,1,,1,
task_asset_vqa_v2:BalanceUnder_10:gemini:image_only,BalanceUnder_10,gemini,image_only,BalanceUnder_10:vertical_relation,relative_position,A,A,1,1,,1,
task_asset_vqa_v2:BalanceUnder_10:gemini:image_only,BalanceUnder_10,gemini,image_only,BalanceUnder_10:red_quadrant,coarse_location,C,C,1,0,within_60px_of_x_or_y_divider,1,
task_asset_vqa_v2:BalanceUnder_10:gemini:image_only,BalanceUnder_10,gemini,image_only,BalanceUnder_10:goal_quadrant,coarse_location,D,D,1,1,,1,
task_asset_vqa_v2:BalanceUnder_10:gemini:image_only,BalanceUnder_10,gemini,image_only,BalanceUnder_10:containment,containment,A,A,1,1,,1,
task_asset_vqa_v2:BalanceUnder_10:gemini:image_only,BalanceUnder_10,gemini,image_only,BalanceUnder_10:movable_object_relation,movable_object_relation,B,B,1,1,,1,
task_asset_vqa_v2:BalanceUnder_2:gemini:json_only,BalanceUnder_2,gemini,json_only,BalanceUnder_2:red_shape,shape,C,C,1,1,,1,
task_asset_vqa_v2:BalanceUnder_2:gemini:json_only,BalanceUnder_2,gemini,json_only,BalanceUnder_2:goal_shape,shape,D,D,1,1,,1,
task_asset_vqa_v2:BalanceUnder_2:gemini:json_only,BalanceUnder_2,gemini,json_only,BalanceUnder_2:blue_count,count_color,A,A,1,1,,1,
task_asset_vqa_v2:BalanceUnder_2:gemini:json_only,BalanceUnder_2,gemini,json_only,BalanceUnder_2:colored_count,count_color,F,F,1,1,,1,
task_asset_vqa_v2:BalanceUnder_2:gemini:json_only,BalanceUnder_2,gemini,json_only,BalanceUnder_2:movable_count,movability,A,A,1,1,,1,
task_asset_vqa_v2:BalanceUnder_2:gemini:json_only,BalanceUnder_2,gemini,json_only,BalanceUnder_2:horizontal_relation,relative_position,B,B,1,1,,1,
task_asset_vqa_v2:BalanceUnder_2:gemini:json_only,BalanceUnder_2,gemini,json_only,BalanceUnder_2:vertical_relation,relative_position,C,C,1,1,,1,
task_asset_vqa_v2:BalanceUnder_2:gemini:json_only,BalanceUnder_2,gemini,json_only,BalanceUnder_2:red_quadrant,coarse_location,B,B,1,1,,1,
task_asset_vqa_v2:BalanceUnder_2:gemini:json_only,BalanceUnder_2,gemini,json_only,BalanceUnder_2:goal_quadrant,coarse_location,C,C,1,1,,1,
task_asset_vqa_v2:BalanceUnder_2:gemini:json_only,BalanceUnder_2,gemini,json_only,BalanceUnder_2:containment,containment,B,B,1,1,,1,
task_asset_vqa_v2:BalanceUnder_2:gemini:json_only,BalanceUnder_2,gemini,json_only,BalanceUnder_2:movable_object_relation,movable_object_relation,A,A,1,1,,1,
task_asset_vqa_v2:BalanceUnder_2:gemini:image_only,BalanceUnder_2,gemini,image_only,BalanceUnder_2:red_shape,shape,C,C,1,1,,1,
task_asset_vqa_v2:BalanceUnder_2:gemini:image_only,BalanceUnder_2,gemini,image_only,BalanceUnder_2:goal_shape,shape,C,D,0,1,,1,
task_asset_vqa_v2:BalanceUnder_2:gemini:image_only,BalanceUnder_2,gemini,image_only,BalanceUnder_2:blue_count,count_color,A,A,1,1,,1,
task_asset_vqa_v2:BalanceUnder_2:gemini:image_only,BalanceUnder_2,gemini,image_only,BalanceUnder_2:colored_count,count_color,F,F,1,1,,1,
task_asset_vqa_v2:BalanceUnder_2:gemini:image_only,BalanceUnder_2,gemini,image_only,BalanceUnder_2:movable_count,movability,A,A,1,1,,1,
task_asset_vqa_v2:BalanceUnder_2:gemini:image_only,BalanceUnder_2,gemini,image_only,BalanceUnder_2:horizontal_relation,relative_position,B,B,1,1,,1,
task_asset_vqa_v2:BalanceUnder_2:gemini:image_only,BalanceUnder_2,gemini,image_only,BalanceUnder_2:vertical_relation,relative_position,C,C,1,1,,1,
task_asset_vqa_v2:BalanceUnder_2:gemini:image_only,BalanceUnder_2,gemini,image_only,BalanceUnder_2:red_quadrant,coarse_location,B,B,1,1,,1,
task_asset_vqa_v2:BalanceUnder_2:gemini:image_only,BalanceUnder_2,gemini,image_only,BalanceUnder_2:goal_quadrant,coarse_location,C,C,1,1,,1,
task_asset_vqa_v2:BalanceUnder_2:gemini:image_only,BalanceUnder_2,gemini,image_only,BalanceUnder_2:containment,containment,B,B,1,1,,1,
task_asset_vqa_v2:BalanceUnder_2:gemini:image_only,BalanceUnder_2,gemini,image_only,BalanceUnder_2:movable_object_relation,movable_object_relation,A,A,1,1,,1,
task_asset_vqa_v2:BalanceUnder_3:gemini:image_only,BalanceUnder_3,gemini,image_only,BalanceUnder_3:red_shape,shape,B,B,1,1,,1,
task_asset_vqa_v2:BalanceUnder_3:gemini:image_only,BalanceUnder_3,gemini,image_only,BalanceUnder_3:goal_shape,shape,C,C,1,1,,1,
task_asset_vqa_v2:BalanceUnder_3:gemini:image_only,BalanceUnder_3,gemini,image_only,BalanceUnder_3:blue_count,count_color,D,D,1,1,,1,
task_asset_vqa_v2:BalanceUnder_3:gemini:image_only,BalanceUnder_3,gemini,image_only,BalanceUnder_3:colored_count,count_color,E,E,1,1,,1,
task_asset_vqa_v2:BalanceUnder_3:gemini:image_only,BalanceUnder_3,gemini,image_only,BalanceUnder_3:movable_count,movability,F,F,1,1,,1,
task_asset_vqa_v2:BalanceUnder_3:gemini:image_only,BalanceUnder_3,gemini,image_only,BalanceUnder_3:horizontal_relation,relative_position,A,A,1,1,,1,
task_asset_vqa_v2:BalanceUnder_3:gemini:image_only,BalanceUnder_3,gemini,image_only,BalanceUnder_3:vertical_relation,relative_position,B,B,1,1,,1,
task_asset_vqa_v2:BalanceUnder_3:gemini:image_only,BalanceUnder_3,gemini,image_only,BalanceUnder_3:red_quadrant,coarse_location,A,A,1,1,,1,
task_asset_vqa_v2:BalanceUnder_3:gemini:image_only,BalanceUnder_3,gemini,image_only,BalanceUnder_3:goal_quadrant,coarse_location,B,B,1,1,,1,
task_asset_vqa_v2:BalanceUnder_3:gemini:image_only,BalanceUnder_3,gemini,image_only,BalanceUnder_3:containment,containment,A,A,1,1,,1,
task_asset_vqa_v2:BalanceUnder_3:gemini:image_only,BalanceUnder_3,gemini,image_only,BalanceUnder_3:movable_object_relation,movable_object_relation,C,C,1,1,,1,
task_asset_vqa_v2:BalanceUnder_3:gemini:json_only,BalanceUnder_3,gemini,json_only,BalanceUnder_3:red_shape,shape,B,B,1,1,,1,
task_asset_vqa_v2:BalanceUnder_3:gemini:json_only,BalanceUnder_3,gemini,json_only,BalanceUnder_3:goal_shape,shape,C,C,1,1,,1,
task_asset_vqa_v2:BalanceUnder_3:gemini:json_only,BalanceUnder_3,gemini,json_only,BalanceUnder_3:blue_count,count_color,D,D,1,1,,1,
task_asset_vqa_v2:BalanceUnder_3:gemini:json_only,BalanceUnder_3,gemini,json_only,BalanceUnder_3:colored_count,count_color,E,E,1,1,,1,
task_asset_vqa_v2:BalanceUnder_3:gemini:json_only,BalanceUnder_3,gemini,json_only,BalanceUnder_3:movable_count,movability,F,F,1,1,,1,
task_asset_vqa_v2:BalanceUnder_3:gemini:json_only,BalanceUnder_3,gemini,json_only,BalanceUnder_3:horizontal_relation,relative_position,A,A,1,1,,1,
task_asset_vqa_v2:BalanceUnder_3:gemini:json_only,BalanceUnder_3,gemini,json_only,BalanceUnder_3:vertical_relation,relative_position,B,B,1,1,,1,
task_asset_vqa_v2:BalanceUnder_3:gemini:json_only,BalanceUnder_3,gemini,json_only,BalanceUnder_3:red_quadrant,coarse_location,A,A,1,1,,1,
task_asset_vqa_v2:BalanceUnder_3:gemini:json_only,BalanceUnder_3,gemini,json_only,BalanceUnder_3:goal_quadrant,coarse_location,B,B,1,1,,1,
task_asset_vqa_v2:BalanceUnder_3:gemini:json_only,BalanceUnder_3,gemini,json_only,BalanceUnder_3:containment,containment,A,A,1,1,,1,
task_asset_vqa_v2:BalanceUnder_3:gemini:json_only,BalanceUnder_3,gemini,json_only,BalanceUnder_3:movable_object_relation,movable_object_relation,C,C,1,1,,1,
task_asset_vqa_v2:BalanceUnder_10:gemini:json_only,BalanceUnder_10,gemini,json_only,BalanceUnder_10:red_shape,shape,D,D,1,1,,1,
task_asset_vqa_v2:BalanceUnder_10:gemini:json_only,BalanceUnder_10,gemini,json_only,BalanceUnder_10:goal_shape,shape,A,A,1,1,,1,
task_asset_vqa_v2:BalanceUnder_10:gemini:json_only,BalanceUnder_10,gemini,json_only,BalanceUnder_10:blue_count,count_color,B,B,1,1,,1,
task_asset_vqa_v2:BalanceUnder_10:gemini:json_only,BalanceUnder_10,gemini,json_only,BalanceUnder_10:colored_count,count_color,A,A,1,1,,1,
task_asset_vqa_v2:BalanceUnder_10:gemini:json_only,BalanceUnder_10,gemini,json_only,BalanceUnder_10:movable_count,movability,B,B,1,1,,1,
task_asset_vqa_v2:BalanceUnder_10:gemini:json_only,BalanceUnder_10,gemini,json_only,BalanceUnder_10:horizontal_relation,relative_position,C,C,1,1,,1,
task_asset_vqa_v2:BalanceUnder_10:gemini:json_only,BalanceUnder_10,gemini,json_only,BalanceUnder_10:vertical_relation,relative_position,A,A,1,1,,1,
task_asset_vqa_v2:BalanceUnder_10:gemini:json_only,BalanceUnder_10,gemini,json_only,BalanceUnder_10:red_quadrant,coarse_location,C,C,1,0,within_60px_of_x_or_y_divider,1,
task_asset_vqa_v2:BalanceUnder_10:gemini:json_only,BalanceUnder_10,gemini,json_only,BalanceUnder_10:goal_quadrant,coarse_location,D,D,1,1,,1,
task_asset_vqa_v2:BalanceUnder_10:gemini:json_only,BalanceUnder_10,gemini,json_only,BalanceUnder_10:containment,containment,A,A,1,1,,1,
task_asset_vqa_v2:BalanceUnder_10:gemini:json_only,BalanceUnder_10,gemini,json_only,BalanceUnder_10:movable_object_relation,movable_object_relation,B,B,1,1,,1,
task_asset_vqa_v2:BalanceUnder_5:gemini:image_only,BalanceUnder_5,gemini,image_only,BalanceUnder_5:red_shape,shape,A,A,1,1,,1,
task_asset_vqa_v2:BalanceUnder_5:gemini:image_only,BalanceUnder_5,gemini,image_only,BalanceUnder_5:goal_shape,shape,B,B,1,1,,1,
task_asset_vqa_v2:BalanceUnder_5:gemini:image_only,BalanceUnder_5,gemini,image_only,BalanceUnder_5:blue_count,count_color,C,C,1,1,,1,
task_asset_vqa_v2:BalanceUnder_5:gemini:image_only,BalanceUnder_5,gemini,image_only,BalanceUnder_5:colored_count,count_color,D,D,1,1,,1,
task_asset_vqa_v2:BalanceUnder_5:gemini:image_only,BalanceUnder_5,gemini,image_only,BalanceUnder_5:movable_count,movability,E,E,1,1,,1,
task_asset_vqa_v2:BalanceUnder_5:gemini:image_only,BalanceUnder_5,gemini,image_only,BalanceUnder_5:horizontal_relation,relative_position,C,C,1,1,,1,
task_asset_vqa_v2:BalanceUnder_5:gemini:image_only,BalanceUnder_5,gemini,image_only,BalanceUnder_5:vertical_relation,relative_position,A,A,1,1,,1,
task_asset_vqa_v2:BalanceUnder_5:gemini:image_only,BalanceUnder_5,gemini,image_only,BalanceUnder_5:red_quadrant,coarse_location,D,D,1,0,within_60px_of_x_or_y_divider,1,
task_asset_vqa_v2:BalanceUnder_5:gemini:image_only,BalanceUnder_5,gemini,image_only,BalanceUnder_5:goal_quadrant,coarse_location,A,A,1,1,,1,
task_asset_vqa_v2:BalanceUnder_5:gemini:image_only,BalanceUnder_5,gemini,image_only,BalanceUnder_5:containment,containment,B,B,1,1,,1,
task_asset_vqa_v2:BalanceUnder_5:gemini:image_only,BalanceUnder_5,gemini,image_only,BalanceUnder_5:movable_object_relation,movable_object_relation,C,B,0,1,,1,
task_asset_vqa_v2:BalanceUnder_5:gemini:json_only,BalanceUnder_5,gemini,json_only,BalanceUnder_5:red_shape,shape,A,A,1,1,,1,
task_asset_vqa_v2:BalanceUnder_5:gemini:json_only,BalanceUnder_5,gemini,json_only,BalanceUnder_5:goal_shape,shape,B,B,1,1,,1,
task_asset_vqa_v2:BalanceUnder_5:gemini:json_only,BalanceUnder_5,gemini,json_only,BalanceUnder_5:blue_count,count_color,C,C,1,1,,1,
task_asset_vqa_v2:BalanceUnder_5:gemini:json_only,BalanceUnder_5,gemini,json_only,BalanceUnder_5:colored_count,count_color,D,D,1,1,,1,
task_asset_vqa_v2:BalanceUnder_5:gemini:json_only,BalanceUnder_5,gemini,json_only,BalanceUnder_5:movable_count,movability,E,E,1,1,,1,
task_asset_vqa_v2:BalanceUnder_5:gemini:json_only,BalanceUnder_5,gemini,json_only,BalanceUnder_5:horizontal_relation,relative_position,C,C,1,1,,1,
task_asset_vqa_v2:BalanceUnder_5:gemini:json_only,BalanceUnder_5,gemini,json_only,BalanceUnder_5:vertical_relation,relative_position,A,A,1,1,,1,
task_asset_vqa_v2:BalanceUnder_5:gemini:json_only,BalanceUnder_5,gemini,json_only,BalanceUnder_5:red_quadrant,coarse_location,D,D,1,0,within_60px_of_x_or_y_divider,1,
task_asset_vqa_v2:BalanceUnder_5:gemini:json_only,BalanceUnder_5,gemini,json_only,BalanceUnder_5:goal_quadrant,coarse_location,A,A,1,1,,1,
task_asset_vqa_v2:BalanceUnder_5:gemini:json_only,BalanceUnder_5,gemini,json_only,BalanceUnder_5:containment,containment,B,B,1,1,,1,
task_asset_vqa_v2:BalanceUnder_5:gemini:json_only,BalanceUnder_5,gemini,json_only,BalanceUnder_5:movable_object_relation,movable_object_relation,C,B,0,1,,1,
task_asset_vqa_v2:BalanceUnder_6:gemini:image_only,BalanceUnder_6,gemini,image_only,BalanceUnder_6:red_shape,shape,D,D,1,1,,1,
task_asset_vqa_v2:BalanceUnder_6:gemini:image_only,BalanceUnder_6,gemini,image_only,BalanceUnder_6:goal_shape,shape,A,A,1,1,,1,
task_asset_vqa_v2:BalanceUnder_6:gemini:image_only,BalanceUnder_6,gemini,image_only,BalanceUnder_6:blue_count,count_color,B,B,1,1,,1,
task_asset_vqa_v2:BalanceUnder_6:gemini:image_only,BalanceUnder_6,gemini,image_only,BalanceUnder_6:colored_count,count_color,C,C,1,1,,1,
task_asset_vqa_v2:BalanceUnder_6:gemini:image_only,BalanceUnder_6,gemini,image_only,BalanceUnder_6:movable_count,movability,D,D,1,1,,1,
task_asset_vqa_v2:BalanceUnder_6:gemini:image_only,BalanceUnder_6,gemini,image_only,BalanceUnder_6:horizontal_relation,relative_position,B,B,1,1,,1,
task_asset_vqa_v2:BalanceUnder_6:gemini:image_only,BalanceUnder_6,gemini,image_only,BalanceUnder_6:vertical_relation,relative_position,C,C,1,1,,1,
task_asset_vqa_v2:BalanceUnder_6:gemini:image_only,BalanceUnder_6,gemini,image_only,BalanceUnder_6:red_quadrant,coarse_location,C,C,1,0,within_60px_of_x_or_y_divider,1,
task_asset_vqa_v2:BalanceUnder_6:gemini:image_only,BalanceUnder_6,gemini,image_only,BalanceUnder_6:goal_quadrant,coarse_location,D,D,1,1,,1,
task_asset_vqa_v2:BalanceUnder_6:gemini:image_only,BalanceUnder_6,gemini,image_only,BalanceUnder_6:containment,containment,A,A,1,1,,1,
task_asset_vqa_v2:BalanceUnder_6:gemini:image_only,BalanceUnder_6,gemini,image_only,BalanceUnder_6:movable_object_relation,movable_object_relation,C,A,0,1,,1,
task_asset_vqa_v2:BalanceUnder_8:gemini:image_only,BalanceUnder_8,gemini,image_only,BalanceUnder_8:red_shape,shape,B,B,1,1,,1,
task_asset_vqa_v2:BalanceUnder_8:gemini:image_only,BalanceUnder_8,gemini,image_only,BalanceUnder_8:goal_shape,shape,C,C,1,1,,1,
task_asset_vqa_v2:BalanceUnder_8:gemini:image_only,BalanceUnder_8,gemini,image_only,BalanceUnder_8:blue_count,count_color,D,D,1,1,,1,
task_asset_vqa_v2:BalanceUnder_8:gemini:image_only,BalanceUnder_8,gemini,image_only,BalanceUnder_8:colored_count,count_color,A,A,1,1,,1,
task_asset_vqa_v2:BalanceUnder_8:gemini:image_only,BalanceUnder_8,gemini,image_only,BalanceUnder_8:movable_count,movability,B,B,1,1,,1,
task_asset_vqa_v2:BalanceUnder_8:gemini:image_only,BalanceUnder_8,gemini,image_only,BalanceUnder_8:horizontal_relation,relative_position,C,C,1,1,,1,
task_asset_vqa_v2:BalanceUnder_8:gemini:image_only,BalanceUnder_8,gemini,image_only,BalanceUnder_8:vertical_relation,relative_position,A,A,1,1,,1,
task_asset_vqa_v2:BalanceUnder_8:gemini:image_only,BalanceUnder_8,gemini,image_only,BalanceUnder_8:red_quadrant,coarse_location,A,A,1,0,within_60px_of_x_or_y_divider,1,
task_asset_vqa_v2:BalanceUnder_8:gemini:image_only,BalanceUnder_8,gemini,image_only,BalanceUnder_8:goal_quadrant,coarse_location,B,B,1,1,,1,
task_asset_vqa_v2:BalanceUnder_8:gemini:image_only,BalanceUnder_8,gemini,image_only,BalanceUnder_8:containment,containment,A,A,1,1,,1,
task_asset_vqa_v2:BalanceUnder_8:gemini:image_only,BalanceUnder_8,gemini,image_only,BalanceUnder_8:movable_object_relation,movable_object_relation,B,B,1,1,,1,
task_asset_vqa_v2:BalanceUnder_6:gemini:json_only,BalanceUnder_6,gemini,json_only,BalanceUnder_6:red_shape,shape,D,D,1,1,,1,
task_asset_vqa_v2:BalanceUnder_6:gemini:json_only,BalanceUnder_6,gemini,json_only,BalanceUnder_6:goal_shape,shape,A,A,1,1,,1,
task_asset_vqa_v2:BalanceUnder_6:gemini:json_only,BalanceUnder_6,gemini,json_only,BalanceUnder_6:blue_count,count_color,B,B,1,1,,1,
task_asset_vqa_v2:BalanceUnder_6:gemini:json_only,BalanceUnder_6,gemini,json_only,BalanceUnder_6:colored_count,count_color,C,C,1,1,,1,
task_asset_vqa_v2:BalanceUnder_6:gemini:json_only,BalanceUnder_6,gemini,json_only,BalanceUnder_6:movable_count,movability,D,D,1,1,,1,
task_asset_vqa_v2:BalanceUnder_6:gemini:json_only,BalanceUnder_6,gemini,json_only,BalanceUnder_6:horizontal_relation,relative_position,B,B,1,1,,1,
task_asset_vqa_v2:BalanceUnder_6:gemini:json_only,BalanceUnder_6,gemini,json_only,BalanceUnder_6:vertical_relation,relative_position,C,C,1,1,,1,
task_asset_vqa_v2:BalanceUnder_6:gemini:json_only,BalanceUnder_6,gemini,json_only,BalanceUnder_6:red_quadrant,coarse_location,C,C,1,0,within_60px_of_x_or_y_divider,1,
task_asset_vqa_v2:BalanceUnder_6:gemini:json_only,BalanceUnder_6,gemini,json_only,BalanceUnder_6:goal_quadrant,coarse_location,D,D,1,1,,1,
task_asset_vqa_v2:BalanceUnder_6:gemini:json_only,BalanceUnder_6,gemini,json_only,BalanceUnder_6:containment,containment,A,A,1,1,,1,
task_asset_vqa_v2:BalanceUnder_6:gemini:json_only,BalanceUnder_6,gemini,json_only,BalanceUnder_6:movable_object_relation,movable_object_relation,C,A,0,1,,1,
task_asset_vqa_v2:BalanceUnder_7:gemini:json_only,BalanceUnder_7,gemini,json_only,BalanceUnder_7:red_shape,shape,C,C,1,1,,1,
task_asset_vqa_v2:BalanceUnder_7:gemini:json_only,BalanceUnder_7,gemini,json_only,BalanceUnder_7:goal_shape,shape,D,D,1,1,,1,
task_asset_vqa_v2:BalanceUnder_7:gemini:json_only,BalanceUnder_7,gemini,json_only,BalanceUnder_7:blue_count,count_color,A,A,1,1,,1,
task_asset_vqa_v2:BalanceUnder_7:gemini:json_only,BalanceUnder_7,gemini,json_only,BalanceUnder_7:colored_count,count_color,B,B,1,1,,1,
task_asset_vqa_v2:BalanceUnder_7:gemini:json_only,BalanceUnder_7,gemini,json_only,BalanceUnder_7:movable_count,movability,C,C,1,1,,1,
task_asset_vqa_v2:BalanceUnder_7:gemini:json_only,BalanceUnder_7,gemini,json_only,BalanceUnder_7:horizontal_relation,relative_position,A,A,1,1,,1,
task_asset_vqa_v2:BalanceUnder_7:gemini:json_only,BalanceUnder_7,gemini,json_only,BalanceUnder_7:vertical_relation,relative_position,B,B,1,1,,1,
task_asset_vqa_v2:BalanceUnder_7:gemini:json_only,BalanceUnder_7,gemini,json_only,BalanceUnder_7:red_quadrant,coarse_location,B,B,1,0,within_60px_of_x_or_y_divider,1,
task_asset_vqa_v2:BalanceUnder_7:gemini:json_only,BalanceUnder_7,gemini,json_only,BalanceUnder_7:goal_quadrant,coarse_location,C,C,1,1,,1,
task_asset_vqa_v2:BalanceUnder_7:gemini:json_only,BalanceUnder_7,gemini,json_only,BalanceUnder_7:containment,containment,B,B,1,1,,1,
task_asset_vqa_v2:BalanceUnder_7:gemini:json_only,BalanceUnder_7,gemini,json_only,BalanceUnder_7:movable_object_relation,movable_object_relation,A,C,0,1,,1,
task_asset_vqa_v2:BalanceUnder_7:gemini:image_only,BalanceUnder_7,gemini,image_only,BalanceUnder_7:red_shape,shape,C,C,1,1,,1,
task_asset_vqa_v2:BalanceUnder_7:gemini:image_only,BalanceUnder_7,gemini,image_only,BalanceUnder_7:goal_shape,shape,D,D,1,1,,1,
task_asset_vqa_v2:BalanceUnder_7:gemini:image_only,BalanceUnder_7,gemini,image_only,BalanceUnder_7:blue_count,count_color,A,A,1,1,,1,
task_asset_vqa_v2:BalanceUnder_7:gemini:image_only,BalanceUnder_7,gemini,image_only,BalanceUnder_7:colored_count,count_color,B,B,1,1,,1,
task_asset_vqa_v2:BalanceUnder_7:gemini:image_only,BalanceUnder_7,gemini,image_only,BalanceUnder_7:movable_count,movability,C,C,1,1,,1,
task_asset_vqa_v2:BalanceUnder_7:gemini:image_only,BalanceUnder_7,gemini,image_only,BalanceUnder_7:horizontal_relation,relative_position,A,A,1,1,,1,
task_asset_vqa_v2:BalanceUnder_7:gemini:image_only,BalanceUnder_7,gemini,image_only,BalanceUnder_7:vertical_relation,relative_position,B,B,1,1,,1,
task_asset_vqa_v2:BalanceUnder_7:gemini:image_only,BalanceUnder_7,gemini,image_only,BalanceUnder_7:red_quadrant,coarse_location,B,B,1,0,within_60px_of_x_or_y_divider,1,
task_asset_vqa_v2:BalanceUnder_7:gemini:image_only,BalanceUnder_7,gemini,image_only,BalanceUnder_7:goal_quadrant,coarse_location,C,C,1,1,,1,
task_asset_vqa_v2:BalanceUnder_7:gemini:image_only,BalanceUnder_7,gemini,image_only,BalanceUnder_7:containment,containment,B,B,1,1,,1,
task_asset_vqa_v2:BalanceUnder_7:gemini:image_only,BalanceUnder_7,gemini,image_only,BalanceUnder_7:movable_object_relation,movable_object_relation,A,C,0,1,,1,
task_asset_vqa_v2:BackUp_6:gemini:image_only,BackUp_6,gemini,image_only,BackUp_6:red_shape,shape,D,D,1,1,,1,
task_asset_vqa_v2:BackUp_6:gemini:image_only,BackUp_6,gemini,image_only,BackUp_6:goal_shape,shape,A,A,1,1,,1,
task_asset_vqa_v2:BackUp_6:gemini:image_only,BackUp_6,gemini,image_only,BackUp_6:blue_count,count_color,B,B,1,1,,1,
task_asset_vqa_v2:BackUp_6:gemini:image_only,BackUp_6,gemini,image_only,BackUp_6:colored_count,count_color,E,E,1,1,,1,
task_asset_vqa_v2:BackUp_6:gemini:image_only,BackUp_6,gemini,image_only,BackUp_6:movable_count,movability,F,F,1,1,,1,
task_asset_vqa_v2:BackUp_6:gemini:image_only,BackUp_6,gemini,image_only,BackUp_6:horizontal_relation,relative_position,A,A,1,1,,1,
task_asset_vqa_v2:BackUp_6:gemini:image_only,BackUp_6,gemini,image_only,BackUp_6:vertical_relation,relative_position,B,B,1,1,,1,
task_asset_vqa_v2:BackUp_6:gemini:image_only,BackUp_6,gemini,image_only,BackUp_6:red_quadrant,coarse_location,C,C,1,1,,1,
task_asset_vqa_v2:BackUp_6:gemini:image_only,BackUp_6,gemini,image_only,BackUp_6:goal_quadrant,coarse_location,B,D,0,0,within_60px_of_x_or_y_divider,1,
task_asset_vqa_v2:BackUp_6:gemini:image_only,BackUp_6,gemini,image_only,BackUp_6:containment,containment,A,A,1,1,,1,
task_asset_vqa_v2:BackUp_6:gemini:image_only,BackUp_6,gemini,image_only,BackUp_6:movable_object_relation,movable_object_relation,C,C,1,1,,1,
task_asset_vqa_v2:BalanceUnder_8:gemini:json_only,BalanceUnder_8,gemini,json_only,BalanceUnder_8:red_shape,shape,B,B,1,1,,1,
task_asset_vqa_v2:BalanceUnder_8:gemini:json_only,BalanceUnder_8,gemini,json_only,BalanceUnder_8:goal_shape,shape,C,C,1,1,,1,
task_asset_vqa_v2:BalanceUnder_8:gemini:json_only,BalanceUnder_8,gemini,json_only,BalanceUnder_8:blue_count,count_color,D,D,1,1,,1,
task_asset_vqa_v2:BalanceUnder_8:gemini:json_only,BalanceUnder_8,gemini,json_only,BalanceUnder_8:colored_count,count_color,A,A,1,1,,1,
task_asset_vqa_v2:BalanceUnder_8:gemini:json_only,BalanceUnder_8,gemini,json_only,BalanceUnder_8:movable_count,movability,B,B,1,1,,1,
task_asset_vqa_v2:BalanceUnder_8:gemini:json_only,BalanceUnder_8,gemini,json_only,BalanceUnder_8:horizontal_relation,relative_position,C,C,1,1,,1,
task_asset_vqa_v2:BalanceUnder_8:gemini:json_only,BalanceUnder_8,gemini,json_only,BalanceUnder_8:vertical_relation,relative_position,A,A,1,1,,1,
task_asset_vqa_v2:BalanceUnder_8:gemini:json_only,BalanceUnder_8,gemini,json_only,BalanceUnder_8:red_quadrant,coarse_location,A,A,1,0,within_60px_of_x_or_y_divider,1,
task_asset_vqa_v2:BalanceUnder_8:gemini:json_only,BalanceUnder_8,gemini,json_only,BalanceUnder_8:goal_quadrant,coarse_location,B,B,1,1,,1,
task_asset_vqa_v2:BalanceUnder_8:gemini:json_only,BalanceUnder_8,gemini,json_only,BalanceUnder_8:containment,containment,A,A,1,1,,1,
task_asset_vqa_v2:BalanceUnder_8:gemini:json_only,BalanceUnder_8,gemini,json_only,BalanceUnder_8:movable_object_relation,movable_object_relation,B,B,1,1,,1,
task_asset_vqa_v2:Balance_1:gemini:json_only,Balance_1,gemini,json_only,Balance_1:red_shape,shape,A,A,1,1,,1,
task_asset_vqa_v2:Balance_1:gemini:json_only,Balance_1,gemini,json_only,Balance_1:goal_shape,shape,B,B,1,1,,1,
task_asset_vqa_v2:Balance_1:gemini:json_only,Balance_1,gemini,json_only,Balance_1:blue_count,count_color,C,C,1,1,,1,
task_asset_vqa_v2:Balance_1:gemini:json_only,Balance_1,gemini,json_only,Balance_1:colored_count,count_color,F,F,1,1,,1,
task_asset_vqa_v2:Balance_1:gemini:json_only,Balance_1,gemini,json_only,Balance_1:movable_count,movability,A,A,1,1,,1,
task_asset_vqa_v2:Balance_1:gemini:json_only,Balance_1,gemini,json_only,Balance_1:horizontal_relation,relative_position,B,B,1,1,,1,
task_asset_vqa_v2:Balance_1:gemini:json_only,Balance_1,gemini,json_only,Balance_1:vertical_relation,relative_position,C,C,1,1,,1,
task_asset_vqa_v2:Balance_1:gemini:json_only,Balance_1,gemini,json_only,Balance_1:red_quadrant,coarse_location,D,D,1,0,within_60px_of_x_or_y_divider,1,
task_asset_vqa_v2:Balance_1:gemini:json_only,Balance_1,gemini,json_only,Balance_1:goal_quadrant,coarse_location,A,A,1,1,,1,
task_asset_vqa_v2:Balance_1:gemini:json_only,Balance_1,gemini,json_only,Balance_1:containment,containment,B,B,1,1,,1,
task_asset_vqa_v2:Balance_1:gemini:json_only,Balance_1,gemini,json_only,Balance_1:movable_object_relation,movable_object_relation,A,A,1,1,,1,
task_asset_vqa_v2:Balance_1:gemini:image_only,Balance_1,gemini,image_only,Balance_1:red_shape,shape,A,A,1,1,,1,
task_asset_vqa_v2:Balance_1:gemini:image_only,Balance_1,gemini,image_only,Balance_1:goal_shape,shape,B,B,1,1,,1,
task_asset_vqa_v2:Balance_1:gemini:image_only,Balance_1,gemini,image_only,Balance_1:blue_count,count_color,C,C,1,1,,1,
task_asset_vqa_v2:Balance_1:gemini:image_only,Balance_1,gemini,image_only,Balance_1:colored_count,count_color,F,F,1,1,,1,
task_asset_vqa_v2:Balance_1:gemini:image_only,Balance_1,gemini,image_only,Balance_1:movable_count,movability,A,A,1,1,,1,
task_asset_vqa_v2:Balance_1:gemini:image_only,Balance_1,gemini,image_only,Balance_1:horizontal_relation,relative_position,B,B,1,1,,1,
task_asset_vqa_v2:Balance_1:gemini:image_only,Balance_1,gemini,image_only,Balance_1:vertical_relation,relative_position,C,C,1,1,,1,
task_asset_vqa_v2:Balance_1:gemini:image_only,Balance_1,gemini,image_only,Balance_1:red_quadrant,coarse_location,D,D,1,0,within_60px_of_x_or_y_divider,1,
task_asset_vqa_v2:Balance_1:gemini:image_only,Balance_1,gemini,image_only,Balance_1:goal_quadrant,coarse_location,A,A,1,1,,1,
task_asset_vqa_v2:Balance_1:gemini:image_only,Balance_1,gemini,image_only,Balance_1:containment,containment,B,B,1,1,,1,
task_asset_vqa_v2:Balance_1:gemini:image_only,Balance_1,gemini,image_only,Balance_1:movable_object_relation,movable_object_relation,A,A,1,1,,1,
task_asset_vqa_v2:Balance_10:gemini:json_only,Balance_10,gemini,json_only,Balance_10:red_shape,shape,D,D,1,1,,1,
task_asset_vqa_v2:Balance_10:gemini:json_only,Balance_10,gemini,json_only,Balance_10:goal_shape,shape,A,A,1,1,,1,
task_asset_vqa_v2:Balance_10:gemini:json_only,Balance_10,gemini,json_only,Balance_10:blue_count,count_color,B,B,1,1,,1,
task_asset_vqa_v2:Balance_10:gemini:json_only,Balance_10,gemini,json_only,Balance_10:colored_count,count_color,E,E,1,1,,1,
task_asset_vqa_v2:Balance_10:gemini:json_only,Balance_10,gemini,json_only,Balance_10:movable_count,movability,F,F,1,1,,1,
task_asset_vqa_v2:Balance_10:gemini:json_only,Balance_10,gemini,json_only,Balance_10:horizontal_relation,relative_position,A,A,1,1,,1,
task_asset_vqa_v2:Balance_10:gemini:json_only,Balance_10,gemini,json_only,Balance_10:vertical_relation,relative_position,B,B,1,1,,1,
task_asset_vqa_v2:Balance_10:gemini:json_only,Balance_10,gemini,json_only,Balance_10:red_quadrant,coarse_location,C,C,1,0,within_60px_of_x_or_y_divider,1,
task_asset_vqa_v2:Balance_10:gemini:json_only,Balance_10,gemini,json_only,Balance_10:goal_quadrant,coarse_location,D,D,1,1,,1,
task_asset_vqa_v2:Balance_10:gemini:json_only,Balance_10,gemini,json_only,Balance_10:containment,containment,A,A,1,1,,1,
task_asset_vqa_v2:Balance_10:gemini:json_only,Balance_10,gemini,json_only,Balance_10:movable_object_relation,movable_object_relation,C,C,1,1,,1,
task_asset_vqa_v2:Balance_2:gemini:json_only,Balance_2,gemini,json_only,Balance_2:red_shape,shape,C,C,1,1,,1,
task_asset_vqa_v2:Balance_2:gemini:json_only,Balance_2,gemini,json_only,Balance_2:goal_shape,shape,D,D,1,1,,1,
task_asset_vqa_v2:Balance_2:gemini:json_only,Balance_2,gemini,json_only,Balance_2:blue_count,count_color,A,A,1,1,,1,
task_asset_vqa_v2:Balance_2:gemini:json_only,Balance_2,gemini,json_only,Balance_2:colored_count,count_color,D,D,1,1,,1,
task_asset_vqa_v2:Balance_2:gemini:json_only,Balance_2,gemini,json_only,Balance_2:movable_count,movability,E,E,1,1,,1,
task_asset_vqa_v2:Balance_2:gemini:json_only,Balance_2,gemini,json_only,Balance_2:horizontal_relation,relative_position,C,C,1,1,,1,
task_asset_vqa_v2:Balance_2:gemini:json_only,Balance_2,gemini,json_only,Balance_2:vertical_relation,relative_position,A,A,1,1,,1,
task_asset_vqa_v2:Balance_2:gemini:json_only,Balance_2,gemini,json_only,Balance_2:red_quadrant,coarse_location,B,B,1,0,within_60px_of_x_or_y_divider,1,
task_asset_vqa_v2:Balance_2:gemini:json_only,Balance_2,gemini,json_only,Balance_2:goal_quadrant,coarse_location,C,C,1,1,,1,
task_asset_vqa_v2:Balance_2:gemini:json_only,Balance_2,gemini,json_only,Balance_2:containment,containment,B,B,1,1,,1,
task_asset_vqa_v2:Balance_2:gemini:json_only,Balance_2,gemini,json_only,Balance_2:movable_object_relation,movable_object_relation,B,B,1,1,,1,
task_asset_vqa_v2:Balance_10:gemini:image_only,Balance_10,gemini,image_only,Balance_10:red_shape,shape,D,D,1,1,,1,
task_asset_vqa_v2:Balance_10:gemini:image_only,Balance_10,gemini,image_only,Balance_10:goal_shape,shape,A,A,1,1,,1,
task_asset_vqa_v2:Balance_10:gemini:image_only,Balance_10,gemini,image_only,Balance_10:blue_count,count_color,B,B,1,1,,1,
task_asset_vqa_v2:Balance_10:gemini:image_only,Balance_10,gemini,image_only,Balance_10:colored_count,count_color,E,E,1,1,,1,
task_asset_vqa_v2:Balance_10:gemini:image_only,Balance_10,gemini,image_only,Balance_10:movable_count,movability,F,F,1,1,,1,
task_asset_vqa_v2:Balance_10:gemini:image_only,Balance_10,gemini,image_only,Balance_10:horizontal_relation,relative_position,A,A,1,1,,1,
task_asset_vqa_v2:Balance_10:gemini:image_only,Balance_10,gemini,image_only,Balance_10:vertical_relation,relative_position,B,B,1,1,,1,
task_asset_vqa_v2:Balance_10:gemini:image_only,Balance_10,gemini,image_only,Balance_10:red_quadrant,coarse_location,C,C,1,0,within_60px_of_x_or_y_divider,1,
task_asset_vqa_v2:Balance_10:gemini:image_only,Balance_10,gemini,image_only,Balance_10:goal_quadrant,coarse_location,D,D,1,1,,1,
task_asset_vqa_v2:Balance_10:gemini:image_only,Balance_10,gemini,image_only,Balance_10:containment,containment,A,A,1,1,,1,
task_asset_vqa_v2:Balance_10:gemini:image_only,Balance_10,gemini,image_only,Balance_10:movable_object_relation,movable_object_relation,C,C,1,1,,1,
task_asset_vqa_v2:Balance_2:gemini:image_only,Balance_2,gemini,image_only,Balance_2:red_shape,shape,C,C,1,1,,1,
task_asset_vqa_v2:Balance_2:gemini:image_only,Balance_2,gemini,image_only,Balance_2:goal_shape,shape,D,D,1,1,,1,
task_asset_vqa_v2:Balance_2:gemini:image_only,Balance_2,gemini,image_only,Balance_2:blue_count,count_color,A,A,1,1,,1,
task_asset_vqa_v2:Balance_2:gemini:image_only,Balance_2,gemini,image_only,Balance_2:colored_count,count_color,D,D,1,1,,1,
task_asset_vqa_v2:Balance_2:gemini:image_only,Balance_2,gemini,image_only,Balance_2:movable_count,movability,E,E,1,1,,1,
task_asset_vqa_v2:Balance_2:gemini:image_only,Balance_2,gemini,image_only,Balance_2:horizontal_relation,relative_position,C,C,1,1,,1,
task_asset_vqa_v2:Balance_2:gemini:image_only,Balance_2,gemini,image_only,Balance_2:vertical_relation,relative_position,A,A,1,1,,1,
task_asset_vqa_v2:Balance_2:gemini:image_only,Balance_2,gemini,image_only,Balance_2:red_quadrant,coarse_location,B,B,1,0,within_60px_of_x_or_y_divider,1,
task_asset_vqa_v2:Balance_2:gemini:image_only,Balance_2,gemini,image_only,Balance_2:goal_quadrant,coarse_location,C,C,1,1,,1,
task_asset_vqa_v2:Balance_2:gemini:image_only,Balance_2,gemini,image_only,Balance_2:containment,containment,B,B,1,1,,1,
task_asset_vqa_v2:Balance_2:gemini:image_only,Balance_2,gemini,image_only,Balance_2:movable_object_relation,movable_object_relation,B,B,1,1,,1,
task_asset_vqa_v2:Balance_5:gemini:image_only,Balance_5,gemini,image_only,Balance_5:red_shape,shape,D,D,1,1,,1,
task_asset_vqa_v2:Balance_5:gemini:image_only,Balance_5,gemini,image_only,Balance_5:goal_shape,shape,A,A,1,1,,1,
task_asset_vqa_v2:Balance_5:gemini:image_only,Balance_5,gemini,image_only,Balance_5:blue_count,count_color,B,B,1,1,,1,
task_asset_vqa_v2:Balance_5:gemini:image_only,Balance_5,gemini,image_only,Balance_5:colored_count,count_color,A,A,1,1,,1,
task_asset_vqa_v2:Balance_5:gemini:image_only,Balance_5,gemini,image_only,Balance_5:movable_count,movability,B,B,1,1,,1,
task_asset_vqa_v2:Balance_5:gemini:image_only,Balance_5,gemini,image_only,Balance_5:horizontal_relation,relative_position,C,C,1,1,,1,
task_asset_vqa_v2:Balance_5:gemini:image_only,Balance_5,gemini,image_only,Balance_5:vertical_relation,relative_position,A,A,1,1,,1,
task_asset_vqa_v2:Balance_5:gemini:image_only,Balance_5,gemini,image_only,Balance_5:red_quadrant,coarse_location,C,C,1,0,within_60px_of_x_or_y_divider,1,
task_asset_vqa_v2:Balance_5:gemini:image_only,Balance_5,gemini,image_only,Balance_5:goal_quadrant,coarse_location,D,D,1,1,,1,
task_asset_vqa_v2:Balance_5:gemini:image_only,Balance_5,gemini,image_only,Balance_5:containment,containment,A,A,1,1,,1,
task_asset_vqa_v2:Balance_5:gemini:image_only,Balance_5,gemini,image_only,Balance_5:movable_object_relation,movable_object_relation,B,B,1,1,,1,
task_asset_vqa_v2:Balance_3:gemini:json_only,Balance_3,gemini,json_only,Balance_3:red_shape,shape,B,B,1,1,,1,
task_asset_vqa_v2:Balance_3:gemini:json_only,Balance_3,gemini,json_only,Balance_3:goal_shape,shape,C,C,1,1,,1,
task_asset_vqa_v2:Balance_3:gemini:json_only,Balance_3,gemini,json_only,Balance_3:blue_count,count_color,D,D,1,1,,1,
task_asset_vqa_v2:Balance_3:gemini:json_only,Balance_3,gemini,json_only,Balance_3:colored_count,count_color,C,C,1,1,,1,
task_asset_vqa_v2:Balance_3:gemini:json_only,Balance_3,gemini,json_only,Balance_3:movable_count,movability,D,D,1,1,,1,
task_asset_vqa_v2:Balance_3:gemini:json_only,Balance_3,gemini,json_only,Balance_3:horizontal_relation,relative_position,B,B,1,1,,1,
task_asset_vqa_v2:Balance_3:gemini:json_only,Balance_3,gemini,json_only,Balance_3:vertical_relation,relative_position,C,C,1,1,,1,
task_asset_vqa_v2:Balance_3:gemini:json_only,Balance_3,gemini,json_only,Balance_3:red_quadrant,coarse_location,A,A,1,1,,1,
task_asset_vqa_v2:Balance_3:gemini:json_only,Balance_3,gemini,json_only,Balance_3:goal_quadrant,coarse_location,B,B,1,0,within_60px_of_x_or_y_divider,1,
task_asset_vqa_v2:Balance_3:gemini:json_only,Balance_3,gemini,json_only,Balance_3:containment,containment,A,A,1,1,,1,
task_asset_vqa_v2:Balance_3:gemini:json_only,Balance_3,gemini,json_only,Balance_3:movable_object_relation,movable_object_relation,A,A,1,1,,1,
task_asset_vqa_v2:Balance_3:gemini:image_only,Balance_3,gemini,image_only,Balance_3:red_shape,shape,B,B,1,1,,1,
task_asset_vqa_v2:Balance_3:gemini:image_only,Balance_3,gemini,image_only,Balance_3:goal_shape,shape,C,C,1,1,,1,
task_asset_vqa_v2:Balance_3:gemini:image_only,Balance_3,gemini,image_only,Balance_3:blue_count,count_color,D,D,1,1,,1,
task_asset_vqa_v2:Balance_3:gemini:image_only,Balance_3,gemini,image_only,Balance_3:colored_count,count_color,C,C,1,1,,1,
task_asset_vqa_v2:Balance_3:gemini:image_only,Balance_3,gemini,image_only,Balance_3:movable_count,movability,D,D,1,1,,1,
task_asset_vqa_v2:Balance_3:gemini:image_only,Balance_3,gemini,image_only,Balance_3:horizontal_relation,relative_position,B,B,1,1,,1,
task_asset_vqa_v2:Balance_3:gemini:image_only,Balance_3,gemini,image_only,Balance_3:vertical_relation,relative_position,C,C,1,1,,1,
task_asset_vqa_v2:Balance_3:gemini:image_only,Balance_3,gemini,image_only,Balance_3:red_quadrant,coarse_location,A,A,1,1,,1,
task_asset_vqa_v2:Balance_3:gemini:image_only,Balance_3,gemini,image_only,Balance_3:goal_quadrant,coarse_location,B,B,1,0,within_60px_of_x_or_y_divider,1,
task_asset_vqa_v2:Balance_3:gemini:image_only,Balance_3,gemini,image_only,Balance_3:containment,containment,A,A,1,1,,1,
task_asset_vqa_v2:Balance_3:gemini:image_only,Balance_3,gemini,image_only,Balance_3:movable_object_relation,movable_object_relation,A,A,1,1,,1,
task_asset_vqa_v2:Balance_4:gemini:json_only,Balance_4,gemini,json_only,Balance_4:red_shape,shape,A,A,1,1,,1,
task_asset_vqa_v2:Balance_4:gemini:json_only,Balance_4,gemini,json_only,Balance_4:goal_shape,shape,B,B,1,1,,1,
task_asset_vqa_v2:Balance_4:gemini:json_only,Balance_4,gemini,json_only,Balance_4:blue_count,count_color,C,C,1,1,,1,
task_asset_vqa_v2:Balance_4:gemini:json_only,Balance_4,gemini,json_only,Balance_4:colored_count,count_color,B,B,1,1,,1,
task_asset_vqa_v2:Balance_4:gemini:json_only,Balance_4,gemini,json_only,Balance_4:movable_count,movability,C,C,1,1,,1,
task_asset_vqa_v2:Balance_4:gemini:json_only,Balance_4,gemini,json_only,Balance_4:horizontal_relation,relative_position,B,A,0,1,,1,
task_asset_vqa_v2:Balance_4:gemini:json_only,Balance_4,gemini,json_only,Balance_4:vertical_relation,relative_position,B,B,1,1,,1,
task_asset_vqa_v2:Balance_4:gemini:json_only,Balance_4,gemini,json_only,Balance_4:red_quadrant,coarse_location,D,D,1,0,within_60px_of_x_or_y_divider,1,
task_asset_vqa_v2:Balance_4:gemini:json_only,Balance_4,gemini,json_only,Balance_4:goal_quadrant,coarse_location,A,A,1,1,,1,
task_asset_vqa_v2:Balance_4:gemini:json_only,Balance_4,gemini,json_only,Balance_4:containment,containment,B,B,1,1,,1,
task_asset_vqa_v2:Balance_4:gemini:json_only,Balance_4,gemini,json_only,Balance_4:movable_object_relation,movable_object_relation,C,C,1,1,,1,
task_asset_vqa_v2:Balance_4:gemini:image_only,Balance_4,gemini,image_only,Balance_4:red_shape,shape,A,A,1,1,,1,
task_asset_vqa_v2:Balance_4:gemini:image_only,Balance_4,gemini,image_only,Balance_4:goal_shape,shape,B,B,1,1,,1,
task_asset_vqa_v2:Balance_4:gemini:image_only,Balance_4,gemini,image_only,Balance_4:blue_count,count_color,C,C,1,1,,1,
task_asset_vqa_v2:Balance_4:gemini:image_only,Balance_4,gemini,image_only,Balance_4:colored_count,count_color,B,B,1,1,,1,
task_asset_vqa_v2:Balance_4:gemini:image_only,Balance_4,gemini,image_only,Balance_4:movable_count,movability,C,C,1,1,,1,
task_asset_vqa_v2:Balance_4:gemini:image_only,Balance_4,gemini,image_only,Balance_4:horizontal_relation,relative_position,B,A,0,1,,1,
task_asset_vqa_v2:Balance_4:gemini:image_only,Balance_4,gemini,image_only,Balance_4:vertical_relation,relative_position,B,B,1,1,,1,
task_asset_vqa_v2:Balance_4:gemini:image_only,Balance_4,gemini,image_only,Balance_4:red_quadrant,coarse_location,D,D,1,0,within_60px_of_x_or_y_divider,1,
task_asset_vqa_v2:Balance_4:gemini:image_only,Balance_4,gemini,image_only,Balance_4:goal_quadrant,coarse_location,A,A,1,1,,1,
task_asset_vqa_v2:Balance_4:gemini:image_only,Balance_4,gemini,image_only,Balance_4:containment,containment,B,B,1,1,,1,
task_asset_vqa_v2:Balance_4:gemini:image_only,Balance_4,gemini,image_only,Balance_4:movable_object_relation,movable_object_relation,C,C,1,1,,1,
task_asset_vqa_v2:Balance_5:gemini:json_only,Balance_5,gemini,json_only,Balance_5:red_shape,shape,D,D,1,1,,1,
task_asset_vqa_v2:Balance_5:gemini:json_only,Balance_5,gemini,json_only,Balance_5:goal_shape,shape,A,A,1,1,,1,
task_asset_vqa_v2:Balance_5:gemini:json_only,Balance_5,gemini,json_only,Balance_5:blue_count,count_color,B,B,1,1,,1,
task_asset_vqa_v2:Balance_5:gemini:json_only,Balance_5,gemini,json_only,Balance_5:colored_count,count_color,A,A,1,1,,1,
task_asset_vqa_v2:Balance_5:gemini:json_only,Balance_5,gemini,json_only,Balance_5:movable_count,movability,B,B,1,1,,1,
task_asset_vqa_v2:Balance_5:gemini:json_only,Balance_5,gemini,json_only,Balance_5:horizontal_relation,relative_position,C,C,1,1,,1,
task_asset_vqa_v2:Balance_5:gemini:json_only,Balance_5,gemini,json_only,Balance_5:vertical_relation,relative_position,A,A,1,1,,1,
task_asset_vqa_v2:Balance_5:gemini:json_only,Balance_5,gemini,json_only,Balance_5:red_quadrant,coarse_location,C,C,1,0,within_60px_of_x_or_y_divider,1,
task_asset_vqa_v2:Balance_5:gemini:json_only,Balance_5,gemini,json_only,Balance_5:goal_quadrant,coarse_location,D,D,1,1,,1,
task_asset_vqa_v2:Balance_5:gemini:json_only,Balance_5,gemini,json_only,Balance_5:containment,containment,A,A,1,1,,1,
task_asset_vqa_v2:Balance_5:gemini:json_only,Balance_5,gemini,json_only,Balance_5:movable_object_relation,movable_object_relation,B,B,1,1,,1,
task_asset_vqa_v2:Balance_7:gemini:json_only,Balance_7,gemini,json_only,Balance_7:red_shape,shape,C,C,1,1,,1,
task_asset_vqa_v2:Balance_7:gemini:json_only,Balance_7,gemini,json_only,Balance_7:goal_shape,shape,D,D,1,1,,1,
task_asset_vqa_v2:Balance_7:gemini:json_only,Balance_7,gemini,json_only,Balance_7:blue_count,count_color,A,A,1,1,,1,
task_asset_vqa_v2:Balance_7:gemini:json_only,Balance_7,gemini,json_only,Balance_7:colored_count,count_color,F,F,1,1,,1,
task_asset_vqa_v2:Balance_7:gemini:json_only,Balance_7,gemini,json_only,Balance_7:movable_count,movability,A,A,1,1,,1,
task_asset_vqa_v2:Balance_7:gemini:json_only,Balance_7,gemini,json_only,Balance_7:horizontal_relation,relative_position,B,B,1,1,,1,
task_asset_vqa_v2:Balance_7:gemini:json_only,Balance_7,gemini,json_only,Balance_7:vertical_relation,relative_position,C,C,1,1,,1,
task_asset_vqa_v2:Balance_7:gemini:json_only,Balance_7,gemini,json_only,Balance_7:red_quadrant,coarse_location,B,B,1,1,,1,
task_asset_vqa_v2:Balance_7:gemini:json_only,Balance_7,gemini,json_only,Balance_7:goal_quadrant,coarse_location,C,C,1,1,,1,
task_asset_vqa_v2:Balance_7:gemini:json_only,Balance_7,gemini,json_only,Balance_7:containment,containment,B,B,1,1,,1,
task_asset_vqa_v2:Balance_7:gemini:json_only,Balance_7,gemini,json_only,Balance_7:movable_object_relation,movable_object_relation,A,A,1,1,,1,
task_asset_vqa_v2:Balance_7:gemini:image_only,Balance_7,gemini,image_only,Balance_7:red_shape,shape,C,C,1,1,,1,
task_asset_vqa_v2:Balance_7:gemini:image_only,Balance_7,gemini,image_only,Balance_7:goal_shape,shape,D,D,1,1,,1,
task_asset_vqa_v2:Balance_7:gemini:image_only,Balance_7,gemini,image_only,Balance_7:blue_count,count_color,A,A,1,1,,1,
task_asset_vqa_v2:Balance_7:gemini:image_only,Balance_7,gemini,image_only,Balance_7:colored_count,count_color,F,F,1,1,,1,
task_asset_vqa_v2:Balance_7:gemini:image_only,Balance_7,gemini,image_only,Balance_7:movable_count,movability,A,A,1,1,,1,
task_asset_vqa_v2:Balance_7:gemini:image_only,Balance_7,gemini,image_only,Balance_7:horizontal_relation,relative_position,B,B,1,1,,1,
task_asset_vqa_v2:Balance_7:gemini:image_only,Balance_7,gemini,image_only,Balance_7:vertical_relation,relative_position,C,C,1,1,,1,
task_asset_vqa_v2:Balance_7:gemini:image_only,Balance_7,gemini,image_only,Balance_7:red_quadrant,coarse_location,B,B,1,1,,1,
task_asset_vqa_v2:Balance_7:gemini:image_only,Balance_7,gemini,image_only,Balance_7:goal_quadrant,coarse_location,C,C,1,1,,1,
task_asset_vqa_v2:Balance_7:gemini:image_only,Balance_7,gemini,image_only,Balance_7:containment,containment,B,B,1,1,,1,
task_asset_vqa_v2:Balance_7:gemini:image_only,Balance_7,gemini,image_only,Balance_7:movable_object_relation,movable_object_relation,A,A,1,1,,1,
task_asset_vqa_v2:Balance_8:gemini:json_only,Balance_8,gemini,json_only,Balance_8:red_shape,shape,B,B,1,1,,1,
task_asset_vqa_v2:Balance_8:gemini:json_only,Balance_8,gemini,json_only,Balance_8:goal_shape,shape,C,C,1,1,,1,
task_asset_vqa_v2:Balance_8:gemini:json_only,Balance_8,gemini,json_only,Balance_8:blue_count,count_color,D,D,1,1,,1,
task_asset_vqa_v2:Balance_8:gemini:json_only,Balance_8,gemini,json_only,Balance_8:colored_count,count_color,E,E,1,1,,1,
task_asset_vqa_v2:Balance_8:gemini:json_only,Balance_8,gemini,json_only,Balance_8:movable_count,movability,F,F,1,1,,1,
task_asset_vqa_v2:Balance_8:gemini:json_only,Balance_8,gemini,json_only,Balance_8:horizontal_relation,relative_position,A,A,1,1,,1,
task_asset_vqa_v2:Balance_8:gemini:json_only,Balance_8,gemini,json_only,Balance_8:vertical_relation,relative_position,B,B,1,1,,1,
task_asset_vqa_v2:Balance_8:gemini:json_only,Balance_8,gemini,json_only,Balance_8:red_quadrant,coarse_location,A,A,1,1,,1,
task_asset_vqa_v2:Balance_8:gemini:json_only,Balance_8,gemini,json_only,Balance_8:goal_quadrant,coarse_location,B,B,1,0,within_60px_of_x_or_y_divider,1,
task_asset_vqa_v2:Balance_8:gemini:json_only,Balance_8,gemini,json_only,Balance_8:containment,containment,A,A,1,1,,1,
task_asset_vqa_v2:Balance_8:gemini:json_only,Balance_8,gemini,json_only,Balance_8:movable_object_relation,movable_object_relation,C,C,1,1,,1,
task_asset_vqa_v2:Basic_1:gemini:json_only,Basic_1,gemini,json_only,Basic_1:red_shape,shape,A,A,1,1,,1,
task_asset_vqa_v2:Basic_1:gemini:json_only,Basic_1,gemini,json_only,Basic_1:goal_shape,shape,B,B,1,1,,1,
task_asset_vqa_v2:Basic_1:gemini:json_only,Basic_1,gemini,json_only,Basic_1:blue_count,count_color,C,C,1,1,,1,
task_asset_vqa_v2:Basic_1:gemini:json_only,Basic_1,gemini,json_only,Basic_1:colored_count,count_color,D,D,1,1,,1,
task_asset_vqa_v2:Basic_1:gemini:json_only,Basic_1,gemini,json_only,Basic_1:movable_count,movability,E,E,1,1,,1,
task_asset_vqa_v2:Basic_1:gemini:json_only,Basic_1,gemini,json_only,Basic_1:horizontal_relation,relative_position,C,C,1,1,,1,
task_asset_vqa_v2:Basic_1:gemini:json_only,Basic_1,gemini,json_only,Basic_1:vertical_relation,relative_position,A,A,1,1,,1,
task_asset_vqa_v2:Basic_1:gemini:json_only,Basic_1,gemini,json_only,Basic_1:red_quadrant,coarse_location,D,D,1,1,,1,
task_asset_vqa_v2:Basic_1:gemini:json_only,Basic_1,gemini,json_only,Basic_1:goal_quadrant,coarse_location,A,A,1,1,,1,
task_asset_vqa_v2:Basic_1:gemini:json_only,Basic_1,gemini,json_only,Basic_1:containment,containment,B,B,1,1,,1,
task_asset_vqa_v2:Basic_1:gemini:json_only,Basic_1,gemini,json_only,Basic_1:movable_object_relation,movable_object_relation,E,E,1,1,,1,
task_asset_vqa_v2:Basic_10:gemini:image_only,Basic_10,gemini,image_only,Basic_10:red_shape,shape,D,D,1,1,,1,
task_asset_vqa_v2:Basic_10:gemini:image_only,Basic_10,gemini,image_only,Basic_10:goal_shape,shape,A,A,1,1,,1,
task_asset_vqa_v2:Basic_10:gemini:image_only,Basic_10,gemini,image_only,Basic_10:blue_count,count_color,B,B,1,1,,1,
task_asset_vqa_v2:Basic_10:gemini:image_only,Basic_10,gemini,image_only,Basic_10:colored_count,count_color,C,C,1,1,,1,
task_asset_vqa_v2:Basic_10:gemini:image_only,Basic_10,gemini,image_only,Basic_10:movable_count,movability,D,D,1,1,,1,
task_asset_vqa_v2:Basic_10:gemini:image_only,Basic_10,gemini,image_only,Basic_10:horizontal_relation,relative_position,B,B,1,1,,1,
task_asset_vqa_v2:Basic_10:gemini:image_only,Basic_10,gemini,image_only,Basic_10:vertical_relation,relative_position,C,C,1,1,,1,
task_asset_vqa_v2:Basic_10:gemini:image_only,Basic_10,gemini,image_only,Basic_10:red_quadrant,coarse_location,C,C,1,1,,1,
task_asset_vqa_v2:Basic_10:gemini:image_only,Basic_10,gemini,image_only,Basic_10:goal_quadrant,coarse_location,D,D,1,1,,1,
task_asset_vqa_v2:Basic_10:gemini:image_only,Basic_10,gemini,image_only,Basic_10:containment,containment,A,A,1,1,,1,
task_asset_vqa_v2:Basic_10:gemini:image_only,Basic_10,gemini,image_only,Basic_10:movable_object_relation,movable_object_relation,G,G,1,1,,1,
task_asset_vqa_v2:Balance_8:gemini:image_only,Balance_8,gemini,image_only,Balance_8:red_shape,shape,B,B,1,1,,1,
task_asset_vqa_v2:Balance_8:gemini:image_only,Balance_8,gemini,image_only,Balance_8:goal_shape,shape,C,C,1,1,,1,
task_asset_vqa_v2:Balance_8:gemini:image_only,Balance_8,gemini,image_only,Balance_8:blue_count,count_color,D,D,1,1,,1,
task_asset_vqa_v2:Balance_8:gemini:image_only,Balance_8,gemini,image_only,Balance_8:colored_count,count_color,E,E,1,1,,1,
task_asset_vqa_v2:Balance_8:gemini:image_only,Balance_8,gemini,image_only,Balance_8:movable_count,movability,F,F,1,1,,1,
task_asset_vqa_v2:Balance_8:gemini:image_only,Balance_8,gemini,image_only,Balance_8:horizontal_relation,relative_position,A,A,1,1,,1,
task_asset_vqa_v2:Balance_8:gemini:image_only,Balance_8,gemini,image_only,Balance_8:vertical_relation,relative_position,B,B,1,1,,1,
task_asset_vqa_v2:Balance_8:gemini:image_only,Balance_8,gemini,image_only,Balance_8:red_quadrant,coarse_location,A,A,1,1,,1,
task_asset_vqa_v2:Balance_8:gemini:image_only,Balance_8,gemini,image_only,Balance_8:goal_quadrant,coarse_location,B,B,1,0,within_60px_of_x_or_y_divider,1,
task_asset_vqa_v2:Balance_8:gemini:image_only,Balance_8,gemini,image_only,Balance_8:containment,containment,A,A,1,1,,1,
task_asset_vqa_v2:Balance_8:gemini:image_only,Balance_8,gemini,image_only,Balance_8:movable_object_relation,movable_object_relation,C,C,1,1,,1,
task_asset_vqa_v2:Basic_1:gemini:image_only,Basic_1,gemini,image_only,Basic_1:red_shape,shape,A,A,1,1,,1,
task_asset_vqa_v2:Basic_1:gemini:image_only,Basic_1,gemini,image_only,Basic_1:goal_shape,shape,B,B,1,1,,1,
task_asset_vqa_v2:Basic_1:gemini:image_only,Basic_1,gemini,image_only,Basic_1:blue_count,count_color,C,C,1,1,,1,
task_asset_vqa_v2:Basic_1:gemini:image_only,Basic_1,gemini,image_only,Basic_1:colored_count,count_color,D,D,1,1,,1,
task_asset_vqa_v2:Basic_1:gemini:image_only,Basic_1,gemini,image_only,Basic_1:movable_count,movability,E,E,1,1,,1,
task_asset_vqa_v2:Basic_1:gemini:image_only,Basic_1,gemini,image_only,Basic_1:horizontal_relation,relative_position,C,C,1,1,,1,
task_asset_vqa_v2:Basic_1:gemini:image_only,Basic_1,gemini,image_only,Basic_1:vertical_relation,relative_position,A,A,1,1,,1,
task_asset_vqa_v2:Basic_1:gemini:image_only,Basic_1,gemini,image_only,Basic_1:red_quadrant,coarse_location,D,D,1,1,,1,
task_asset_vqa_v2:Basic_1:gemini:image_only,Basic_1,gemini,image_only,Basic_1:goal_quadrant,coarse_location,A,A,1,1,,1,
task_asset_vqa_v2:Basic_1:gemini:image_only,Basic_1,gemini,image_only,Basic_1:containment,containment,B,B,1,1,,1,
task_asset_vqa_v2:Basic_1:gemini:image_only,Basic_1,gemini,image_only,Basic_1:movable_object_relation,movable_object_relation,E,E,1,1,,1,
task_asset_vqa_v2:Basic_2:gemini:image_only,Basic_2,gemini,image_only,Basic_2:red_shape,shape,C,C,1,1,,1,
task_asset_vqa_v2:Basic_2:gemini:image_only,Basic_2,gemini,image_only,Basic_2:goal_shape,shape,D,D,1,1,,1,
task_asset_vqa_v2:Basic_2:gemini:image_only,Basic_2,gemini,image_only,Basic_2:blue_count,count_color,A,A,1,1,,1,
task_asset_vqa_v2:Basic_2:gemini:image_only,Basic_2,gemini,image_only,Basic_2:colored_count,count_color,B,B,1,1,,1,
task_asset_vqa_v2:Basic_2:gemini:image_only,Basic_2,gemini,image_only,Basic_2:movable_count,movability,C,C,1,1,,1,
task_asset_vqa_v2:Basic_2:gemini:image_only,Basic_2,gemini,image_only,Basic_2:horizontal_relation,relative_position,A,A,1,1,,1,
task_asset_vqa_v2:Basic_2:gemini:image_only,Basic_2,gemini,image_only,Basic_2:vertical_relation,relative_position,B,B,1,1,,1,
task_asset_vqa_v2:Basic_2:gemini:image_only,Basic_2,gemini,image_only,Basic_2:red_quadrant,coarse_location,B,B,1,1,,1,
task_asset_vqa_v2:Basic_2:gemini:image_only,Basic_2,gemini,image_only,Basic_2:goal_quadrant,coarse_location,C,C,1,0,within_60px_of_x_or_y_divider,1,
task_asset_vqa_v2:Basic_2:gemini:image_only,Basic_2,gemini,image_only,Basic_2:containment,containment,B,B,1,1,,1,
task_asset_vqa_v2:Basic_2:gemini:image_only,Basic_2,gemini,image_only,Basic_2:movable_object_relation,movable_object_relation,I,I,1,1,,1,
task_asset_vqa_v2:Basic_10:gemini:json_only,Basic_10,gemini,json_only,Basic_10:red_shape,shape,D,D,1,1,,1,
task_asset_vqa_v2:Basic_10:gemini:json_only,Basic_10,gemini,json_only,Basic_10:goal_shape,shape,A,A,1,1,,1,
task_asset_vqa_v2:Basic_10:gemini:json_only,Basic_10,gemini,json_only,Basic_10:blue_count,count_color,B,B,1,1,,1,
task_asset_vqa_v2:Basic_10:gemini:json_only,Basic_10,gemini,json_only,Basic_10:colored_count,count_color,C,C,1,1,,1,
task_asset_vqa_v2:Basic_10:gemini:json_only,Basic_10,gemini,json_only,Basic_10:movable_count,movability,D,D,1,1,,1,
task_asset_vqa_v2:Basic_10:gemini:json_only,Basic_10,gemini,json_only,Basic_10:horizontal_relation,relative_position,B,B,1,1,,1,
task_asset_vqa_v2:Basic_10:gemini:json_only,Basic_10,gemini,json_only,Basic_10:vertical_relation,relative_position,C,C,1,1,,1,
task_asset_vqa_v2:Basic_10:gemini:json_only,Basic_10,gemini,json_only,Basic_10:red_quadrant,coarse_location,C,C,1,1,,1,
task_asset_vqa_v2:Basic_10:gemini:json_only,Basic_10,gemini,json_only,Basic_10:goal_quadrant,coarse_location,D,D,1,1,,1,
task_asset_vqa_v2:Basic_10:gemini:json_only,Basic_10,gemini,json_only,Basic_10:containment,containment,A,A,1,1,,1,
task_asset_vqa_v2:Basic_10:gemini:json_only,Basic_10,gemini,json_only,Basic_10:movable_object_relation,movable_object_relation,G,G,1,1,,1,
task_asset_vqa_v2:Basic_2:gemini:json_only,Basic_2,gemini,json_only,Basic_2:red_shape,shape,C,C,1,1,,1,
task_asset_vqa_v2:Basic_2:gemini:json_only,Basic_2,gemini,json_only,Basic_2:goal_shape,shape,D,D,1,1,,1,
task_asset_vqa_v2:Basic_2:gemini:json_only,Basic_2,gemini,json_only,Basic_2:blue_count,count_color,A,A,1,1,,1,
task_asset_vqa_v2:Basic_2:gemini:json_only,Basic_2,gemini,json_only,Basic_2:colored_count,count_color,B,B,1,1,,1,
task_asset_vqa_v2:Basic_2:gemini:json_only,Basic_2,gemini,json_only,Basic_2:movable_count,movability,C,C,1,1,,1,
task_asset_vqa_v2:Basic_2:gemini:json_only,Basic_2,gemini,json_only,Basic_2:horizontal_relation,relative_position,A,A,1,1,,1,
task_asset_vqa_v2:Basic_2:gemini:json_only,Basic_2,gemini,json_only,Basic_2:vertical_relation,relative_position,B,B,1,1,,1,
task_asset_vqa_v2:Basic_2:gemini:json_only,Basic_2,gemini,json_only,Basic_2:red_quadrant,coarse_location,B,B,1,1,,1,
task_asset_vqa_v2:Basic_2:gemini:json_only,Basic_2,gemini,json_only,Basic_2:goal_quadrant,coarse_location,C,C,1,0,within_60px_of_x_or_y_divider,1,
task_asset_vqa_v2:Basic_2:gemini:json_only,Basic_2,gemini,json_only,Basic_2:containment,containment,B,B,1,1,,1,
task_asset_vqa_v2:Basic_2:gemini:json_only,Basic_2,gemini,json_only,Basic_2:movable_object_relation,movable_object_relation,I,I,1,1,,1,
task_asset_vqa_v2:Basic_6:gemini:image_only,Basic_6,gemini,image_only,Basic_6:red_shape,shape,B,B,1,1,,1,
task_asset_vqa_v2:Basic_6:gemini:image_only,Basic_6,gemini,image_only,Basic_6:goal_shape,shape,C,C,1,1,,1,
task_asset_vqa_v2:Basic_6:gemini:image_only,Basic_6,gemini,image_only,Basic_6:blue_count,count_color,D,D,1,1,,1,
task_asset_vqa_v2:Basic_6:gemini:image_only,Basic_6,gemini,image_only,Basic_6:colored_count,count_color,A,A,1,1,,1,
task_asset_vqa_v2:Basic_6:gemini:image_only,Basic_6,gemini,image_only,Basic_6:movable_count,movability,B,B,1,1,,1,
task_asset_vqa_v2:Basic_6:gemini:image_only,Basic_6,gemini,image_only,Basic_6:horizontal_relation,relative_position,C,C,1,1,,1,
task_asset_vqa_v2:Basic_6:gemini:image_only,Basic_6,gemini,image_only,Basic_6:vertical_relation,relative_position,A,A,1,1,,1,
task_asset_vqa_v2:Basic_6:gemini:image_only,Basic_6,gemini,image_only,Basic_6:red_quadrant,coarse_location,A,A,1,1,,1,
task_asset_vqa_v2:Basic_6:gemini:image_only,Basic_6,gemini,image_only,Basic_6:goal_quadrant,coarse_location,B,B,1,0,within_60px_of_x_or_y_divider,1,
task_asset_vqa_v2:Basic_6:gemini:image_only,Basic_6,gemini,image_only,Basic_6:containment,containment,A,A,1,1,,1,
task_asset_vqa_v2:Basic_6:gemini:image_only,Basic_6,gemini,image_only,Basic_6:movable_object_relation,movable_object_relation,B,B,1,1,,1,
task_asset_vqa_v2:Basic_6:gemini:json_only,Basic_6,gemini,json_only,Basic_6:red_shape,shape,B,B,1,1,,1,
task_asset_vqa_v2:Basic_6:gemini:json_only,Basic_6,gemini,json_only,Basic_6:goal_shape,shape,C,C,1,1,,1,
task_asset_vqa_v2:Basic_6:gemini:json_only,Basic_6,gemini,json_only,Basic_6:blue_count,count_color,D,D,1,1,,1,
task_asset_vqa_v2:Basic_6:gemini:json_only,Basic_6,gemini,json_only,Basic_6:colored_count,count_color,A,A,1,1,,1,
task_asset_vqa_v2:Basic_6:gemini:json_only,Basic_6,gemini,json_only,Basic_6:movable_count,movability,B,B,1,1,,1,
task_asset_vqa_v2:Basic_6:gemini:json_only,Basic_6,gemini,json_only,Basic_6:horizontal_relation,relative_position,C,C,1,1,,1,
task_asset_vqa_v2:Basic_6:gemini:json_only,Basic_6,gemini,json_only,Basic_6:vertical_relation,relative_position,A,A,1,1,,1,
task_asset_vqa_v2:Basic_6:gemini:json_only,Basic_6,gemini,json_only,Basic_6:red_quadrant,coarse_location,A,A,1,1,,1,
task_asset_vqa_v2:Basic_6:gemini:json_only,Basic_6,gemini,json_only,Basic_6:goal_quadrant,coarse_location,B,B,1,0,within_60px_of_x_or_y_divider,1,
task_asset_vqa_v2:Basic_6:gemini:json_only,Basic_6,gemini,json_only,Basic_6:containment,containment,A,A,1,1,,1,
task_asset_vqa_v2:Basic_6:gemini:json_only,Basic_6,gemini,json_only,Basic_6:movable_object_relation,movable_object_relation,B,B,1,1,,1,
task_asset_vqa_v2:Basic_7:gemini:json_only,Basic_7,gemini,json_only,Basic_7:red_shape,shape,A,A,1,1,,1,
task_asset_vqa_v2:Basic_7:gemini:json_only,Basic_7,gemini,json_only,Basic_7:goal_shape,shape,B,B,1,1,,1,
task_asset_vqa_v2:Basic_7:gemini:json_only,Basic_7,gemini,json_only,Basic_7:blue_count,count_color,C,C,1,1,,1,
task_asset_vqa_v2:Basic_7:gemini:json_only,Basic_7,gemini,json_only,Basic_7:colored_count,count_color,F,F,1,1,,1,
task_asset_vqa_v2:Basic_7:gemini:json_only,Basic_7,gemini,json_only,Basic_7:movable_count,movability,A,A,1,1,,1,
task_asset_vqa_v2:Basic_7:gemini:json_only,Basic_7,gemini,json_only,Basic_7:horizontal_relation,relative_position,B,B,1,1,,1,
task_asset_vqa_v2:Basic_7:gemini:json_only,Basic_7,gemini,json_only,Basic_7:vertical_relation,relative_position,C,C,1,1,,1,
task_asset_vqa_v2:Basic_7:gemini:json_only,Basic_7,gemini,json_only,Basic_7:red_quadrant,coarse_location,D,D,1,1,,1,
task_asset_vqa_v2:Basic_7:gemini:json_only,Basic_7,gemini,json_only,Basic_7:goal_quadrant,coarse_location,A,A,1,0,within_60px_of_x_or_y_divider,1,
task_asset_vqa_v2:Basic_7:gemini:json_only,Basic_7,gemini,json_only,Basic_7:containment,containment,B,B,1,1,,1,
task_asset_vqa_v2:Basic_7:gemini:json_only,Basic_7,gemini,json_only,Basic_7:movable_object_relation,movable_object_relation,D,D,1,1,,1,
task_asset_vqa_v2:Basic_7:gemini:image_only,Basic_7,gemini,image_only,Basic_7:red_shape,shape,A,A,1,1,,1,
task_asset_vqa_v2:Basic_7:gemini:image_only,Basic_7,gemini,image_only,Basic_7:goal_shape,shape,B,B,1,1,,1,
task_asset_vqa_v2:Basic_7:gemini:image_only,Basic_7,gemini,image_only,Basic_7:blue_count,count_color,C,C,1,1,,1,
task_asset_vqa_v2:Basic_7:gemini:image_only,Basic_7,gemini,image_only,Basic_7:colored_count,count_color,F,F,1,1,,1,
task_asset_vqa_v2:Basic_7:gemini:image_only,Basic_7,gemini,image_only,Basic_7:movable_count,movability,A,A,1,1,,1,
task_asset_vqa_v2:Basic_7:gemini:image_only,Basic_7,gemini,image_only,Basic_7:horizontal_relation,relative_position,B,B,1,1,,1,
task_asset_vqa_v2:Basic_7:gemini:image_only,Basic_7,gemini,image_only,Basic_7:vertical_relation,relative_position,C,C,1,1,,1,
task_asset_vqa_v2:Basic_7:gemini:image_only,Basic_7,gemini,image_only,Basic_7:red_quadrant,coarse_location,D,D,1,1,,1,
task_asset_vqa_v2:Basic_7:gemini:image_only,Basic_7,gemini,image_only,Basic_7:goal_quadrant,coarse_location,A,A,1,0,within_60px_of_x_or_y_divider,1,
task_asset_vqa_v2:Basic_7:gemini:image_only,Basic_7,gemini,image_only,Basic_7:containment,containment,B,B,1,1,,1,
task_asset_vqa_v2:Basic_7:gemini:image_only,Basic_7,gemini,image_only,Basic_7:movable_object_relation,movable_object_relation,D,D,1,1,,1,
task_asset_vqa_v2:Basic_8:gemini:json_only,Basic_8,gemini,json_only,Basic_8:red_shape,shape,D,D,1,1,,1,
task_asset_vqa_v2:Basic_8:gemini:json_only,Basic_8,gemini,json_only,Basic_8:goal_shape,shape,A,A,1,1,,1,
task_asset_vqa_v2:Basic_8:gemini:json_only,Basic_8,gemini,json_only,Basic_8:blue_count,count_color,B,B,1,1,,1,
task_asset_vqa_v2:Basic_8:gemini:json_only,Basic_8,gemini,json_only,Basic_8:colored_count,count_color,E,E,1,1,,1,
task_asset_vqa_v2:Basic_8:gemini:json_only,Basic_8,gemini,json_only,Basic_8:movable_count,movability,F,F,1,1,,1,
task_asset_vqa_v2:Basic_8:gemini:json_only,Basic_8,gemini,json_only,Basic_8:horizontal_relation,relative_position,A,A,1,1,,1,
task_asset_vqa_v2:Basic_8:gemini:json_only,Basic_8,gemini,json_only,Basic_8:vertical_relation,relative_position,B,B,1,1,,1,
task_asset_vqa_v2:Basic_8:gemini:json_only,Basic_8,gemini,json_only,Basic_8:red_quadrant,coarse_location,C,C,1,1,,1,
task_asset_vqa_v2:Basic_8:gemini:json_only,Basic_8,gemini,json_only,Basic_8:goal_quadrant,coarse_location,D,D,1,0,within_60px_of_x_or_y_divider,1,
task_asset_vqa_v2:Basic_8:gemini:json_only,Basic_8,gemini,json_only,Basic_8:containment,containment,A,A,1,1,,1,
task_asset_vqa_v2:Basic_8:gemini:json_only,Basic_8,gemini,json_only,Basic_8:movable_object_relation,movable_object_relation,F,F,1,1,,1,
task_asset_vqa_v2:Basic_9:gemini:json_only,Basic_9,gemini,json_only,Basic_9:red_shape,shape,C,C,1,1,,1,
task_asset_vqa_v2:Basic_9:gemini:json_only,Basic_9,gemini,json_only,Basic_9:goal_shape,shape,D,D,1,1,,1,
task_asset_vqa_v2:Basic_9:gemini:json_only,Basic_9,gemini,json_only,Basic_9:blue_count,count_color,A,A,1,1,,1,
task_asset_vqa_v2:Basic_9:gemini:json_only,Basic_9,gemini,json_only,Basic_9:colored_count,count_color,D,D,1,1,,1,
task_asset_vqa_v2:Basic_9:gemini:json_only,Basic_9,gemini,json_only,Basic_9:movable_count,movability,E,E,1,1,,1,
task_asset_vqa_v2:Basic_9:gemini:json_only,Basic_9,gemini,json_only,Basic_9:horizontal_relation,relative_position,C,C,1,1,,1,
task_asset_vqa_v2:Basic_9:gemini:json_only,Basic_9,gemini,json_only,Basic_9:vertical_relation,relative_position,A,A,1,1,,1,
task_asset_vqa_v2:Basic_9:gemini:json_only,Basic_9,gemini,json_only,Basic_9:red_quadrant,coarse_location,B,B,1,0,within_60px_of_x_or_y_divider,1,
task_asset_vqa_v2:Basic_9:gemini:json_only,Basic_9,gemini,json_only,Basic_9:goal_quadrant,coarse_location,C,C,1,0,within_60px_of_x_or_y_divider,1,
task_asset_vqa_v2:Basic_9:gemini:json_only,Basic_9,gemini,json_only,Basic_9:containment,containment,B,B,1,1,,1,
task_asset_vqa_v2:Basic_9:gemini:json_only,Basic_9,gemini,json_only,Basic_9:movable_object_relation,movable_object_relation,H,H,1,1,,1,
task_asset_vqa_v2:FallingAlt_1:gemini:image_only,FallingAlt_1,gemini,image_only,FallingAlt_1:red_shape,shape,B,B,1,1,,1,
task_asset_vqa_v2:FallingAlt_1:gemini:image_only,FallingAlt_1,gemini,image_only,FallingAlt_1:goal_shape,shape,C,C,1,1,,1,
task_asset_vqa_v2:FallingAlt_1:gemini:image_only,FallingAlt_1,gemini,image_only,FallingAlt_1:blue_count,count_color,D,D,1,1,,1,
task_asset_vqa_v2:FallingAlt_1:gemini:image_only,FallingAlt_1,gemini,image_only,FallingAlt_1:colored_count,count_color,C,C,1,1,,1,
task_asset_vqa_v2:FallingAlt_1:gemini:image_only,FallingAlt_1,gemini,image_only,FallingAlt_1:movable_count,movability,D,D,1,1,,1,
task_asset_vqa_v2:FallingAlt_1:gemini:image_only,FallingAlt_1,gemini,image_only,FallingAlt_1:horizontal_relation,relative_position,B,B,1,1,,1,
task_asset_vqa_v2:FallingAlt_1:gemini:image_only,FallingAlt_1,gemini,image_only,FallingAlt_1:vertical_relation,relative_position,C,C,1,1,,1,
task_asset_vqa_v2:FallingAlt_1:gemini:image_only,FallingAlt_1,gemini,image_only,FallingAlt_1:red_quadrant,coarse_location,A,A,1,0,within_60px_of_x_or_y_divider,1,
task_asset_vqa_v2:FallingAlt_1:gemini:image_only,FallingAlt_1,gemini,image_only,FallingAlt_1:goal_quadrant,coarse_location,B,B,1,1,,1,
task_asset_vqa_v2:FallingAlt_1:gemini:image_only,FallingAlt_1,gemini,image_only,FallingAlt_1:containment,containment,A,A,1,1,,1,
task_asset_vqa_v2:FallingAlt_1:gemini:image_only,FallingAlt_1,gemini,image_only,FallingAlt_1:movable_object_relation,movable_object_relation,A,A,1,1,,1,
task_asset_vqa_v2:Basic_8:gemini:image_only,Basic_8,gemini,image_only,Basic_8:red_shape,shape,D,D,1,1,,1,
task_asset_vqa_v2:Basic_8:gemini:image_only,Basic_8,gemini,image_only,Basic_8:goal_shape,shape,A,A,1,1,,1,
task_asset_vqa_v2:Basic_8:gemini:image_only,Basic_8,gemini,image_only,Basic_8:blue_count,count_color,B,B,1,1,,1,
task_asset_vqa_v2:Basic_8:gemini:image_only,Basic_8,gemini,image_only,Basic_8:colored_count,count_color,E,E,1,1,,1,
task_asset_vqa_v2:Basic_8:gemini:image_only,Basic_8,gemini,image_only,Basic_8:movable_count,movability,F,F,1,1,,1,
task_asset_vqa_v2:Basic_8:gemini:image_only,Basic_8,gemini,image_only,Basic_8:horizontal_relation,relative_position,A,A,1,1,,1,
task_asset_vqa_v2:Basic_8:gemini:image_only,Basic_8,gemini,image_only,Basic_8:vertical_relation,relative_position,B,B,1,1,,1,
task_asset_vqa_v2:Basic_8:gemini:image_only,Basic_8,gemini,image_only,Basic_8:red_quadrant,coarse_location,C,C,1,1,,1,
task_asset_vqa_v2:Basic_8:gemini:image_only,Basic_8,gemini,image_only,Basic_8:goal_quadrant,coarse_location,D,D,1,0,within_60px_of_x_or_y_divider,1,
task_asset_vqa_v2:Basic_8:gemini:image_only,Basic_8,gemini,image_only,Basic_8:containment,containment,A,A,1,1,,1,
task_asset_vqa_v2:Basic_8:gemini:image_only,Basic_8,gemini,image_only,Basic_8:movable_object_relation,movable_object_relation,F,F,1,1,,1,
task_asset_vqa_v2:FallingAlt_1:gemini:json_only,FallingAlt_1,gemini,json_only,FallingAlt_1:red_shape,shape,B,B,1,1,,1,
task_asset_vqa_v2:FallingAlt_1:gemini:json_only,FallingAlt_1,gemini,json_only,FallingAlt_1:goal_shape,shape,C,C,1,1,,1,
task_asset_vqa_v2:FallingAlt_1:gemini:json_only,FallingAlt_1,gemini,json_only,FallingAlt_1:blue_count,count_color,D,D,1,1,,1,
task_asset_vqa_v2:FallingAlt_1:gemini:json_only,FallingAlt_1,gemini,json_only,FallingAlt_1:colored_count,count_color,C,C,1,1,,1,
task_asset_vqa_v2:FallingAlt_1:gemini:json_only,FallingAlt_1,gemini,json_only,FallingAlt_1:movable_count,movability,D,D,1,1,,1,
task_asset_vqa_v2:FallingAlt_1:gemini:json_only,FallingAlt_1,gemini,json_only,FallingAlt_1:horizontal_relation,relative_position,B,B,1,1,,1,
task_asset_vqa_v2:FallingAlt_1:gemini:json_only,FallingAlt_1,gemini,json_only,FallingAlt_1:vertical_relation,relative_position,C,C,1,1,,1,
task_asset_vqa_v2:FallingAlt_1:gemini:json_only,FallingAlt_1,gemini,json_only,FallingAlt_1:red_quadrant,coarse_location,A,A,1,0,within_60px_of_x_or_y_divider,1,
task_asset_vqa_v2:FallingAlt_1:gemini:json_only,FallingAlt_1,gemini,json_only,FallingAlt_1:goal_quadrant,coarse_location,B,B,1,1,,1,
task_asset_vqa_v2:FallingAlt_1:gemini:json_only,FallingAlt_1,gemini,json_only,FallingAlt_1:containment,containment,A,A,1,1,,1,
task_asset_vqa_v2:FallingAlt_1:gemini:json_only,FallingAlt_1,gemini,json_only,FallingAlt_1:movable_object_relation,movable_object_relation,A,A,1,1,,1,
task_asset_vqa_v2:FallingAlt_10:gemini:image_only,FallingAlt_10,gemini,image_only,FallingAlt_10:red_shape,shape,A,A,1,1,,1,
task_asset_vqa_v2:FallingAlt_10:gemini:image_only,FallingAlt_10,gemini,image_only,FallingAlt_10:goal_shape,shape,B,B,1,1,,1,
task_asset_vqa_v2:FallingAlt_10:gemini:image_only,FallingAlt_10,gemini,image_only,FallingAlt_10:blue_count,count_color,C,C,1,1,,1,
task_asset_vqa_v2:FallingAlt_10:gemini:image_only,FallingAlt_10,gemini,image_only,FallingAlt_10:colored_count,count_color,B,B,1,1,,1,
task_asset_vqa_v2:FallingAlt_10:gemini:image_only,FallingAlt_10,gemini,image_only,FallingAlt_10:movable_count,movability,C,C,1,1,,1,
task_asset_vqa_v2:FallingAlt_10:gemini:image_only,FallingAlt_10,gemini,image_only,FallingAlt_10:horizontal_relation,relative_position,A,A,1,1,,1,
task_asset_vqa_v2:FallingAlt_10:gemini:image_only,FallingAlt_10,gemini,image_only,FallingAlt_10:vertical_relation,relative_position,B,B,1,1,,1,
task_asset_vqa_v2:FallingAlt_10:gemini:image_only,FallingAlt_10,gemini,image_only,FallingAlt_10:red_quadrant,coarse_location,D,D,1,1,,1,
task_asset_vqa_v2:FallingAlt_10:gemini:image_only,FallingAlt_10,gemini,image_only,FallingAlt_10:goal_quadrant,coarse_location,A,A,1,1,,1,
task_asset_vqa_v2:FallingAlt_10:gemini:image_only,FallingAlt_10,gemini,image_only,FallingAlt_10:containment,containment,B,B,1,1,,1,
task_asset_vqa_v2:FallingAlt_10:gemini:image_only,FallingAlt_10,gemini,image_only,FallingAlt_10:movable_object_relation,movable_object_relation,C,C,1,1,,1,
task_asset_vqa_v2:FallingAlt_10:gemini:json_only,FallingAlt_10,gemini,json_only,FallingAlt_10:red_shape,shape,A,A,1,1,,1,
task_asset_vqa_v2:FallingAlt_10:gemini:json_only,FallingAlt_10,gemini,json_only,FallingAlt_10:goal_shape,shape,B,B,1,1,,1,
task_asset_vqa_v2:FallingAlt_10:gemini:json_only,FallingAlt_10,gemini,json_only,FallingAlt_10:blue_count,count_color,C,C,1,1,,1,
task_asset_vqa_v2:FallingAlt_10:gemini:json_only,FallingAlt_10,gemini,json_only,FallingAlt_10:colored_count,count_color,B,B,1,1,,1,
task_asset_vqa_v2:FallingAlt_10:gemini:json_only,FallingAlt_10,gemini,json_only,FallingAlt_10:movable_count,movability,C,C,1,1,,1,
task_asset_vqa_v2:FallingAlt_10:gemini:json_only,FallingAlt_10,gemini,json_only,FallingAlt_10:horizontal_relation,relative_position,A,A,1,1,,1,
task_asset_vqa_v2:FallingAlt_10:gemini:json_only,FallingAlt_10,gemini,json_only,FallingAlt_10:vertical_relation,relative_position,B,B,1,1,,1,
task_asset_vqa_v2:FallingAlt_10:gemini:json_only,FallingAlt_10,gemini,json_only,FallingAlt_10:red_quadrant,coarse_location,D,D,1,1,,1,
task_asset_vqa_v2:FallingAlt_10:gemini:json_only,FallingAlt_10,gemini,json_only,FallingAlt_10:goal_quadrant,coarse_location,A,A,1,1,,1,
task_asset_vqa_v2:FallingAlt_10:gemini:json_only,FallingAlt_10,gemini,json_only,FallingAlt_10:containment,containment,B,B,1,1,,1,
task_asset_vqa_v2:FallingAlt_10:gemini:json_only,FallingAlt_10,gemini,json_only,FallingAlt_10:movable_object_relation,movable_object_relation,C,C,1,1,,1,
task_asset_vqa_v2:FallingAlt_2:gemini:image_only,FallingAlt_2,gemini,image_only,FallingAlt_2:red_shape,shape,D,D,1,1,,1,
task_asset_vqa_v2:FallingAlt_2:gemini:image_only,FallingAlt_2,gemini,image_only,FallingAlt_2:goal_shape,shape,A,A,1,1,,1,
task_asset_vqa_v2:FallingAlt_2:gemini:image_only,FallingAlt_2,gemini,image_only,FallingAlt_2:blue_count,count_color,B,B,1,1,,1,
task_asset_vqa_v2:FallingAlt_2:gemini:image_only,FallingAlt_2,gemini,image_only,FallingAlt_2:colored_count,count_color,A,A,1,1,,1,
task_asset_vqa_v2:FallingAlt_2:gemini:image_only,FallingAlt_2,gemini,image_only,FallingAlt_2:movable_count,movability,B,B,1,1,,1,
task_asset_vqa_v2:FallingAlt_2:gemini:image_only,FallingAlt_2,gemini,image_only,FallingAlt_2:horizontal_relation,relative_position,C,C,1,1,,1,
task_asset_vqa_v2:FallingAlt_2:gemini:image_only,FallingAlt_2,gemini,image_only,FallingAlt_2:vertical_relation,relative_position,A,A,1,1,,1,
task_asset_vqa_v2:FallingAlt_2:gemini:image_only,FallingAlt_2,gemini,image_only,FallingAlt_2:red_quadrant,coarse_location,C,C,1,1,,1,
task_asset_vqa_v2:FallingAlt_2:gemini:image_only,FallingAlt_2,gemini,image_only,FallingAlt_2:goal_quadrant,coarse_location,D,D,1,1,,1,
task_asset_vqa_v2:FallingAlt_2:gemini:image_only,FallingAlt_2,gemini,image_only,FallingAlt_2:containment,containment,A,A,1,1,,1,
task_asset_vqa_v2:FallingAlt_2:gemini:image_only,FallingAlt_2,gemini,image_only,FallingAlt_2:movable_object_relation,movable_object_relation,B,B,1,1,,1,
task_asset_vqa_v2:Basic_9:gemini:image_only,Basic_9,gemini,image_only,Basic_9:red_shape,shape,C,C,1,1,,1,
task_asset_vqa_v2:Basic_9:gemini:image_only,Basic_9,gemini,image_only,Basic_9:goal_shape,shape,D,D,1,1,,1,
task_asset_vqa_v2:Basic_9:gemini:image_only,Basic_9,gemini,image_only,Basic_9:blue_count,count_color,A,A,1,1,,1,
task_asset_vqa_v2:Basic_9:gemini:image_only,Basic_9,gemini,image_only,Basic_9:colored_count,count_color,D,D,1,1,,1,
task_asset_vqa_v2:Basic_9:gemini:image_only,Basic_9,gemini,image_only,Basic_9:movable_count,movability,E,E,1,1,,1,
task_asset_vqa_v2:Basic_9:gemini:image_only,Basic_9,gemini,image_only,Basic_9:horizontal_relation,relative_position,C,C,1,1,,1,
task_asset_vqa_v2:Basic_9:gemini:image_only,Basic_9,gemini,image_only,Basic_9:vertical_relation,relative_position,A,A,1,1,,1,
task_asset_vqa_v2:Basic_9:gemini:image_only,Basic_9,gemini,image_only,Basic_9:red_quadrant,coarse_location,B,B,1,0,within_60px_of_x_or_y_divider,1,
task_asset_vqa_v2:Basic_9:gemini:image_only,Basic_9,gemini,image_only,Basic_9:goal_quadrant,coarse_location,C,C,1,0,within_60px_of_x_or_y_divider,1,
task_asset_vqa_v2:Basic_9:gemini:image_only,Basic_9,gemini,image_only,Basic_9:containment,containment,B,B,1,1,,1,
task_asset_vqa_v2:Basic_9:gemini:image_only,Basic_9,gemini,image_only,Basic_9:movable_object_relation,movable_object_relation,H,H,1,1,,1,
task_asset_vqa_v2:FallingAlt_3:gemini:json_only,FallingAlt_3,gemini,json_only,FallingAlt_3:red_shape,shape,C,C,1,1,,1,
task_asset_vqa_v2:FallingAlt_3:gemini:json_only,FallingAlt_3,gemini,json_only,FallingAlt_3:goal_shape,shape,D,D,1,1,,1,
task_asset_vqa_v2:FallingAlt_3:gemini:json_only,FallingAlt_3,gemini,json_only,FallingAlt_3:blue_count,count_color,A,A,1,1,,1,
task_asset_vqa_v2:FallingAlt_3:gemini:json_only,FallingAlt_3,gemini,json_only,FallingAlt_3:colored_count,count_color,F,F,1,1,,1,
task_asset_vqa_v2:FallingAlt_3:gemini:json_only,FallingAlt_3,gemini,json_only,FallingAlt_3:movable_count,movability,A,A,1,1,,1,
task_asset_vqa_v2:FallingAlt_3:gemini:json_only,FallingAlt_3,gemini,json_only,FallingAlt_3:horizontal_relation,relative_position,B,B,1,1,,1,
task_asset_vqa_v2:FallingAlt_3:gemini:json_only,FallingAlt_3,gemini,json_only,FallingAlt_3:vertical_relation,relative_position,C,C,1,1,,1,
task_asset_vqa_v2:FallingAlt_3:gemini:json_only,FallingAlt_3,gemini,json_only,FallingAlt_3:red_quadrant,coarse_location,B,B,1,0,within_60px_of_x_or_y_divider,1,
task_asset_vqa_v2:FallingAlt_3:gemini:json_only,FallingAlt_3,gemini,json_only,FallingAlt_3:goal_quadrant,coarse_location,C,C,1,1,,1,
task_asset_vqa_v2:FallingAlt_3:gemini:json_only,FallingAlt_3,gemini,json_only,FallingAlt_3:containment,containment,B,B,1,1,,1,
task_asset_vqa_v2:FallingAlt_3:gemini:json_only,FallingAlt_3,gemini,json_only,FallingAlt_3:movable_object_relation,movable_object_relation,A,A,1,1,,1,
task_asset_vqa_v2:FallingAlt_2:gemini:json_only,FallingAlt_2,gemini,json_only,FallingAlt_2:red_shape,shape,D,D,1,1,,1,
task_asset_vqa_v2:FallingAlt_2:gemini:json_only,FallingAlt_2,gemini,json_only,FallingAlt_2:goal_shape,shape,A,A,1,1,,1,
task_asset_vqa_v2:FallingAlt_2:gemini:json_only,FallingAlt_2,gemini,json_only,FallingAlt_2:blue_count,count_color,B,B,1,1,,1,
task_asset_vqa_v2:FallingAlt_2:gemini:json_only,FallingAlt_2,gemini,json_only,FallingAlt_2:colored_count,count_color,A,A,1,1,,1,
task_asset_vqa_v2:FallingAlt_2:gemini:json_only,FallingAlt_2,gemini,json_only,FallingAlt_2:movable_count,movability,B,B,1,1,,1,
task_asset_vqa_v2:FallingAlt_2:gemini:json_only,FallingAlt_2,gemini,json_only,FallingAlt_2:horizontal_relation,relative_position,C,C,1,1,,1,
task_asset_vqa_v2:FallingAlt_2:gemini:json_only,FallingAlt_2,gemini,json_only,FallingAlt_2:vertical_relation,relative_position,A,A,1,1,,1,
task_asset_vqa_v2:FallingAlt_2:gemini:json_only,FallingAlt_2,gemini,json_only,FallingAlt_2:red_quadrant,coarse_location,C,C,1,1,,1,
task_asset_vqa_v2:FallingAlt_2:gemini:json_only,FallingAlt_2,gemini,json_only,FallingAlt_2:goal_quadrant,coarse_location,D,D,1,1,,1,
task_asset_vqa_v2:FallingAlt_2:gemini:json_only,FallingAlt_2,gemini,json_only,FallingAlt_2:containment,containment,A,A,1,1,,1,
task_asset_vqa_v2:FallingAlt_2:gemini:json_only,FallingAlt_2,gemini,json_only,FallingAlt_2:movable_object_relation,movable_object_relation,B,B,1,1,,1,
task_asset_vqa_v2:FallingAlt_4:gemini:json_only,FallingAlt_4,gemini,json_only,FallingAlt_4:red_shape,shape,B,B,1,1,,1,
task_asset_vqa_v2:FallingAlt_4:gemini:json_only,FallingAlt_4,gemini,json_only,FallingAlt_4:goal_shape,shape,C,C,1,1,,1,
task_asset_vqa_v2:FallingAlt_4:gemini:json_only,FallingAlt_4,gemini,json_only,FallingAlt_4:blue_count,count_color,D,D,1,1,,1,
task_asset_vqa_v2:FallingAlt_4:gemini:json_only,FallingAlt_4,gemini,json_only,FallingAlt_4:colored_count,count_color,E,E,1,1,,1,
task_asset_vqa_v2:FallingAlt_4:gemini:json_only,FallingAlt_4,gemini,json_only,FallingAlt_4:movable_count,movability,F,F,1,1,,1,
task_asset_vqa_v2:FallingAlt_4:gemini:json_only,FallingAlt_4,gemini,json_only,FallingAlt_4:horizontal_relation,relative_position,A,A,1,1,,1,
task_asset_vqa_v2:FallingAlt_4:gemini:json_only,FallingAlt_4,gemini,json_only,FallingAlt_4:vertical_relation,relative_position,B,B,1,1,,1,
task_asset_vqa_v2:FallingAlt_4:gemini:json_only,FallingAlt_4,gemini,json_only,FallingAlt_4:red_quadrant,coarse_location,A,A,1,0,within_60px_of_x_or_y_divider,1,
task_asset_vqa_v2:FallingAlt_4:gemini:json_only,FallingAlt_4,gemini,json_only,FallingAlt_4:goal_quadrant,coarse_location,B,B,1,1,,1,
task_asset_vqa_v2:FallingAlt_4:gemini:json_only,FallingAlt_4,gemini,json_only,FallingAlt_4:containment,containment,A,A,1,1,,1,
task_asset_vqa_v2:FallingAlt_4:gemini:json_only,FallingAlt_4,gemini,json_only,FallingAlt_4:movable_object_relation,movable_object_relation,C,C,1,1,,1,
task_asset_vqa_v2:FallingAlt_5:gemini:image_only,FallingAlt_5,gemini,image_only,FallingAlt_5:red_shape,shape,A,A,1,1,,1,
task_asset_vqa_v2:FallingAlt_5:gemini:image_only,FallingAlt_5,gemini,image_only,FallingAlt_5:goal_shape,shape,B,B,1,1,,1,
task_asset_vqa_v2:FallingAlt_5:gemini:image_only,FallingAlt_5,gemini,image_only,FallingAlt_5:blue_count,count_color,C,C,1,1,,1,
task_asset_vqa_v2:FallingAlt_5:gemini:image_only,FallingAlt_5,gemini,image_only,FallingAlt_5:colored_count,count_color,D,D,1,1,,1,
task_asset_vqa_v2:FallingAlt_5:gemini:image_only,FallingAlt_5,gemini,image_only,FallingAlt_5:movable_count,movability,E,E,1,1,,1,
task_asset_vqa_v2:FallingAlt_5:gemini:image_only,FallingAlt_5,gemini,image_only,FallingAlt_5:horizontal_relation,relative_position,C,C,1,1,,1,
task_asset_vqa_v2:FallingAlt_5:gemini:image_only,FallingAlt_5,gemini,image_only,FallingAlt_5:vertical_relation,relative_position,A,A,1,1,,1,
task_asset_vqa_v2:FallingAlt_5:gemini:image_only,FallingAlt_5,gemini,image_only,FallingAlt_5:red_quadrant,coarse_location,D,D,1,1,,1,
task_asset_vqa_v2:FallingAlt_5:gemini:image_only,FallingAlt_5,gemini,image_only,FallingAlt_5:goal_quadrant,coarse_location,A,A,1,1,,1,
task_asset_vqa_v2:FallingAlt_5:gemini:image_only,FallingAlt_5,gemini,image_only,FallingAlt_5:containment,containment,B,B,1,1,,1,
task_asset_vqa_v2:FallingAlt_5:gemini:image_only,FallingAlt_5,gemini,image_only,FallingAlt_5:movable_object_relation,movable_object_relation,B,B,1,1,,1,
task_asset_vqa_v2:FallingAlt_5:gemini:json_only,FallingAlt_5,gemini,json_only,FallingAlt_5:red_shape,shape,A,A,1,1,,1,
task_asset_vqa_v2:FallingAlt_5:gemini:json_only,FallingAlt_5,gemini,json_only,FallingAlt_5:goal_shape,shape,B,B,1,1,,1,
task_asset_vqa_v2:FallingAlt_5:gemini:json_only,FallingAlt_5,gemini,json_only,FallingAlt_5:blue_count,count_color,C,C,1,1,,1,
task_asset_vqa_v2:FallingAlt_5:gemini:json_only,FallingAlt_5,gemini,json_only,FallingAlt_5:colored_count,count_color,D,D,1,1,,1,
task_asset_vqa_v2:FallingAlt_5:gemini:json_only,FallingAlt_5,gemini,json_only,FallingAlt_5:movable_count,movability,E,E,1,1,,1,
task_asset_vqa_v2:FallingAlt_5:gemini:json_only,FallingAlt_5,gemini,json_only,FallingAlt_5:horizontal_relation,relative_position,C,C,1,1,,1,
task_asset_vqa_v2:FallingAlt_5:gemini:json_only,FallingAlt_5,gemini,json_only,FallingAlt_5:vertical_relation,relative_position,A,A,1,1,,1,
task_asset_vqa_v2:FallingAlt_5:gemini:json_only,FallingAlt_5,gemini,json_only,FallingAlt_5:red_quadrant,coarse_location,D,D,1,1,,1,
task_asset_vqa_v2:FallingAlt_5:gemini:json_only,FallingAlt_5,gemini,json_only,FallingAlt_5:goal_quadrant,coarse_location,A,A,1,1,,1,
task_asset_vqa_v2:FallingAlt_5:gemini:json_only,FallingAlt_5,gemini,json_only,FallingAlt_5:containment,containment,B,B,1,1,,1,
task_asset_vqa_v2:FallingAlt_5:gemini:json_only,FallingAlt_5,gemini,json_only,FallingAlt_5:movable_object_relation,movable_object_relation,B,B,1,1,,1,
task_asset_vqa_v2:FallingAlt_4:gemini:image_only,FallingAlt_4,gemini,image_only,FallingAlt_4:red_shape,shape,B,B,1,1,,1,
task_asset_vqa_v2:FallingAlt_4:gemini:image_only,FallingAlt_4,gemini,image_only,FallingAlt_4:goal_shape,shape,C,C,1,1,,1,
task_asset_vqa_v2:FallingAlt_4:gemini:image_only,FallingAlt_4,gemini,image_only,FallingAlt_4:blue_count,count_color,D,D,1,1,,1,
task_asset_vqa_v2:FallingAlt_4:gemini:image_only,FallingAlt_4,gemini,image_only,FallingAlt_4:colored_count,count_color,E,E,1,1,,1,
task_asset_vqa_v2:FallingAlt_4:gemini:image_only,FallingAlt_4,gemini,image_only,FallingAlt_4:movable_count,movability,F,F,1,1,,1,
task_asset_vqa_v2:FallingAlt_4:gemini:image_only,FallingAlt_4,gemini,image_only,FallingAlt_4:horizontal_relation,relative_position,A,A,1,1,,1,
task_asset_vqa_v2:FallingAlt_4:gemini:image_only,FallingAlt_4,gemini,image_only,FallingAlt_4:vertical_relation,relative_position,B,B,1,1,,1,
task_asset_vqa_v2:FallingAlt_4:gemini:image_only,FallingAlt_4,gemini,image_only,FallingAlt_4:red_quadrant,coarse_location,A,A,1,0,within_60px_of_x_or_y_divider,1,
task_asset_vqa_v2:FallingAlt_4:gemini:image_only,FallingAlt_4,gemini,image_only,FallingAlt_4:goal_quadrant,coarse_location,B,B,1,1,,1,
task_asset_vqa_v2:FallingAlt_4:gemini:image_only,FallingAlt_4,gemini,image_only,FallingAlt_4:containment,containment,A,A,1,1,,1,
task_asset_vqa_v2:FallingAlt_4:gemini:image_only,FallingAlt_4,gemini,image_only,FallingAlt_4:movable_object_relation,movable_object_relation,C,C,1,1,,1,
task_asset_vqa_v2:FallingAlt_3:gemini:image_only,FallingAlt_3,gemini,image_only,FallingAlt_3:red_shape,shape,C,C,1,1,,1,
task_asset_vqa_v2:FallingAlt_3:gemini:image_only,FallingAlt_3,gemini,image_only,FallingAlt_3:goal_shape,shape,C,D,0,1,,1,
task_asset_vqa_v2:FallingAlt_3:gemini:image_only,FallingAlt_3,gemini,image_only,FallingAlt_3:blue_count,count_color,A,A,1,1,,1,
task_asset_vqa_v2:FallingAlt_3:gemini:image_only,FallingAlt_3,gemini,image_only,FallingAlt_3:colored_count,count_color,F,F,1,1,,1,
task_asset_vqa_v2:FallingAlt_3:gemini:image_only,FallingAlt_3,gemini,image_only,FallingAlt_3:movable_count,movability,A,A,1,1,,1,
task_asset_vqa_v2:FallingAlt_3:gemini:image_only,FallingAlt_3,gemini,image_only,FallingAlt_3:horizontal_relation,relative_position,B,B,1,1,,1,
task_asset_vqa_v2:FallingAlt_3:gemini:image_only,FallingAlt_3,gemini,image_only,FallingAlt_3:vertical_relation,relative_position,C,C,1,1,,1,
task_asset_vqa_v2:FallingAlt_3:gemini:image_only,FallingAlt_3,gemini,image_only,FallingAlt_3:red_quadrant,coarse_location,B,B,1,0,within_60px_of_x_or_y_divider,1,
task_asset_vqa_v2:FallingAlt_3:gemini:image_only,FallingAlt_3,gemini,image_only,FallingAlt_3:goal_quadrant,coarse_location,C,C,1,1,,1,
task_asset_vqa_v2:FallingAlt_3:gemini:image_only,FallingAlt_3,gemini,image_only,FallingAlt_3:containment,containment,B,B,1,1,,1,
task_asset_vqa_v2:FallingAlt_3:gemini:image_only,FallingAlt_3,gemini,image_only,FallingAlt_3:movable_object_relation,movable_object_relation,A,A,1,1,,1,
task_asset_vqa_v2:FallingAlt_6:gemini:image_only,FallingAlt_6,gemini,image_only,FallingAlt_6:red_shape,shape,D,D,1,1,,1,
task_asset_vqa_v2:FallingAlt_6:gemini:image_only,FallingAlt_6,gemini,image_only,FallingAlt_6:goal_shape,shape,A,A,1,1,,1,
task_asset_vqa_v2:FallingAlt_6:gemini:image_only,FallingAlt_6,gemini,image_only,FallingAlt_6:blue_count,count_color,B,B,1,1,,1,
task_asset_vqa_v2:FallingAlt_6:gemini:image_only,FallingAlt_6,gemini,image_only,FallingAlt_6:colored_count,count_color,C,C,1,1,,1,
task_asset_vqa_v2:FallingAlt_6:gemini:image_only,FallingAlt_6,gemini,image_only,FallingAlt_6:movable_count,movability,D,D,1,1,,1,
task_asset_vqa_v2:FallingAlt_6:gemini:image_only,FallingAlt_6,gemini,image_only,FallingAlt_6:horizontal_relation,relative_position,B,B,1,1,,1,
task_asset_vqa_v2:FallingAlt_6:gemini:image_only,FallingAlt_6,gemini,image_only,FallingAlt_6:vertical_relation,relative_position,C,C,1,1,,1,
task_asset_vqa_v2:FallingAlt_6:gemini:image_only,FallingAlt_6,gemini,image_only,FallingAlt_6:red_quadrant,coarse_location,C,C,1,0,within_60px_of_x_or_y_divider,1,
task_asset_vqa_v2:FallingAlt_6:gemini:image_only,FallingAlt_6,gemini,image_only,FallingAlt_6:goal_quadrant,coarse_location,D,D,1,1,,1,
task_asset_vqa_v2:FallingAlt_6:gemini:image_only,FallingAlt_6,gemini,image_only,FallingAlt_6:containment,containment,A,A,1,1,,1,
task_asset_vqa_v2:FallingAlt_6:gemini:image_only,FallingAlt_6,gemini,image_only,FallingAlt_6:movable_object_relation,movable_object_relation,A,A,1,1,,1,
task_asset_vqa_v2:FallingAlt_7:gemini:image_only,FallingAlt_7,gemini,image_only,FallingAlt_7:red_shape,shape,C,C,1,1,,1,
task_asset_vqa_v2:FallingAlt_7:gemini:image_only,FallingAlt_7,gemini,image_only,FallingAlt_7:goal_shape,shape,D,D,1,1,,1,
task_asset_vqa_v2:FallingAlt_7:gemini:image_only,FallingAlt_7,gemini,image_only,FallingAlt_7:blue_count,count_color,A,A,1,1,,1,
task_asset_vqa_v2:FallingAlt_7:gemini:image_only,FallingAlt_7,gemini,image_only,FallingAlt_7:colored_count,count_color,B,B,1,1,,1,
task_asset_vqa_v2:FallingAlt_7:gemini:image_only,FallingAlt_7,gemini,image_only,FallingAlt_7:movable_count,movability,C,C,1,1,,1,
task_asset_vqa_v2:FallingAlt_7:gemini:image_only,FallingAlt_7,gemini,image_only,FallingAlt_7:horizontal_relation,relative_position,A,A,1,1,,1,
task_asset_vqa_v2:FallingAlt_7:gemini:image_only,FallingAlt_7,gemini,image_only,FallingAlt_7:vertical_relation,relative_position,B,B,1,1,,1,
task_asset_vqa_v2:FallingAlt_7:gemini:image_only,FallingAlt_7,gemini,image_only,FallingAlt_7:red_quadrant,coarse_location,B,B,1,0,within_60px_of_x_or_y_divider,1,
task_asset_vqa_v2:FallingAlt_7:gemini:image_only,FallingAlt_7,gemini,image_only,FallingAlt_7:goal_quadrant,coarse_location,C,C,1,1,,1,
task_asset_vqa_v2:FallingAlt_7:gemini:image_only,FallingAlt_7,gemini,image_only,FallingAlt_7:containment,containment,B,B,1,1,,1,
task_asset_vqa_v2:FallingAlt_7:gemini:image_only,FallingAlt_7,gemini,image_only,FallingAlt_7:movable_object_relation,movable_object_relation,C,C,1,1,,1,
task_asset_vqa_v2:FallingAlt_7:gemini:json_only,FallingAlt_7,gemini,json_only,FallingAlt_7:red_shape,shape,C,C,1,1,,1,
task_asset_vqa_v2:FallingAlt_7:gemini:json_only,FallingAlt_7,gemini,json_only,FallingAlt_7:goal_shape,shape,D,D,1,1,,1,
task_asset_vqa_v2:FallingAlt_7:gemini:json_only,FallingAlt_7,gemini,json_only,FallingAlt_7:blue_count,count_color,A,A,1,1,,1,
task_asset_vqa_v2:FallingAlt_7:gemini:json_only,FallingAlt_7,gemini,json_only,FallingAlt_7:colored_count,count_color,B,B,1,1,,1,
task_asset_vqa_v2:FallingAlt_7:gemini:json_only,FallingAlt_7,gemini,json_only,FallingAlt_7:movable_count,movability,C,C,1,1,,1,
task_asset_vqa_v2:FallingAlt_7:gemini:json_only,FallingAlt_7,gemini,json_only,FallingAlt_7:horizontal_relation,relative_position,A,A,1,1,,1,
task_asset_vqa_v2:FallingAlt_7:gemini:json_only,FallingAlt_7,gemini,json_only,FallingAlt_7:vertical_relation,relative_position,B,B,1,1,,1,
task_asset_vqa_v2:FallingAlt_7:gemini:json_only,FallingAlt_7,gemini,json_only,FallingAlt_7:red_quadrant,coarse_location,B,B,1,0,within_60px_of_x_or_y_divider,1,
task_asset_vqa_v2:FallingAlt_7:gemini:json_only,FallingAlt_7,gemini,json_only,FallingAlt_7:goal_quadrant,coarse_location,C,C,1,1,,1,
task_asset_vqa_v2:FallingAlt_7:gemini:json_only,FallingAlt_7,gemini,json_only,FallingAlt_7:containment,containment,B,B,1,1,,1,
task_asset_vqa_v2:FallingAlt_7:gemini:json_only,FallingAlt_7,gemini,json_only,FallingAlt_7:movable_object_relation,movable_object_relation,C,C,1,1,,1,
task_asset_vqa_v2:FallingAlt_8:gemini:json_only,FallingAlt_8,gemini,json_only,FallingAlt_8:red_shape,shape,B,B,1,1,,1,
task_asset_vqa_v2:FallingAlt_8:gemini:json_only,FallingAlt_8,gemini,json_only,FallingAlt_8:goal_shape,shape,C,C,1,1,,1,
task_asset_vqa_v2:FallingAlt_8:gemini:json_only,FallingAlt_8,gemini,json_only,FallingAlt_8:blue_count,count_color,D,D,1,1,,1,
task_asset_vqa_v2:FallingAlt_8:gemini:json_only,FallingAlt_8,gemini,json_only,FallingAlt_8:colored_count,count_color,A,A,1,1,,1,
task_asset_vqa_v2:FallingAlt_8:gemini:json_only,FallingAlt_8,gemini,json_only,FallingAlt_8:movable_count,movability,B,B,1,1,,1,
task_asset_vqa_v2:FallingAlt_8:gemini:json_only,FallingAlt_8,gemini,json_only,FallingAlt_8:horizontal_relation,relative_position,C,C,1,1,,1,
task_asset_vqa_v2:FallingAlt_8:gemini:json_only,FallingAlt_8,gemini,json_only,FallingAlt_8:vertical_relation,relative_position,A,A,1,1,,1,
task_asset_vqa_v2:FallingAlt_8:gemini:json_only,FallingAlt_8,gemini,json_only,FallingAlt_8:red_quadrant,coarse_location,A,A,1,0,within_60px_of_x_or_y_divider,1,
task_asset_vqa_v2:FallingAlt_8:gemini:json_only,FallingAlt_8,gemini,json_only,FallingAlt_8:goal_quadrant,coarse_location,B,B,1,1,,1,
task_asset_vqa_v2:FallingAlt_8:gemini:json_only,FallingAlt_8,gemini,json_only,FallingAlt_8:containment,containment,A,A,1,1,,1,
task_asset_vqa_v2:FallingAlt_8:gemini:json_only,FallingAlt_8,gemini,json_only,FallingAlt_8:movable_object_relation,movable_object_relation,B,B,1,1,,1,
task_asset_vqa_v2:FallingAlt_6:gemini:json_only,FallingAlt_6,gemini,json_only,FallingAlt_6:red_shape,shape,D,D,1,1,,1,
task_asset_vqa_v2:FallingAlt_6:gemini:json_only,FallingAlt_6,gemini,json_only,FallingAlt_6:goal_shape,shape,A,A,1,1,,1,
task_asset_vqa_v2:FallingAlt_6:gemini:json_only,FallingAlt_6,gemini,json_only,FallingAlt_6:blue_count,count_color,B,B,1,1,,1,
task_asset_vqa_v2:FallingAlt_6:gemini:json_only,FallingAlt_6,gemini,json_only,FallingAlt_6:colored_count,count_color,C,C,1,1,,1,
task_asset_vqa_v2:FallingAlt_6:gemini:json_only,FallingAlt_6,gemini,json_only,FallingAlt_6:movable_count,movability,D,D,1,1,,1,
task_asset_vqa_v2:FallingAlt_6:gemini:json_only,FallingAlt_6,gemini,json_only,FallingAlt_6:horizontal_relation,relative_position,B,B,1,1,,1,
task_asset_vqa_v2:FallingAlt_6:gemini:json_only,FallingAlt_6,gemini,json_only,FallingAlt_6:vertical_relation,relative_position,C,C,1,1,,1,
task_asset_vqa_v2:FallingAlt_6:gemini:json_only,FallingAlt_6,gemini,json_only,FallingAlt_6:red_quadrant,coarse_location,C,C,1,0,within_60px_of_x_or_y_divider,1,
task_asset_vqa_v2:FallingAlt_6:gemini:json_only,FallingAlt_6,gemini,json_only,FallingAlt_6:goal_quadrant,coarse_location,D,D,1,1,,1,
task_asset_vqa_v2:FallingAlt_6:gemini:json_only,FallingAlt_6,gemini,json_only,FallingAlt_6:containment,containment,A,A,1,1,,1,
task_asset_vqa_v2:FallingAlt_6:gemini:json_only,FallingAlt_6,gemini,json_only,FallingAlt_6:movable_object_relation,movable_object_relation,A,A,1,1,,1,
task_asset_vqa_v2:FallingAlt_9:gemini:image_only,FallingAlt_9,gemini,image_only,FallingAlt_9:red_shape,shape,A,A,1,1,,1,
task_asset_vqa_v2:FallingAlt_9:gemini:image_only,FallingAlt_9,gemini,image_only,FallingAlt_9:goal_shape,shape,B,B,1,1,,1,
task_asset_vqa_v2:FallingAlt_9:gemini:image_only,FallingAlt_9,gemini,image_only,FallingAlt_9:blue_count,count_color,C,C,1,1,,1,
task_asset_vqa_v2:FallingAlt_9:gemini:image_only,FallingAlt_9,gemini,image_only,FallingAlt_9:colored_count,count_color,F,F,1,1,,1,
task_asset_vqa_v2:FallingAlt_9:gemini:image_only,FallingAlt_9,gemini,image_only,FallingAlt_9:movable_count,movability,A,A,1,1,,1,
task_asset_vqa_v2:FallingAlt_9:gemini:image_only,FallingAlt_9,gemini,image_only,FallingAlt_9:horizontal_relation,relative_position,B,B,1,1,,1,
task_asset_vqa_v2:FallingAlt_9:gemini:image_only,FallingAlt_9,gemini,image_only,FallingAlt_9:vertical_relation,relative_position,C,C,1,1,,1,
task_asset_vqa_v2:FallingAlt_9:gemini:image_only,FallingAlt_9,gemini,image_only,FallingAlt_9:red_quadrant,coarse_location,D,D,1,1,,1,
task_asset_vqa_v2:FallingAlt_9:gemini:image_only,FallingAlt_9,gemini,image_only,FallingAlt_9:goal_quadrant,coarse_location,A,A,1,1,,1,
task_asset_vqa_v2:FallingAlt_9:gemini:image_only,FallingAlt_9,gemini,image_only,FallingAlt_9:containment,containment,B,B,1,1,,1,
task_asset_vqa_v2:FallingAlt_9:gemini:image_only,FallingAlt_9,gemini,image_only,FallingAlt_9:movable_object_relation,movable_object_relation,A,A,1,1,,1,
task_asset_vqa_v2:FallingAlt_9:gemini:json_only,FallingAlt_9,gemini,json_only,FallingAlt_9:red_shape,shape,A,A,1,1,,1,
task_asset_vqa_v2:FallingAlt_9:gemini:json_only,FallingAlt_9,gemini,json_only,FallingAlt_9:goal_shape,shape,B,B,1,1,,1,
task_asset_vqa_v2:FallingAlt_9:gemini:json_only,FallingAlt_9,gemini,json_only,FallingAlt_9:blue_count,count_color,C,C,1,1,,1,
task_asset_vqa_v2:FallingAlt_9:gemini:json_only,FallingAlt_9,gemini,json_only,FallingAlt_9:colored_count,count_color,F,F,1,1,,1,
task_asset_vqa_v2:FallingAlt_9:gemini:json_only,FallingAlt_9,gemini,json_only,FallingAlt_9:movable_count,movability,A,A,1,1,,1,
task_asset_vqa_v2:FallingAlt_9:gemini:json_only,FallingAlt_9,gemini,json_only,FallingAlt_9:horizontal_relation,relative_position,B,B,1,1,,1,
task_asset_vqa_v2:FallingAlt_9:gemini:json_only,FallingAlt_9,gemini,json_only,FallingAlt_9:vertical_relation,relative_position,C,C,1,1,,1,
task_asset_vqa_v2:FallingAlt_9:gemini:json_only,FallingAlt_9,gemini,json_only,FallingAlt_9:red_quadrant,coarse_location,D,D,1,1,,1,
task_asset_vqa_v2:FallingAlt_9:gemini:json_only,FallingAlt_9,gemini,json_only,FallingAlt_9:goal_quadrant,coarse_location,A,A,1,1,,1,
task_asset_vqa_v2:FallingAlt_9:gemini:json_only,FallingAlt_9,gemini,json_only,FallingAlt_9:containment,containment,B,B,1,1,,1,
task_asset_vqa_v2:FallingAlt_9:gemini:json_only,FallingAlt_9,gemini,json_only,FallingAlt_9:movable_object_relation,movable_object_relation,A,A,1,1,,1,
task_asset_vqa_v2:FallingAlt_8:gemini:image_only,FallingAlt_8,gemini,image_only,FallingAlt_8:red_shape,shape,B,B,1,1,,1,
task_asset_vqa_v2:FallingAlt_8:gemini:image_only,FallingAlt_8,gemini,image_only,FallingAlt_8:goal_shape,shape,C,C,1,1,,1,
task_asset_vqa_v2:FallingAlt_8:gemini:image_only,FallingAlt_8,gemini,image_only,FallingAlt_8:blue_count,count_color,D,D,1,1,,1,
task_asset_vqa_v2:FallingAlt_8:gemini:image_only,FallingAlt_8,gemini,image_only,FallingAlt_8:colored_count,count_color,A,A,1,1,,1,
task_asset_vqa_v2:FallingAlt_8:gemini:image_only,FallingAlt_8,gemini,image_only,FallingAlt_8:movable_count,movability,B,B,1,1,,1,
task_asset_vqa_v2:FallingAlt_8:gemini:image_only,FallingAlt_8,gemini,image_only,FallingAlt_8:horizontal_relation,relative_position,C,C,1,1,,1,
task_asset_vqa_v2:FallingAlt_8:gemini:image_only,FallingAlt_8,gemini,image_only,FallingAlt_8:vertical_relation,relative_position,A,A,1,1,,1,
task_asset_vqa_v2:FallingAlt_8:gemini:image_only,FallingAlt_8,gemini,image_only,FallingAlt_8:red_quadrant,coarse_location,A,A,1,0,within_60px_of_x_or_y_divider,1,
task_asset_vqa_v2:FallingAlt_8:gemini:image_only,FallingAlt_8,gemini,image_only,FallingAlt_8:goal_quadrant,coarse_location,B,B,1,1,,1,
task_asset_vqa_v2:FallingAlt_8:gemini:image_only,FallingAlt_8,gemini,image_only,FallingAlt_8:containment,containment,A,A,1,1,,1,
task_asset_vqa_v2:FallingAlt_8:gemini:image_only,FallingAlt_8,gemini,image_only,FallingAlt_8:movable_object_relation,movable_object_relation,B,B,1,1,,1,
task_asset_vqa_v2:Falling_1:gemini:image_only,Falling_1,gemini,image_only,Falling_1:red_shape,shape,D,D,1,1,,1,
task_asset_vqa_v2:Falling_1:gemini:image_only,Falling_1,gemini,image_only,Falling_1:goal_shape,shape,D,A,0,1,,1,
task_asset_vqa_v2:Falling_1:gemini:image_only,Falling_1,gemini,image_only,Falling_1:blue_count,count_color,B,B,1,1,,1,
task_asset_vqa_v2:Falling_1:gemini:image_only,Falling_1,gemini,image_only,Falling_1:colored_count,count_color,E,E,1,1,,1,
task_asset_vqa_v2:Falling_1:gemini:image_only,Falling_1,gemini,image_only,Falling_1:movable_count,movability,F,F,1,1,,1,
task_asset_vqa_v2:Falling_1:gemini:image_only,Falling_1,gemini,image_only,Falling_1:horizontal_relation,relative_position,A,A,1,1,,1,
task_asset_vqa_v2:Falling_1:gemini:image_only,Falling_1,gemini,image_only,Falling_1:vertical_relation,relative_position,B,B,1,1,,1,
task_asset_vqa_v2:Falling_1:gemini:image_only,Falling_1,gemini,image_only,Falling_1:red_quadrant,coarse_location,D,C,0,0,within_60px_of_x_or_y_divider,1,
task_asset_vqa_v2:Falling_1:gemini:image_only,Falling_1,gemini,image_only,Falling_1:goal_quadrant,coarse_location,D,D,1,0,within_60px_of_x_or_y_divider,1,
task_asset_vqa_v2:Falling_1:gemini:image_only,Falling_1,gemini,image_only,Falling_1:containment,containment,A,A,1,1,,1,
task_asset_vqa_v2:Falling_1:gemini:image_only,Falling_1,gemini,image_only,Falling_1:movable_object_relation,movable_object_relation,C,C,1,1,,1,
task_asset_vqa_v2:Falling_10:gemini:json_only,Falling_10,gemini,json_only,Falling_10:red_shape,shape,C,C,1,1,,1,
task_asset_vqa_v2:Falling_10:gemini:json_only,Falling_10,gemini,json_only,Falling_10:goal_shape,shape,D,D,1,1,,1,
task_asset_vqa_v2:Falling_10:gemini:json_only,Falling_10,gemini,json_only,Falling_10:blue_count,count_color,A,A,1,1,,1,
task_asset_vqa_v2:Falling_10:gemini:json_only,Falling_10,gemini,json_only,Falling_10:colored_count,count_color,D,D,1,1,,1,
task_asset_vqa_v2:Falling_10:gemini:json_only,Falling_10,gemini,json_only,Falling_10:movable_count,movability,E,E,1,1,,1,
task_asset_vqa_v2:Falling_10:gemini:json_only,Falling_10,gemini,json_only,Falling_10:horizontal_relation,relative_position,C,C,1,1,,1,
task_asset_vqa_v2:Falling_10:gemini:json_only,Falling_10,gemini,json_only,Falling_10:vertical_relation,relative_position,A,A,1,1,,1,
task_asset_vqa_v2:Falling_10:gemini:json_only,Falling_10,gemini,json_only,Falling_10:red_quadrant,coarse_location,B,B,1,0,within_60px_of_x_or_y_divider,1,
task_asset_vqa_v2:Falling_10:gemini:json_only,Falling_10,gemini,json_only,Falling_10:goal_quadrant,coarse_location,C,C,1,1,,1,
task_asset_vqa_v2:Falling_10:gemini:json_only,Falling_10,gemini,json_only,Falling_10:containment,containment,B,B,1,1,,1,
task_asset_vqa_v2:Falling_10:gemini:json_only,Falling_10,gemini,json_only,Falling_10:movable_object_relation,movable_object_relation,B,B,1,1,,1,
task_asset_vqa_v2:Falling_2:gemini:image_only,Falling_2,gemini,image_only,Falling_2:red_shape,shape,B,B,1,1,,1,
task_asset_vqa_v2:Falling_2:gemini:image_only,Falling_2,gemini,image_only,Falling_2:goal_shape,shape,A,C,0,1,,1,
task_asset_vqa_v2:Falling_2:gemini:image_only,Falling_2,gemini,image_only,Falling_2:blue_count,count_color,D,D,1,1,,1,
task_asset_vqa_v2:Falling_2:gemini:image_only,Falling_2,gemini,image_only,Falling_2:colored_count,count_color,C,C,1,1,,1,
task_asset_vqa_v2:Falling_2:gemini:image_only,Falling_2,gemini,image_only,Falling_2:movable_count,movability,D,D,1,1,,1,
task_asset_vqa_v2:Falling_2:gemini:image_only,Falling_2,gemini,image_only,Falling_2:horizontal_relation,relative_position,B,B,1,1,,1,
task_asset_vqa_v2:Falling_2:gemini:image_only,Falling_2,gemini,image_only,Falling_2:vertical_relation,relative_position,C,C,1,1,,1,
task_asset_vqa_v2:Falling_2:gemini:image_only,Falling_2,gemini,image_only,Falling_2:red_quadrant,coarse_location,A,A,1,0,within_60px_of_x_or_y_divider,1,
task_asset_vqa_v2:Falling_2:gemini:image_only,Falling_2,gemini,image_only,Falling_2:goal_quadrant,coarse_location,B,B,1,1,,1,
task_asset_vqa_v2:Falling_2:gemini:image_only,Falling_2,gemini,image_only,Falling_2:containment,containment,A,A,1,1,,1,
task_asset_vqa_v2:Falling_2:gemini:image_only,Falling_2,gemini,image_only,Falling_2:movable_object_relation,movable_object_relation,A,A,1,1,,1,
task_asset_vqa_v2:Falling_10:gemini:image_only,Falling_10,gemini,image_only,Falling_10:red_shape,shape,C,C,1,1,,1,
task_asset_vqa_v2:Falling_10:gemini:image_only,Falling_10,gemini,image_only,Falling_10:goal_shape,shape,C,D,0,1,,1,
task_asset_vqa_v2:Falling_10:gemini:image_only,Falling_10,gemini,image_only,Falling_10:blue_count,count_color,A,A,1,1,,1,
task_asset_vqa_v2:Falling_10:gemini:image_only,Falling_10,gemini,image_only,Falling_10:colored_count,count_color,D,D,1,1,,1,
task_asset_vqa_v2:Falling_10:gemini:image_only,Falling_10,gemini,image_only,Falling_10:movable_count,movability,E,E,1,1,,1,
task_asset_vqa_v2:Falling_10:gemini:image_only,Falling_10,gemini,image_only,Falling_10:horizontal_relation,relative_position,C,C,1,1,,1,
task_asset_vqa_v2:Falling_10:gemini:image_only,Falling_10,gemini,image_only,Falling_10:vertical_relation,relative_position,A,A,1,1,,1,
task_asset_vqa_v2:Falling_10:gemini:image_only,Falling_10,gemini,image_only,Falling_10:red_quadrant,coarse_location,B,B,1,0,within_60px_of_x_or_y_divider,1,
task_asset_vqa_v2:Falling_10:gemini:image_only,Falling_10,gemini,image_only,Falling_10:goal_quadrant,coarse_location,C,C,1,1,,1,
task_asset_vqa_v2:Falling_10:gemini:image_only,Falling_10,gemini,image_only,Falling_10:containment,containment,B,B,1,1,,1,
task_asset_vqa_v2:Falling_10:gemini:image_only,Falling_10,gemini,image_only,Falling_10:movable_object_relation,movable_object_relation,B,B,1,1,,1,
task_asset_vqa_v2:Falling_3:gemini:json_only,Falling_3,gemini,json_only,Falling_3:red_shape,shape,A,A,1,1,,1,
task_asset_vqa_v2:Falling_3:gemini:json_only,Falling_3,gemini,json_only,Falling_3:goal_shape,shape,B,B,1,1,,1,
task_asset_vqa_v2:Falling_3:gemini:json_only,Falling_3,gemini,json_only,Falling_3:blue_count,count_color,C,C,1,1,,1,
task_asset_vqa_v2:Falling_3:gemini:json_only,Falling_3,gemini,json_only,Falling_3:colored_count,count_color,B,B,1,1,,1,
task_asset_vqa_v2:Falling_3:gemini:json_only,Falling_3,gemini,json_only,Falling_3:movable_count,movability,C,C,1,1,,1,
task_asset_vqa_v2:Falling_3:gemini:json_only,Falling_3,gemini,json_only,Falling_3:horizontal_relation,relative_position,A,A,1,1,,1,
task_asset_vqa_v2:Falling_3:gemini:json_only,Falling_3,gemini,json_only,Falling_3:vertical_relation,relative_position,B,B,1,1,,1,
task_asset_vqa_v2:Falling_3:gemini:json_only,Falling_3,gemini,json_only,Falling_3:red_quadrant,coarse_location,D,D,1,0,within_60px_of_x_or_y_divider,1,
task_asset_vqa_v2:Falling_3:gemini:json_only,Falling_3,gemini,json_only,Falling_3:goal_quadrant,coarse_location,A,A,1,0,within_60px_of_x_or_y_divider,1,
task_asset_vqa_v2:Falling_3:gemini:json_only,Falling_3,gemini,json_only,Falling_3:containment,containment,B,B,1,1,,1,
task_asset_vqa_v2:Falling_3:gemini:json_only,Falling_3,gemini,json_only,Falling_3:movable_object_relation,movable_object_relation,C,C,1,1,,1,
task_asset_vqa_v2:Falling_5:gemini:image_only,Falling_5,gemini,image_only,Falling_5:red_shape,shape,D,D,1,1,,1,
task_asset_vqa_v2:Falling_5:gemini:image_only,Falling_5,gemini,image_only,Falling_5:goal_shape,shape,D,A,0,1,,1,
task_asset_vqa_v2:Falling_5:gemini:image_only,Falling_5,gemini,image_only,Falling_5:blue_count,count_color,B,B,1,1,,1,
task_asset_vqa_v2:Falling_5:gemini:image_only,Falling_5,gemini,image_only,Falling_5:colored_count,count_color,A,A,1,1,,1,
task_asset_vqa_v2:Falling_5:gemini:image_only,Falling_5,gemini,image_only,Falling_5:movable_count,movability,B,B,1,1,,1,
task_asset_vqa_v2:Falling_5:gemini:image_only,Falling_5,gemini,image_only,Falling_5:horizontal_relation,relative_position,C,C,1,1,,1,
task_asset_vqa_v2:Falling_5:gemini:image_only,Falling_5,gemini,image_only,Falling_5:vertical_relation,relative_position,A,A,1,1,,1,
task_asset_vqa_v2:Falling_5:gemini:image_only,Falling_5,gemini,image_only,Falling_5:red_quadrant,coarse_location,C,C,1,0,within_60px_of_x_or_y_divider,1,
task_asset_vqa_v2:Falling_5:gemini:image_only,Falling_5,gemini,image_only,Falling_5:goal_quadrant,coarse_location,D,D,1,1,,1,
task_asset_vqa_v2:Falling_5:gemini:image_only,Falling_5,gemini,image_only,Falling_5:containment,containment,A,A,1,1,,1,
task_asset_vqa_v2:Falling_5:gemini:image_only,Falling_5,gemini,image_only,Falling_5:movable_object_relation,movable_object_relation,B,B,1,1,,1,
task_asset_vqa_v2:Falling_5:gemini:json_only,Falling_5,gemini,json_only,Falling_5:red_shape,shape,D,D,1,1,,1,
task_asset_vqa_v2:Falling_5:gemini:json_only,Falling_5,gemini,json_only,Falling_5:goal_shape,shape,A,A,1,1,,1,
task_asset_vqa_v2:Falling_5:gemini:json_only,Falling_5,gemini,json_only,Falling_5:blue_count,count_color,B,B,1,1,,1,
task_asset_vqa_v2:Falling_5:gemini:json_only,Falling_5,gemini,json_only,Falling_5:colored_count,count_color,A,A,1,1,,1,
task_asset_vqa_v2:Falling_5:gemini:json_only,Falling_5,gemini,json_only,Falling_5:movable_count,movability,B,B,1,1,,1,
task_asset_vqa_v2:Falling_5:gemini:json_only,Falling_5,gemini,json_only,Falling_5:horizontal_relation,relative_position,C,C,1,1,,1,
task_asset_vqa_v2:Falling_5:gemini:json_only,Falling_5,gemini,json_only,Falling_5:vertical_relation,relative_position,A,A,1,1,,1,
task_asset_vqa_v2:Falling_5:gemini:json_only,Falling_5,gemini,json_only,Falling_5:red_quadrant,coarse_location,C,C,1,0,within_60px_of_x_or_y_divider,1,
task_asset_vqa_v2:Falling_5:gemini:json_only,Falling_5,gemini,json_only,Falling_5:goal_quadrant,coarse_location,D,D,1,1,,1,
task_asset_vqa_v2:Falling_5:gemini:json_only,Falling_5,gemini,json_only,Falling_5:containment,containment,A,A,1,1,,1,
task_asset_vqa_v2:Falling_5:gemini:json_only,Falling_5,gemini,json_only,Falling_5:movable_object_relation,movable_object_relation,B,B,1,1,,1,
task_asset_vqa_v2:Falling_6:gemini:image_only,Falling_6,gemini,image_only,Falling_6:red_shape,shape,C,C,1,1,,1,
task_asset_vqa_v2:Falling_6:gemini:image_only,Falling_6,gemini,image_only,Falling_6:goal_shape,shape,D,D,1,1,,1,
task_asset_vqa_v2:Falling_6:gemini:image_only,Falling_6,gemini,image_only,Falling_6:blue_count,count_color,A,A,1,1,,1,
task_asset_vqa_v2:Falling_6:gemini:image_only,Falling_6,gemini,image_only,Falling_6:colored_count,count_color,F,F,1,1,,1,
task_asset_vqa_v2:Falling_6:gemini:image_only,Falling_6,gemini,image_only,Falling_6:movable_count,movability,A,A,1,1,,1,
task_asset_vqa_v2:Falling_6:gemini:image_only,Falling_6,gemini,image_only,Falling_6:horizontal_relation,relative_position,B,B,1,1,,1,
task_asset_vqa_v2:Falling_6:gemini:image_only,Falling_6,gemini,image_only,Falling_6:vertical_relation,relative_position,C,C,1,1,,1,
task_asset_vqa_v2:Falling_6:gemini:image_only,Falling_6,gemini,image_only,Falling_6:red_quadrant,coarse_location,B,B,1,0,within_60px_of_x_or_y_divider,1,
task_asset_vqa_v2:Falling_6:gemini:image_only,Falling_6,gemini,image_only,Falling_6:goal_quadrant,coarse_location,C,C,1,1,,1,
task_asset_vqa_v2:Falling_6:gemini:image_only,Falling_6,gemini,image_only,Falling_6:containment,containment,B,B,1,1,,1,
task_asset_vqa_v2:Falling_6:gemini:image_only,Falling_6,gemini,image_only,Falling_6:movable_object_relation,movable_object_relation,A,A,1,1,,1,
task_asset_vqa_v2:Falling_6:gemini:json_only,Falling_6,gemini,json_only,Falling_6:red_shape,shape,C,C,1,1,,1,
task_asset_vqa_v2:Falling_6:gemini:json_only,Falling_6,gemini,json_only,Falling_6:goal_shape,shape,D,D,1,1,,1,
task_asset_vqa_v2:Falling_6:gemini:json_only,Falling_6,gemini,json_only,Falling_6:blue_count,count_color,A,A,1,1,,1,
task_asset_vqa_v2:Falling_6:gemini:json_only,Falling_6,gemini,json_only,Falling_6:colored_count,count_color,F,F,1,1,,1,
task_asset_vqa_v2:Falling_6:gemini:json_only,Falling_6,gemini,json_only,Falling_6:movable_count,movability,A,A,1,1,,1,
task_asset_vqa_v2:Falling_6:gemini:json_only,Falling_6,gemini,json_only,Falling_6:horizontal_relation,relative_position,B,B,1,1,,1,
task_asset_vqa_v2:Falling_6:gemini:json_only,Falling_6,gemini,json_only,Falling_6:vertical_relation,relative_position,C,C,1,1,,1,
task_asset_vqa_v2:Falling_6:gemini:json_only,Falling_6,gemini,json_only,Falling_6:red_quadrant,coarse_location,B,B,1,0,within_60px_of_x_or_y_divider,1,
task_asset_vqa_v2:Falling_6:gemini:json_only,Falling_6,gemini,json_only,Falling_6:goal_quadrant,coarse_location,C,C,1,1,,1,
task_asset_vqa_v2:Falling_6:gemini:json_only,Falling_6,gemini,json_only,Falling_6:containment,containment,B,B,1,1,,1,
task_asset_vqa_v2:Falling_6:gemini:json_only,Falling_6,gemini,json_only,Falling_6:movable_object_relation,movable_object_relation,A,A,1,1,,1,
task_asset_vqa_v2:Falling_7:gemini:image_only,Falling_7,gemini,image_only,Falling_7:red_shape,shape,B,B,1,1,,1,
task_asset_vqa_v2:Falling_7:gemini:image_only,Falling_7,gemini,image_only,Falling_7:goal_shape,shape,C,C,1,1,,1,
task_asset_vqa_v2:Falling_7:gemini:image_only,Falling_7,gemini,image_only,Falling_7:blue_count,count_color,D,D,1,1,,1,
task_asset_vqa_v2:Falling_7:gemini:image_only,Falling_7,gemini,image_only,Falling_7:colored_count,count_color,E,E,1,1,,1,
task_asset_vqa_v2:Falling_7:gemini:image_only,Falling_7,gemini,image_only,Falling_7:movable_count,movability,F,F,1,1,,1,
task_asset_vqa_v2:Falling_7:gemini:image_only,Falling_7,gemini,image_only,Falling_7:horizontal_relation,relative_position,A,A,1,1,,1,
task_asset_vqa_v2:Falling_7:gemini:image_only,Falling_7,gemini,image_only,Falling_7:vertical_relation,relative_position,B,B,1,1,,1,
task_asset_vqa_v2:Falling_7:gemini:image_only,Falling_7,gemini,image_only,Falling_7:red_quadrant,coarse_location,A,A,1,1,,1,
task_asset_vqa_v2:Falling_7:gemini:image_only,Falling_7,gemini,image_only,Falling_7:goal_quadrant,coarse_location,B,B,1,1,,1,
task_asset_vqa_v2:Falling_7:gemini:image_only,Falling_7,gemini,image_only,Falling_7:containment,containment,A,A,1,1,,1,
task_asset_vqa_v2:Falling_7:gemini:image_only,Falling_7,gemini,image_only,Falling_7:movable_object_relation,movable_object_relation,C,C,1,1,,1,
task_asset_vqa_v2:Falling_8:gemini:image_only,Falling_8,gemini,image_only,Falling_8:red_shape,shape,A,A,1,1,,1,
task_asset_vqa_v2:Falling_8:gemini:image_only,Falling_8,gemini,image_only,Falling_8:goal_shape,shape,C,B,0,1,,1,
task_asset_vqa_v2:Falling_8:gemini:image_only,Falling_8,gemini,image_only,Falling_8:blue_count,count_color,C,C,1,1,,1,
task_asset_vqa_v2:Falling_8:gemini:image_only,Falling_8,gemini,image_only,Falling_8:colored_count,count_color,D,D,1,1,,1,
task_asset_vqa_v2:Falling_8:gemini:image_only,Falling_8,gemini,image_only,Falling_8:movable_count,movability,E,E,1,1,,1,
task_asset_vqa_v2:Falling_8:gemini:image_only,Falling_8,gemini,image_only,Falling_8:horizontal_relation,relative_position,C,C,1,1,,1,
task_asset_vqa_v2:Falling_8:gemini:image_only,Falling_8,gemini,image_only,Falling_8:vertical_relation,relative_position,A,A,1,1,,1,
task_asset_vqa_v2:Falling_8:gemini:image_only,Falling_8,gemini,image_only,Falling_8:red_quadrant,coarse_location,D,D,1,1,,1,
task_asset_vqa_v2:Falling_8:gemini:image_only,Falling_8,gemini,image_only,Falling_8:goal_quadrant,coarse_location,A,A,1,1,,1,
task_asset_vqa_v2:Falling_8:gemini:image_only,Falling_8,gemini,image_only,Falling_8:containment,containment,B,B,1,1,,1,
task_asset_vqa_v2:Falling_8:gemini:image_only,Falling_8,gemini,image_only,Falling_8:movable_object_relation,movable_object_relation,B,B,1,1,,1,
task_asset_vqa_v2:Falling_8:gemini:json_only,Falling_8,gemini,json_only,Falling_8:red_shape,shape,A,A,1,1,,1,
task_asset_vqa_v2:Falling_8:gemini:json_only,Falling_8,gemini,json_only,Falling_8:goal_shape,shape,B,B,1,1,,1,
task_asset_vqa_v2:Falling_8:gemini:json_only,Falling_8,gemini,json_only,Falling_8:blue_count,count_color,C,C,1,1,,1,
task_asset_vqa_v2:Falling_8:gemini:json_only,Falling_8,gemini,json_only,Falling_8:colored_count,count_color,D,D,1,1,,1,
task_asset_vqa_v2:Falling_8:gemini:json_only,Falling_8,gemini,json_only,Falling_8:movable_count,movability,E,E,1,1,,1,
task_asset_vqa_v2:Falling_8:gemini:json_only,Falling_8,gemini,json_only,Falling_8:horizontal_relation,relative_position,C,C,1,1,,1,
task_asset_vqa_v2:Falling_8:gemini:json_only,Falling_8,gemini,json_only,Falling_8:vertical_relation,relative_position,A,A,1,1,,1,
task_asset_vqa_v2:Falling_8:gemini:json_only,Falling_8,gemini,json_only,Falling_8:red_quadrant,coarse_location,D,D,1,1,,1,
task_asset_vqa_v2:Falling_8:gemini:json_only,Falling_8,gemini,json_only,Falling_8:goal_quadrant,coarse_location,A,A,1,1,,1,
task_asset_vqa_v2:Falling_8:gemini:json_only,Falling_8,gemini,json_only,Falling_8:containment,containment,B,B,1,1,,1,
task_asset_vqa_v2:Falling_8:gemini:json_only,Falling_8,gemini,json_only,Falling_8:movable_object_relation,movable_object_relation,B,B,1,1,,1,
task_asset_vqa_v2:Falling_7:gemini:json_only,Falling_7,gemini,json_only,Falling_7:red_shape,shape,B,B,1,1,,1,
task_asset_vqa_v2:Falling_7:gemini:json_only,Falling_7,gemini,json_only,Falling_7:goal_shape,shape,C,C,1,1,,1,
task_asset_vqa_v2:Falling_7:gemini:json_only,Falling_7,gemini,json_only,Falling_7:blue_count,count_color,D,D,1,1,,1,
task_asset_vqa_v2:Falling_7:gemini:json_only,Falling_7,gemini,json_only,Falling_7:colored_count,count_color,E,E,1,1,,1,
task_asset_vqa_v2:Falling_7:gemini:json_only,Falling_7,gemini,json_only,Falling_7:movable_count,movability,F,F,1,1,,1,
task_asset_vqa_v2:Falling_7:gemini:json_only,Falling_7,gemini,json_only,Falling_7:horizontal_relation,relative_position,A,A,1,1,,1,
task_asset_vqa_v2:Falling_7:gemini:json_only,Falling_7,gemini,json_only,Falling_7:vertical_relation,relative_position,B,B,1,1,,1,
task_asset_vqa_v2:Falling_7:gemini:json_only,Falling_7,gemini,json_only,Falling_7:red_quadrant,coarse_location,A,A,1,1,,1,
task_asset_vqa_v2:Falling_7:gemini:json_only,Falling_7,gemini,json_only,Falling_7:goal_quadrant,coarse_location,B,B,1,1,,1,
task_asset_vqa_v2:Falling_7:gemini:json_only,Falling_7,gemini,json_only,Falling_7:containment,containment,A,A,1,1,,1,
task_asset_vqa_v2:Falling_7:gemini:json_only,Falling_7,gemini,json_only,Falling_7:movable_object_relation,movable_object_relation,C,C,1,1,,1,
task_asset_vqa_v2:Falling_9:gemini:image_only,Falling_9,gemini,image_only,Falling_9:red_shape,shape,D,D,1,1,,1,
task_asset_vqa_v2:Falling_9:gemini:image_only,Falling_9,gemini,image_only,Falling_9:goal_shape,shape,D,A,0,1,,1,
task_asset_vqa_v2:Falling_9:gemini:image_only,Falling_9,gemini,image_only,Falling_9:blue_count,count_color,B,B,1,1,,1,
task_asset_vqa_v2:Falling_9:gemini:image_only,Falling_9,gemini,image_only,Falling_9:colored_count,count_color,C,C,1,1,,1,
task_asset_vqa_v2:Falling_9:gemini:image_only,Falling_9,gemini,image_only,Falling_9:movable_count,movability,D,D,1,1,,1,
task_asset_vqa_v2:Falling_9:gemini:image_only,Falling_9,gemini,image_only,Falling_9:horizontal_relation,relative_position,B,B,1,1,,1,
task_asset_vqa_v2:Falling_9:gemini:image_only,Falling_9,gemini,image_only,Falling_9:vertical_relation,relative_position,C,C,1,1,,1,
task_asset_vqa_v2:Falling_9:gemini:image_only,Falling_9,gemini,image_only,Falling_9:red_quadrant,coarse_location,C,C,1,1,,1,
task_asset_vqa_v2:Falling_9:gemini:image_only,Falling_9,gemini,image_only,Falling_9:goal_quadrant,coarse_location,D,D,1,1,,1,
task_asset_vqa_v2:Falling_9:gemini:image_only,Falling_9,gemini,image_only,Falling_9:containment,containment,A,A,1,1,,1,
task_asset_vqa_v2:Falling_9:gemini:image_only,Falling_9,gemini,image_only,Falling_9:movable_object_relation,movable_object_relation,A,A,1,1,,1,
task_asset_vqa_v2:Falling_3:gemini:image_only,Falling_3,gemini,image_only,Falling_3:red_shape,shape,A,A,1,1,,1,
task_asset_vqa_v2:Falling_3:gemini:image_only,Falling_3,gemini,image_only,Falling_3:goal_shape,shape,C,B,0,1,,1,
task_asset_vqa_v2:Falling_3:gemini:image_only,Falling_3,gemini,image_only,Falling_3:blue_count,count_color,C,C,1,1,,1,
task_asset_vqa_v2:Falling_3:gemini:image_only,Falling_3,gemini,image_only,Falling_3:colored_count,count_color,B,B,1,1,,1,
task_asset_vqa_v2:Falling_3:gemini:image_only,Falling_3,gemini,image_only,Falling_3:movable_count,movability,C,C,1,1,,1,
task_asset_vqa_v2:Falling_3:gemini:image_only,Falling_3,gemini,image_only,Falling_3:horizontal_relation,relative_position,A,A,1,1,,1,
task_asset_vqa_v2:Falling_3:gemini:image_only,Falling_3,gemini,image_only,Falling_3:vertical_relation,relative_position,B,B,1,1,,1,
task_asset_vqa_v2:Falling_3:gemini:image_only,Falling_3,gemini,image_only,Falling_3:red_quadrant,coarse_location,D,D,1,0,within_60px_of_x_or_y_divider,1,
task_asset_vqa_v2:Falling_3:gemini:image_only,Falling_3,gemini,image_only,Falling_3:goal_quadrant,coarse_location,A,A,1,0,within_60px_of_x_or_y_divider,1,
task_asset_vqa_v2:Falling_3:gemini:image_only,Falling_3,gemini,image_only,Falling_3:containment,containment,B,B,1,1,,1,
task_asset_vqa_v2:Falling_3:gemini:image_only,Falling_3,gemini,image_only,Falling_3:movable_object_relation,movable_object_relation,C,C,1,1,,1,
task_asset_vqa_v2:Falling_1:gemini:json_only,Falling_1,gemini,json_only,Falling_1:red_shape,shape,D,D,1,1,,1,
task_asset_vqa_v2:Falling_1:gemini:json_only,Falling_1,gemini,json_only,Falling_1:goal_shape,shape,A,A,1,1,,1,
task_asset_vqa_v2:Falling_1:gemini:json_only,Falling_1,gemini,json_only,Falling_1:blue_count,count_color,B,B,1,1,,1,
task_asset_vqa_v2:Falling_1:gemini:json_only,Falling_1,gemini,json_only,Falling_1:colored_count,count_color,E,E,1,1,,1,
task_asset_vqa_v2:Falling_1:gemini:json_only,Falling_1,gemini,json_only,Falling_1:movable_count,movability,F,F,1,1,,1,
task_asset_vqa_v2:Falling_1:gemini:json_only,Falling_1,gemini,json_only,Falling_1:horizontal_relation,relative_position,A,A,1,1,,1,
task_asset_vqa_v2:Falling_1:gemini:json_only,Falling_1,gemini,json_only,Falling_1:vertical_relation,relative_position,B,B,1,1,,1,
task_asset_vqa_v2:Falling_1:gemini:json_only,Falling_1,gemini,json_only,Falling_1:red_quadrant,coarse_location,C,C,1,0,within_60px_of_x_or_y_divider,1,
task_asset_vqa_v2:Falling_1:gemini:json_only,Falling_1,gemini,json_only,Falling_1:goal_quadrant,coarse_location,D,D,1,0,within_60px_of_x_or_y_divider,1,
task_asset_vqa_v2:Falling_1:gemini:json_only,Falling_1,gemini,json_only,Falling_1:containment,containment,A,A,1,1,,1,
task_asset_vqa_v2:Falling_1:gemini:json_only,Falling_1,gemini,json_only,Falling_1:movable_object_relation,movable_object_relation,A,C,0,1,,1,
task_asset_vqa_v2:Falling_2:gemini:json_only,Falling_2,gemini,json_only,Falling_2:red_shape,shape,B,B,1,1,,1,
task_asset_vqa_v2:Falling_2:gemini:json_only,Falling_2,gemini,json_only,Falling_2:goal_shape,shape,C,C,1,1,,1,
task_asset_vqa_v2:Falling_2:gemini:json_only,Falling_2,gemini,json_only,Falling_2:blue_count,count_color,D,D,1,1,,1,
task_asset_vqa_v2:Falling_2:gemini:json_only,Falling_2,gemini,json_only,Falling_2:colored_count,count_color,C,C,1,1,,1,
task_asset_vqa_v2:Falling_2:gemini:json_only,Falling_2,gemini,json_only,Falling_2:movable_count,movability,D,D,1,1,,1,
task_asset_vqa_v2:Falling_2:gemini:json_only,Falling_2,gemini,json_only,Falling_2:horizontal_relation,relative_position,B,B,1,1,,1,
task_asset_vqa_v2:Falling_2:gemini:json_only,Falling_2,gemini,json_only,Falling_2:vertical_relation,relative_position,C,C,1,1,,1,
task_asset_vqa_v2:Falling_2:gemini:json_only,Falling_2,gemini,json_only,Falling_2:red_quadrant,coarse_location,A,A,1,0,within_60px_of_x_or_y_divider,1,
task_asset_vqa_v2:Falling_2:gemini:json_only,Falling_2,gemini,json_only,Falling_2:goal_quadrant,coarse_location,B,B,1,1,,1,
task_asset_vqa_v2:Falling_2:gemini:json_only,Falling_2,gemini,json_only,Falling_2:containment,containment,A,A,1,1,,1,
task_asset_vqa_v2:Falling_2:gemini:json_only,Falling_2,gemini,json_only,Falling_2:movable_object_relation,movable_object_relation,B,A,0,1,,1,
task_asset_vqa_v2:Prevention_1:gemini:image_only,Prevention_1,gemini,image_only,Prevention_1:red_shape,shape,C,C,1,1,,1,
task_asset_vqa_v2:Prevention_1:gemini:image_only,Prevention_1,gemini,image_only,Prevention_1:goal_shape,shape,D,D,1,1,,1,
task_asset_vqa_v2:Prevention_1:gemini:image_only,Prevention_1,gemini,image_only,Prevention_1:blue_count,count_color,A,A,1,1,,1,
task_asset_vqa_v2:Prevention_1:gemini:image_only,Prevention_1,gemini,image_only,Prevention_1:colored_count,count_color,B,B,1,1,,1,
task_asset_vqa_v2:Prevention_1:gemini:image_only,Prevention_1,gemini,image_only,Prevention_1:movable_count,movability,C,C,1,1,,1,
task_asset_vqa_v2:Prevention_1:gemini:image_only,Prevention_1,gemini,image_only,Prevention_1:horizontal_relation,relative_position,A,A,1,1,,1,
task_asset_vqa_v2:Prevention_1:gemini:image_only,Prevention_1,gemini,image_only,Prevention_1:vertical_relation,relative_position,B,B,1,1,,1,
task_asset_vqa_v2:Prevention_1:gemini:image_only,Prevention_1,gemini,image_only,Prevention_1:red_quadrant,coarse_location,B,B,1,1,,1,
task_asset_vqa_v2:Prevention_1:gemini:image_only,Prevention_1,gemini,image_only,Prevention_1:goal_quadrant,coarse_location,C,C,1,1,,1,
task_asset_vqa_v2:Prevention_1:gemini:image_only,Prevention_1,gemini,image_only,Prevention_1:containment,containment,B,B,1,1,,1,
task_asset_vqa_v2:Prevention_1:gemini:image_only,Prevention_1,gemini,image_only,Prevention_1:movable_object_relation,movable_object_relation,C,C,1,1,,1,
task_asset_vqa_v2:Falling_9:gemini:json_only,Falling_9,gemini,json_only,Falling_9:red_shape,shape,D,D,1,1,,1,
task_asset_vqa_v2:Falling_9:gemini:json_only,Falling_9,gemini,json_only,Falling_9:goal_shape,shape,A,A,1,1,,1,
task_asset_vqa_v2:Falling_9:gemini:json_only,Falling_9,gemini,json_only,Falling_9:blue_count,count_color,B,B,1,1,,1,
task_asset_vqa_v2:Falling_9:gemini:json_only,Falling_9,gemini,json_only,Falling_9:colored_count,count_color,C,C,1,1,,1,
task_asset_vqa_v2:Falling_9:gemini:json_only,Falling_9,gemini,json_only,Falling_9:movable_count,movability,D,D,1,1,,1,
task_asset_vqa_v2:Falling_9:gemini:json_only,Falling_9,gemini,json_only,Falling_9:horizontal_relation,relative_position,B,B,1,1,,1,
task_asset_vqa_v2:Falling_9:gemini:json_only,Falling_9,gemini,json_only,Falling_9:vertical_relation,relative_position,C,C,1,1,,1,
task_asset_vqa_v2:Falling_9:gemini:json_only,Falling_9,gemini,json_only,Falling_9:red_quadrant,coarse_location,C,C,1,1,,1,
task_asset_vqa_v2:Falling_9:gemini:json_only,Falling_9,gemini,json_only,Falling_9:goal_quadrant,coarse_location,D,D,1,1,,1,
task_asset_vqa_v2:Falling_9:gemini:json_only,Falling_9,gemini,json_only,Falling_9:containment,containment,A,A,1,1,,1,
task_asset_vqa_v2:Falling_9:gemini:json_only,Falling_9,gemini,json_only,Falling_9:movable_object_relation,movable_object_relation,A,A,1,1,,1,
task_asset_vqa_v2:Prevention_1:gemini:json_only,Prevention_1,gemini,json_only,Prevention_1:red_shape,shape,C,C,1,1,,1,
task_asset_vqa_v2:Prevention_1:gemini:json_only,Prevention_1,gemini,json_only,Prevention_1:goal_shape,shape,D,D,1,1,,1,
task_asset_vqa_v2:Prevention_1:gemini:json_only,Prevention_1,gemini,json_only,Prevention_1:blue_count,count_color,A,A,1,1,,1,
task_asset_vqa_v2:Prevention_1:gemini:json_only,Prevention_1,gemini,json_only,Prevention_1:colored_count,count_color,B,B,1,1,,1,
task_asset_vqa_v2:Prevention_1:gemini:json_only,Prevention_1,gemini,json_only,Prevention_1:movable_count,movability,C,C,1,1,,1,
task_asset_vqa_v2:Prevention_1:gemini:json_only,Prevention_1,gemini,json_only,Prevention_1:horizontal_relation,relative_position,A,A,1,1,,1,
task_asset_vqa_v2:Prevention_1:gemini:json_only,Prevention_1,gemini,json_only,Prevention_1:vertical_relation,relative_position,B,B,1,1,,1,
task_asset_vqa_v2:Prevention_1:gemini:json_only,Prevention_1,gemini,json_only,Prevention_1:red_quadrant,coarse_location,B,B,1,1,,1,
task_asset_vqa_v2:Prevention_1:gemini:json_only,Prevention_1,gemini,json_only,Prevention_1:goal_quadrant,coarse_location,C,C,1,1,,1,
task_asset_vqa_v2:Prevention_1:gemini:json_only,Prevention_1,gemini,json_only,Prevention_1:containment,containment,B,B,1,1,,1,
task_asset_vqa_v2:Prevention_1:gemini:json_only,Prevention_1,gemini,json_only,Prevention_1:movable_object_relation,movable_object_relation,C,C,1,1,,1,
task_asset_vqa_v2:Prevention_2:gemini:json_only,Prevention_2,gemini,json_only,Prevention_2:red_shape,shape,A,A,1,1,,1,
task_asset_vqa_v2:Prevention_2:gemini:json_only,Prevention_2,gemini,json_only,Prevention_2:goal_shape,shape,B,B,1,1,,1,
task_asset_vqa_v2:Prevention_2:gemini:json_only,Prevention_2,gemini,json_only,Prevention_2:blue_count,count_color,C,C,1,1,,1,
task_asset_vqa_v2:Prevention_2:gemini:json_only,Prevention_2,gemini,json_only,Prevention_2:colored_count,count_color,F,F,1,1,,1,
task_asset_vqa_v2:Prevention_2:gemini:json_only,Prevention_2,gemini,json_only,Prevention_2:movable_count,movability,A,A,1,1,,1,
task_asset_vqa_v2:Prevention_2:gemini:json_only,Prevention_2,gemini,json_only,Prevention_2:horizontal_relation,relative_position,B,B,1,1,,1,
task_asset_vqa_v2:Prevention_2:gemini:json_only,Prevention_2,gemini,json_only,Prevention_2:vertical_relation,relative_position,C,C,1,1,,1,
task_asset_vqa_v2:Prevention_2:gemini:json_only,Prevention_2,gemini,json_only,Prevention_2:red_quadrant,coarse_location,D,D,1,1,,1,
task_asset_vqa_v2:Prevention_2:gemini:json_only,Prevention_2,gemini,json_only,Prevention_2:goal_quadrant,coarse_location,A,A,1,1,,1,
task_asset_vqa_v2:Prevention_2:gemini:json_only,Prevention_2,gemini,json_only,Prevention_2:containment,containment,B,B,1,1,,1,
task_asset_vqa_v2:Prevention_2:gemini:json_only,Prevention_2,gemini,json_only,Prevention_2:movable_object_relation,movable_object_relation,B,A,0,1,,1,
task_asset_vqa_v2:Prevention_10:gemini:json_only,Prevention_10,gemini,json_only,Prevention_10:red_shape,shape,B,B,1,1,,1,
task_asset_vqa_v2:Prevention_10:gemini:json_only,Prevention_10,gemini,json_only,Prevention_10:goal_shape,shape,C,C,1,1,,1,
task_asset_vqa_v2:Prevention_10:gemini:json_only,Prevention_10,gemini,json_only,Prevention_10:blue_count,count_color,D,D,1,1,,1,
task_asset_vqa_v2:Prevention_10:gemini:json_only,Prevention_10,gemini,json_only,Prevention_10:colored_count,count_color,A,A,1,1,,1,
task_asset_vqa_v2:Prevention_10:gemini:json_only,Prevention_10,gemini,json_only,Prevention_10:movable_count,movability,B,B,1,1,,1,
task_asset_vqa_v2:Prevention_10:gemini:json_only,Prevention_10,gemini,json_only,Prevention_10:horizontal_relation,relative_position,C,C,1,1,,1,
task_asset_vqa_v2:Prevention_10:gemini:json_only,Prevention_10,gemini,json_only,Prevention_10:vertical_relation,relative_position,A,A,1,1,,1,
task_asset_vqa_v2:Prevention_10:gemini:json_only,Prevention_10,gemini,json_only,Prevention_10:red_quadrant,coarse_location,A,A,1,0,within_60px_of_x_or_y_divider,1,
task_asset_vqa_v2:Prevention_10:gemini:json_only,Prevention_10,gemini,json_only,Prevention_10:goal_quadrant,coarse_location,B,B,1,1,,1,
task_asset_vqa_v2:Prevention_10:gemini:json_only,Prevention_10,gemini,json_only,Prevention_10:containment,containment,A,A,1,1,,1,
task_asset_vqa_v2:Prevention_10:gemini:json_only,Prevention_10,gemini,json_only,Prevention_10:movable_object_relation,movable_object_relation,B,B,1,1,,1,
task_asset_vqa_v2:Prevention_3:gemini:image_only,Prevention_3,gemini,image_only,Prevention_3:red_shape,shape,D,D,1,1,,1,
task_asset_vqa_v2:Prevention_3:gemini:image_only,Prevention_3,gemini,image_only,Prevention_3:goal_shape,shape,A,A,1,1,,1,
task_asset_vqa_v2:Prevention_3:gemini:image_only,Prevention_3,gemini,image_only,Prevention_3:blue_count,count_color,B,B,1,1,,1,
task_asset_vqa_v2:Prevention_3:gemini:image_only,Prevention_3,gemini,image_only,Prevention_3:colored_count,count_color,E,E,1,1,,1,
task_asset_vqa_v2:Prevention_3:gemini:image_only,Prevention_3,gemini,image_only,Prevention_3:movable_count,movability,F,F,1,1,,1,
task_asset_vqa_v2:Prevention_3:gemini:image_only,Prevention_3,gemini,image_only,Prevention_3:horizontal_relation,relative_position,A,A,1,1,,1,
task_asset_vqa_v2:Prevention_3:gemini:image_only,Prevention_3,gemini,image_only,Prevention_3:vertical_relation,relative_position,B,B,1,1,,1,
task_asset_vqa_v2:Prevention_3:gemini:image_only,Prevention_3,gemini,image_only,Prevention_3:red_quadrant,coarse_location,C,C,1,1,,1,
task_asset_vqa_v2:Prevention_3:gemini:image_only,Prevention_3,gemini,image_only,Prevention_3:goal_quadrant,coarse_location,D,D,1,1,,1,
task_asset_vqa_v2:Prevention_3:gemini:image_only,Prevention_3,gemini,image_only,Prevention_3:containment,containment,A,A,1,1,,1,
task_asset_vqa_v2:Prevention_3:gemini:image_only,Prevention_3,gemini,image_only,Prevention_3:movable_object_relation,movable_object_relation,C,C,1,1,,1,
task_asset_vqa_v2:Prevention_2:gemini:image_only,Prevention_2,gemini,image_only,Prevention_2:red_shape,shape,A,A,1,1,,1,
task_asset_vqa_v2:Prevention_2:gemini:image_only,Prevention_2,gemini,image_only,Prevention_2:goal_shape,shape,B,B,1,1,,1,
task_asset_vqa_v2:Prevention_2:gemini:image_only,Prevention_2,gemini,image_only,Prevention_2:blue_count,count_color,C,C,1,1,,1,
task_asset_vqa_v2:Prevention_2:gemini:image_only,Prevention_2,gemini,image_only,Prevention_2:colored_count,count_color,F,F,1,1,,1,
task_asset_vqa_v2:Prevention_2:gemini:image_only,Prevention_2,gemini,image_only,Prevention_2:movable_count,movability,A,A,1,1,,1,
task_asset_vqa_v2:Prevention_2:gemini:image_only,Prevention_2,gemini,image_only,Prevention_2:horizontal_relation,relative_position,B,B,1,1,,1,
task_asset_vqa_v2:Prevention_2:gemini:image_only,Prevention_2,gemini,image_only,Prevention_2:vertical_relation,relative_position,C,C,1,1,,1,
task_asset_vqa_v2:Prevention_2:gemini:image_only,Prevention_2,gemini,image_only,Prevention_2:red_quadrant,coarse_location,D,D,1,1,,1,
task_asset_vqa_v2:Prevention_2:gemini:image_only,Prevention_2,gemini,image_only,Prevention_2:goal_quadrant,coarse_location,A,A,1,1,,1,
task_asset_vqa_v2:Prevention_2:gemini:image_only,Prevention_2,gemini,image_only,Prevention_2:containment,containment,B,B,1,1,,1,
task_asset_vqa_v2:Prevention_2:gemini:image_only,Prevention_2,gemini,image_only,Prevention_2:movable_object_relation,movable_object_relation,B,A,0,1,,1,
task_asset_vqa_v2:Prevention_4:gemini:image_only,Prevention_4,gemini,image_only,Prevention_4:red_shape,shape,C,C,1,1,,1,
task_asset_vqa_v2:Prevention_4:gemini:image_only,Prevention_4,gemini,image_only,Prevention_4:goal_shape,shape,D,D,1,1,,1,
task_asset_vqa_v2:Prevention_4:gemini:image_only,Prevention_4,gemini,image_only,Prevention_4:blue_count,count_color,A,A,1,1,,1,
task_asset_vqa_v2:Prevention_4:gemini:image_only,Prevention_4,gemini,image_only,Prevention_4:colored_count,count_color,D,D,1,1,,1,
task_asset_vqa_v2:Prevention_4:gemini:image_only,Prevention_4,gemini,image_only,Prevention_4:movable_count,movability,E,E,1,1,,1,
task_asset_vqa_v2:Prevention_4:gemini:image_only,Prevention_4,gemini,image_only,Prevention_4:horizontal_relation,relative_position,C,C,1,1,,1,
task_asset_vqa_v2:Prevention_4:gemini:image_only,Prevention_4,gemini,image_only,Prevention_4:vertical_relation,relative_position,A,A,1,1,,1,
task_asset_vqa_v2:Prevention_4:gemini:image_only,Prevention_4,gemini,image_only,Prevention_4:red_quadrant,coarse_location,B,B,1,1,,1,
task_asset_vqa_v2:Prevention_4:gemini:image_only,Prevention_4,gemini,image_only,Prevention_4:goal_quadrant,coarse_location,C,C,1,1,,1,
task_asset_vqa_v2:Prevention_4:gemini:image_only,Prevention_4,gemini,image_only,Prevention_4:containment,containment,B,B,1,1,,1,
task_asset_vqa_v2:Prevention_4:gemini:image_only,Prevention_4,gemini,image_only,Prevention_4:movable_object_relation,movable_object_relation,B,B,1,1,,1,
task_asset_vqa_v2:Prevention_3:gemini:json_only,Prevention_3,gemini,json_only,Prevention_3:red_shape,shape,D,D,1,1,,1,
task_asset_vqa_v2:Prevention_3:gemini:json_only,Prevention_3,gemini,json_only,Prevention_3:goal_shape,shape,A,A,1,1,,1,
task_asset_vqa_v2:Prevention_3:gemini:json_only,Prevention_3,gemini,json_only,Prevention_3:blue_count,count_color,B,B,1,1,,1,
task_asset_vqa_v2:Prevention_3:gemini:json_only,Prevention_3,gemini,json_only,Prevention_3:colored_count,count_color,E,E,1,1,,1,
task_asset_vqa_v2:Prevention_3:gemini:json_only,Prevention_3,gemini,json_only,Prevention_3:movable_count,movability,F,F,1,1,,1,
task_asset_vqa_v2:Prevention_3:gemini:json_only,Prevention_3,gemini,json_only,Prevention_3:horizontal_relation,relative_position,A,A,1,1,,1,
task_asset_vqa_v2:Prevention_3:gemini:json_only,Prevention_3,gemini,json_only,Prevention_3:vertical_relation,relative_position,B,B,1,1,,1,
task_asset_vqa_v2:Prevention_3:gemini:json_only,Prevention_3,gemini,json_only,Prevention_3:red_quadrant,coarse_location,C,C,1,1,,1,
task_asset_vqa_v2:Prevention_3:gemini:json_only,Prevention_3,gemini,json_only,Prevention_3:goal_quadrant,coarse_location,D,D,1,1,,1,
task_asset_vqa_v2:Prevention_3:gemini:json_only,Prevention_3,gemini,json_only,Prevention_3:containment,containment,A,A,1,1,,1,
task_asset_vqa_v2:Prevention_3:gemini:json_only,Prevention_3,gemini,json_only,Prevention_3:movable_object_relation,movable_object_relation,C,C,1,1,,1,
task_asset_vqa_v2:Prevention_5:gemini:image_only,Prevention_5,gemini,image_only,Prevention_5:red_shape,shape,B,B,1,1,,1,
task_asset_vqa_v2:Prevention_5:gemini:image_only,Prevention_5,gemini,image_only,Prevention_5:goal_shape,shape,C,C,1,1,,1,
task_asset_vqa_v2:Prevention_5:gemini:image_only,Prevention_5,gemini,image_only,Prevention_5:blue_count,count_color,D,D,1,1,,1,
task_asset_vqa_v2:Prevention_5:gemini:image_only,Prevention_5,gemini,image_only,Prevention_5:colored_count,count_color,C,C,1,1,,1,
task_asset_vqa_v2:Prevention_5:gemini:image_only,Prevention_5,gemini,image_only,Prevention_5:movable_count,movability,D,D,1,1,,1,
task_asset_vqa_v2:Prevention_5:gemini:image_only,Prevention_5,gemini,image_only,Prevention_5:horizontal_relation,relative_position,A,B,0,1,,1,
task_asset_vqa_v2:Prevention_5:gemini:image_only,Prevention_5,gemini,image_only,Prevention_5:vertical_relation,relative_position,C,C,1,1,,1,
task_asset_vqa_v2:Prevention_5:gemini:image_only,Prevention_5,gemini,image_only,Prevention_5:red_quadrant,coarse_location,A,A,1,1,,1,
task_asset_vqa_v2:Prevention_5:gemini:image_only,Prevention_5,gemini,image_only,Prevention_5:goal_quadrant,coarse_location,B,B,1,1,,1,
task_asset_vqa_v2:Prevention_5:gemini:image_only,Prevention_5,gemini,image_only,Prevention_5:containment,containment,A,A,1,1,,1,
task_asset_vqa_v2:Prevention_5:gemini:image_only,Prevention_5,gemini,image_only,Prevention_5:movable_object_relation,movable_object_relation,A,A,1,1,,1,
task_asset_vqa_v2:Prevention_4:gemini:json_only,Prevention_4,gemini,json_only,Prevention_4:red_shape,shape,C,C,1,1,,1,
task_asset_vqa_v2:Prevention_4:gemini:json_only,Prevention_4,gemini,json_only,Prevention_4:goal_shape,shape,D,D,1,1,,1,
task_asset_vqa_v2:Prevention_4:gemini:json_only,Prevention_4,gemini,json_only,Prevention_4:blue_count,count_color,A,A,1,1,,1,
task_asset_vqa_v2:Prevention_4:gemini:json_only,Prevention_4,gemini,json_only,Prevention_4:colored_count,count_color,D,D,1,1,,1,
task_asset_vqa_v2:Prevention_4:gemini:json_only,Prevention_4,gemini,json_only,Prevention_4:movable_count,movability,E,E,1,1,,1,
task_asset_vqa_v2:Prevention_4:gemini:json_only,Prevention_4,gemini,json_only,Prevention_4:horizontal_relation,relative_position,C,C,1,1,,1,
task_asset_vqa_v2:Prevention_4:gemini:json_only,Prevention_4,gemini,json_only,Prevention_4:vertical_relation,relative_position,A,A,1,1,,1,
task_asset_vqa_v2:Prevention_4:gemini:json_only,Prevention_4,gemini,json_only,Prevention_4:red_quadrant,coarse_location,B,B,1,1,,1,
task_asset_vqa_v2:Prevention_4:gemini:json_only,Prevention_4,gemini,json_only,Prevention_4:goal_quadrant,coarse_location,C,C,1,1,,1,
task_asset_vqa_v2:Prevention_4:gemini:json_only,Prevention_4,gemini,json_only,Prevention_4:containment,containment,B,B,1,1,,1,
task_asset_vqa_v2:Prevention_4:gemini:json_only,Prevention_4,gemini,json_only,Prevention_4:movable_object_relation,movable_object_relation,B,B,1,1,,1,
task_asset_vqa_v2:Prevention_5:gemini:json_only,Prevention_5,gemini,json_only,Prevention_5:red_shape,shape,B,B,1,1,,1,
task_asset_vqa_v2:Prevention_5:gemini:json_only,Prevention_5,gemini,json_only,Prevention_5:goal_shape,shape,C,C,1,1,,1,
task_asset_vqa_v2:Prevention_5:gemini:json_only,Prevention_5,gemini,json_only,Prevention_5:blue_count,count_color,D,D,1,1,,1,
task_asset_vqa_v2:Prevention_5:gemini:json_only,Prevention_5,gemini,json_only,Prevention_5:colored_count,count_color,C,C,1,1,,1,
task_asset_vqa_v2:Prevention_5:gemini:json_only,Prevention_5,gemini,json_only,Prevention_5:movable_count,movability,D,D,1,1,,1,
task_asset_vqa_v2:Prevention_5:gemini:json_only,Prevention_5,gemini,json_only,Prevention_5:horizontal_relation,relative_position,A,B,0,1,,1,
task_asset_vqa_v2:Prevention_5:gemini:json_only,Prevention_5,gemini,json_only,Prevention_5:vertical_relation,relative_position,C,C,1,1,,1,
task_asset_vqa_v2:Prevention_5:gemini:json_only,Prevention_5,gemini,json_only,Prevention_5:red_quadrant,coarse_location,A,A,1,1,,1,
task_asset_vqa_v2:Prevention_5:gemini:json_only,Prevention_5,gemini,json_only,Prevention_5:goal_quadrant,coarse_location,B,B,1,1,,1,
task_asset_vqa_v2:Prevention_5:gemini:json_only,Prevention_5,gemini,json_only,Prevention_5:containment,containment,A,A,1,1,,1,
task_asset_vqa_v2:Prevention_5:gemini:json_only,Prevention_5,gemini,json_only,Prevention_5:movable_object_relation,movable_object_relation,A,A,1,1,,1,
task_asset_vqa_v2:Prevention_7:gemini:json_only,Prevention_7,gemini,json_only,Prevention_7:red_shape,shape,A,A,1,1,,1,
task_asset_vqa_v2:Prevention_7:gemini:json_only,Prevention_7,gemini,json_only,Prevention_7:goal_shape,shape,B,B,1,1,,1,
task_asset_vqa_v2:Prevention_7:gemini:json_only,Prevention_7,gemini,json_only,Prevention_7:blue_count,count_color,C,C,1,1,,1,
task_asset_vqa_v2:Prevention_7:gemini:json_only,Prevention_7,gemini,json_only,Prevention_7:colored_count,count_color,B,B,1,1,,1,
task_asset_vqa_v2:Prevention_7:gemini:json_only,Prevention_7,gemini,json_only,Prevention_7:movable_count,movability,C,C,1,1,,1,
task_asset_vqa_v2:Prevention_7:gemini:json_only,Prevention_7,gemini,json_only,Prevention_7:horizontal_relation,relative_position,A,A,1,1,,1,
task_asset_vqa_v2:Prevention_7:gemini:json_only,Prevention_7,gemini,json_only,Prevention_7:vertical_relation,relative_position,B,B,1,1,,1,
task_asset_vqa_v2:Prevention_7:gemini:json_only,Prevention_7,gemini,json_only,Prevention_7:red_quadrant,coarse_location,D,D,1,0,within_60px_of_x_or_y_divider,1,
task_asset_vqa_v2:Prevention_7:gemini:json_only,Prevention_7,gemini,json_only,Prevention_7:goal_quadrant,coarse_location,A,A,1,1,,1,
task_asset_vqa_v2:Prevention_7:gemini:json_only,Prevention_7,gemini,json_only,Prevention_7:containment,containment,B,B,1,1,,1,
task_asset_vqa_v2:Prevention_7:gemini:json_only,Prevention_7,gemini,json_only,Prevention_7:movable_object_relation,movable_object_relation,C,C,1,1,,1,
task_asset_vqa_v2:Prevention_7:gemini:image_only,Prevention_7,gemini,image_only,Prevention_7:red_shape,shape,A,A,1,1,,1,
task_asset_vqa_v2:Prevention_7:gemini:image_only,Prevention_7,gemini,image_only,Prevention_7:goal_shape,shape,B,B,1,1,,1,
task_asset_vqa_v2:Prevention_7:gemini:image_only,Prevention_7,gemini,image_only,Prevention_7:blue_count,count_color,C,C,1,1,,1,
task_asset_vqa_v2:Prevention_7:gemini:image_only,Prevention_7,gemini,image_only,Prevention_7:colored_count,count_color,B,B,1,1,,1,
task_asset_vqa_v2:Prevention_7:gemini:image_only,Prevention_7,gemini,image_only,Prevention_7:movable_count,movability,C,C,1,1,,1,
task_asset_vqa_v2:Prevention_7:gemini:image_only,Prevention_7,gemini,image_only,Prevention_7:horizontal_relation,relative_position,A,A,1,1,,1,
task_asset_vqa_v2:Prevention_7:gemini:image_only,Prevention_7,gemini,image_only,Prevention_7:vertical_relation,relative_position,B,B,1,1,,1,
task_asset_vqa_v2:Prevention_7:gemini:image_only,Prevention_7,gemini,image_only,Prevention_7:red_quadrant,coarse_location,D,D,1,0,within_60px_of_x_or_y_divider,1,
task_asset_vqa_v2:Prevention_7:gemini:image_only,Prevention_7,gemini,image_only,Prevention_7:goal_quadrant,coarse_location,A,A,1,1,,1,
task_asset_vqa_v2:Prevention_7:gemini:image_only,Prevention_7,gemini,image_only,Prevention_7:containment,containment,B,B,1,1,,1,
task_asset_vqa_v2:Prevention_7:gemini:image_only,Prevention_7,gemini,image_only,Prevention_7:movable_object_relation,movable_object_relation,C,C,1,1,,1,
task_asset_vqa_v2:Prevention_10:gemini:image_only,Prevention_10,gemini,image_only,Prevention_10:red_shape,shape,B,B,1,1,,1,
task_asset_vqa_v2:Prevention_10:gemini:image_only,Prevention_10,gemini,image_only,Prevention_10:goal_shape,shape,C,C,1,1,,1,
task_asset_vqa_v2:Prevention_10:gemini:image_only,Prevention_10,gemini,image_only,Prevention_10:blue_count,count_color,D,D,1,1,,1,
task_asset_vqa_v2:Prevention_10:gemini:image_only,Prevention_10,gemini,image_only,Prevention_10:colored_count,count_color,A,A,1,1,,1,
task_asset_vqa_v2:Prevention_10:gemini:image_only,Prevention_10,gemini,image_only,Prevention_10:movable_count,movability,B,B,1,1,,1,
task_asset_vqa_v2:Prevention_10:gemini:image_only,Prevention_10,gemini,image_only,Prevention_10:horizontal_relation,relative_position,C,C,1,1,,1,
task_asset_vqa_v2:Prevention_10:gemini:image_only,Prevention_10,gemini,image_only,Prevention_10:vertical_relation,relative_position,A,A,1,1,,1,
task_asset_vqa_v2:Prevention_10:gemini:image_only,Prevention_10,gemini,image_only,Prevention_10:red_quadrant,coarse_location,A,A,1,0,within_60px_of_x_or_y_divider,1,
task_asset_vqa_v2:Prevention_10:gemini:image_only,Prevention_10,gemini,image_only,Prevention_10:goal_quadrant,coarse_location,B,B,1,1,,1,
task_asset_vqa_v2:Prevention_10:gemini:image_only,Prevention_10,gemini,image_only,Prevention_10:containment,containment,A,A,1,1,,1,
task_asset_vqa_v2:Prevention_10:gemini:image_only,Prevention_10,gemini,image_only,Prevention_10:movable_object_relation,movable_object_relation,B,B,1,1,,1,
task_asset_vqa_v2:Prevention_8:gemini:image_only,Prevention_8,gemini,image_only,Prevention_8:red_shape,shape,D,D,1,1,,1,
task_asset_vqa_v2:Prevention_8:gemini:image_only,Prevention_8,gemini,image_only,Prevention_8:goal_shape,shape,A,A,1,1,,1,
task_asset_vqa_v2:Prevention_8:gemini:image_only,Prevention_8,gemini,image_only,Prevention_8:blue_count,count_color,B,B,1,1,,1,
task_asset_vqa_v2:Prevention_8:gemini:image_only,Prevention_8,gemini,image_only,Prevention_8:colored_count,count_color,A,A,1,1,,1,
task_asset_vqa_v2:Prevention_8:gemini:image_only,Prevention_8,gemini,image_only,Prevention_8:movable_count,movability,B,B,1,1,,1,
task_asset_vqa_v2:Prevention_8:gemini:image_only,Prevention_8,gemini,image_only,Prevention_8:horizontal_relation,relative_position,C,C,1,1,,1,
task_asset_vqa_v2:Prevention_8:gemini:image_only,Prevention_8,gemini,image_only,Prevention_8:vertical_relation,relative_position,A,A,1,1,,1,
task_asset_vqa_v2:Prevention_8:gemini:image_only,Prevention_8,gemini,image_only,Prevention_8:red_quadrant,coarse_location,C,C,1,1,,1,
task_asset_vqa_v2:Prevention_8:gemini:image_only,Prevention_8,gemini,image_only,Prevention_8:goal_quadrant,coarse_location,D,D,1,1,,1,
task_asset_vqa_v2:Prevention_8:gemini:image_only,Prevention_8,gemini,image_only,Prevention_8:containment,containment,A,A,1,1,,1,
task_asset_vqa_v2:Prevention_8:gemini:image_only,Prevention_8,gemini,image_only,Prevention_8:movable_object_relation,movable_object_relation,B,B,1,1,,1,
task_asset_vqa_v2:Remove_1:gemini:image_only,Remove_1,gemini,image_only,Remove_1:red_shape,shape,C,C,1,1,,1,
task_asset_vqa_v2:Remove_1:gemini:image_only,Remove_1,gemini,image_only,Remove_1:goal_shape,shape,D,D,1,1,,1,
task_asset_vqa_v2:Remove_1:gemini:image_only,Remove_1,gemini,image_only,Remove_1:blue_count,count_color,A,A,1,1,,1,
task_asset_vqa_v2:Remove_1:gemini:image_only,Remove_1,gemini,image_only,Remove_1:colored_count,count_color,F,F,1,1,,1,
task_asset_vqa_v2:Remove_1:gemini:image_only,Remove_1,gemini,image_only,Remove_1:movable_count,movability,A,A,1,1,,1,
task_asset_vqa_v2:Remove_1:gemini:image_only,Remove_1,gemini,image_only,Remove_1:horizontal_relation,relative_position,B,B,1,1,,1,
task_asset_vqa_v2:Remove_1:gemini:image_only,Remove_1,gemini,image_only,Remove_1:vertical_relation,relative_position,C,C,1,1,,1,
task_asset_vqa_v2:Remove_1:gemini:image_only,Remove_1,gemini,image_only,Remove_1:red_quadrant,coarse_location,B,B,1,1,,1,
task_asset_vqa_v2:Remove_1:gemini:image_only,Remove_1,gemini,image_only,Remove_1:goal_quadrant,coarse_location,C,C,1,1,,1,
task_asset_vqa_v2:Remove_1:gemini:image_only,Remove_1,gemini,image_only,Remove_1:containment,containment,B,B,1,1,,1,
task_asset_vqa_v2:Remove_1:gemini:image_only,Remove_1,gemini,image_only,Remove_1:movable_object_relation,movable_object_relation,A,A,1,1,,1,
task_asset_vqa_v2:Remove_1:gemini:json_only,Remove_1,gemini,json_only,Remove_1:red_shape,shape,C,C,1,1,,1,
task_asset_vqa_v2:Remove_1:gemini:json_only,Remove_1,gemini,json_only,Remove_1:goal_shape,shape,D,D,1,1,,1,
task_asset_vqa_v2:Remove_1:gemini:json_only,Remove_1,gemini,json_only,Remove_1:blue_count,count_color,A,A,1,1,,1,
task_asset_vqa_v2:Remove_1:gemini:json_only,Remove_1,gemini,json_only,Remove_1:colored_count,count_color,F,F,1,1,,1,
task_asset_vqa_v2:Remove_1:gemini:json_only,Remove_1,gemini,json_only,Remove_1:movable_count,movability,A,A,1,1,,1,
task_asset_vqa_v2:Remove_1:gemini:json_only,Remove_1,gemini,json_only,Remove_1:horizontal_relation,relative_position,B,B,1,1,,1,
task_asset_vqa_v2:Remove_1:gemini:json_only,Remove_1,gemini,json_only,Remove_1:vertical_relation,relative_position,C,C,1,1,,1,
task_asset_vqa_v2:Remove_1:gemini:json_only,Remove_1,gemini,json_only,Remove_1:red_quadrant,coarse_location,B,B,1,1,,1,
task_asset_vqa_v2:Remove_1:gemini:json_only,Remove_1,gemini,json_only,Remove_1:goal_quadrant,coarse_location,C,C,1,1,,1,
task_asset_vqa_v2:Remove_1:gemini:json_only,Remove_1,gemini,json_only,Remove_1:containment,containment,B,B,1,1,,1,
task_asset_vqa_v2:Remove_1:gemini:json_only,Remove_1,gemini,json_only,Remove_1:movable_object_relation,movable_object_relation,A,A,1,1,,1,
task_asset_vqa_v2:Prevention_8:gemini:json_only,Prevention_8,gemini,json_only,Prevention_8:red_shape,shape,D,D,1,1,,1,
task_asset_vqa_v2:Prevention_8:gemini:json_only,Prevention_8,gemini,json_only,Prevention_8:goal_shape,shape,A,A,1,1,,1,
task_asset_vqa_v2:Prevention_8:gemini:json_only,Prevention_8,gemini,json_only,Prevention_8:blue_count,count_color,B,B,1,1,,1,
task_asset_vqa_v2:Prevention_8:gemini:json_only,Prevention_8,gemini,json_only,Prevention_8:colored_count,count_color,A,A,1,1,,1,
task_asset_vqa_v2:Prevention_8:gemini:json_only,Prevention_8,gemini,json_only,Prevention_8:movable_count,movability,B,B,1,1,,1,
task_asset_vqa_v2:Prevention_8:gemini:json_only,Prevention_8,gemini,json_only,Prevention_8:horizontal_relation,relative_position,C,C,1,1,,1,
task_asset_vqa_v2:Prevention_8:gemini:json_only,Prevention_8,gemini,json_only,Prevention_8:vertical_relation,relative_position,A,A,1,1,,1,
task_asset_vqa_v2:Prevention_8:gemini:json_only,Prevention_8,gemini,json_only,Prevention_8:red_quadrant,coarse_location,C,C,1,1,,1,
task_asset_vqa_v2:Prevention_8:gemini:json_only,Prevention_8,gemini,json_only,Prevention_8:goal_quadrant,coarse_location,D,D,1,1,,1,
task_asset_vqa_v2:Prevention_8:gemini:json_only,Prevention_8,gemini,json_only,Prevention_8:containment,containment,A,A,1,1,,1,
task_asset_vqa_v2:Prevention_8:gemini:json_only,Prevention_8,gemini,json_only,Prevention_8:movable_object_relation,movable_object_relation,B,B,1,1,,1,
task_asset_vqa_v2:Remove_10:gemini:json_only,Remove_10,gemini,json_only,Remove_10:red_shape,shape,B,B,1,1,,1,
task_asset_vqa_v2:Remove_10:gemini:json_only,Remove_10,gemini,json_only,Remove_10:goal_shape,shape,C,C,1,1,,1,
task_asset_vqa_v2:Remove_10:gemini:json_only,Remove_10,gemini,json_only,Remove_10:blue_count,count_color,D,D,1,1,,1,
task_asset_vqa_v2:Remove_10:gemini:json_only,Remove_10,gemini,json_only,Remove_10:colored_count,count_color,E,E,1,1,,1,
task_asset_vqa_v2:Remove_10:gemini:json_only,Remove_10,gemini,json_only,Remove_10:movable_count,movability,F,F,1,1,,1,
task_asset_vqa_v2:Remove_10:gemini:json_only,Remove_10,gemini,json_only,Remove_10:horizontal_relation,relative_position,A,A,1,1,,1,
task_asset_vqa_v2:Remove_10:gemini:json_only,Remove_10,gemini,json_only,Remove_10:vertical_relation,relative_position,B,B,1,1,,1,
task_asset_vqa_v2:Remove_10:gemini:json_only,Remove_10,gemini,json_only,Remove_10:red_quadrant,coarse_location,A,A,1,0,within_60px_of_x_or_y_divider,1,
task_asset_vqa_v2:Remove_10:gemini:json_only,Remove_10,gemini,json_only,Remove_10:goal_quadrant,coarse_location,B,B,1,0,within_60px_of_x_or_y_divider,1,
task_asset_vqa_v2:Remove_10:gemini:json_only,Remove_10,gemini,json_only,Remove_10:containment,containment,A,A,1,1,,1,
task_asset_vqa_v2:Remove_10:gemini:json_only,Remove_10,gemini,json_only,Remove_10:movable_object_relation,movable_object_relation,C,C,1,1,,1,
task_asset_vqa_v2:Remove_2:gemini:image_only,Remove_2,gemini,image_only,Remove_2:red_shape,shape,A,A,1,1,,1,
task_asset_vqa_v2:Remove_2:gemini:image_only,Remove_2,gemini,image_only,Remove_2:goal_shape,shape,B,B,1,1,,1,
task_asset_vqa_v2:Remove_2:gemini:image_only,Remove_2,gemini,image_only,Remove_2:blue_count,count_color,C,C,1,1,,1,
task_asset_vqa_v2:Remove_2:gemini:image_only,Remove_2,gemini,image_only,Remove_2:colored_count,count_color,D,D,1,1,,1,
task_asset_vqa_v2:Remove_2:gemini:image_only,Remove_2,gemini,image_only,Remove_2:movable_count,movability,E,E,1,1,,1,
task_asset_vqa_v2:Remove_2:gemini:image_only,Remove_2,gemini,image_only,Remove_2:horizontal_relation,relative_position,C,C,1,1,,1,
task_asset_vqa_v2:Remove_2:gemini:image_only,Remove_2,gemini,image_only,Remove_2:vertical_relation,relative_position,A,A,1,1,,1,
task_asset_vqa_v2:Remove_2:gemini:image_only,Remove_2,gemini,image_only,Remove_2:red_quadrant,coarse_location,D,D,1,1,,1,
task_asset_vqa_v2:Remove_2:gemini:image_only,Remove_2,gemini,image_only,Remove_2:goal_quadrant,coarse_location,A,A,1,1,,1,
task_asset_vqa_v2:Remove_2:gemini:image_only,Remove_2,gemini,image_only,Remove_2:containment,containment,B,B,1,1,,1,
task_asset_vqa_v2:Remove_2:gemini:image_only,Remove_2,gemini,image_only,Remove_2:movable_object_relation,movable_object_relation,B,B,1,1,,1,
task_asset_vqa_v2:Remove_10:gemini:image_only,Remove_10,gemini,image_only,Remove_10:red_shape,shape,B,B,1,1,,1,
task_asset_vqa_v2:Remove_10:gemini:image_only,Remove_10,gemini,image_only,Remove_10:goal_shape,shape,C,C,1,1,,1,
task_asset_vqa_v2:Remove_10:gemini:image_only,Remove_10,gemini,image_only,Remove_10:blue_count,count_color,D,D,1,1,,1,
task_asset_vqa_v2:Remove_10:gemini:image_only,Remove_10,gemini,image_only,Remove_10:colored_count,count_color,E,E,1,1,,1,
task_asset_vqa_v2:Remove_10:gemini:image_only,Remove_10,gemini,image_only,Remove_10:movable_count,movability,F,F,1,1,,1,
task_asset_vqa_v2:Remove_10:gemini:image_only,Remove_10,gemini,image_only,Remove_10:horizontal_relation,relative_position,A,A,1,1,,1,
task_asset_vqa_v2:Remove_10:gemini:image_only,Remove_10,gemini,image_only,Remove_10:vertical_relation,relative_position,B,B,1,1,,1,
task_asset_vqa_v2:Remove_10:gemini:image_only,Remove_10,gemini,image_only,Remove_10:red_quadrant,coarse_location,A,A,1,0,within_60px_of_x_or_y_divider,1,
task_asset_vqa_v2:Remove_10:gemini:image_only,Remove_10,gemini,image_only,Remove_10:goal_quadrant,coarse_location,B,B,1,0,within_60px_of_x_or_y_divider,1,
task_asset_vqa_v2:Remove_10:gemini:image_only,Remove_10,gemini,image_only,Remove_10:containment,containment,A,A,1,1,,1,
task_asset_vqa_v2:Remove_10:gemini:image_only,Remove_10,gemini,image_only,Remove_10:movable_object_relation,movable_object_relation,C,C,1,1,,1,
task_asset_vqa_v2:Remove_5:gemini:image_only,Remove_5,gemini,image_only,Remove_5:red_shape,shape,D,D,1,1,,1,
task_asset_vqa_v2:Remove_5:gemini:image_only,Remove_5,gemini,image_only,Remove_5:goal_shape,shape,A,A,1,1,,1,
task_asset_vqa_v2:Remove_5:gemini:image_only,Remove_5,gemini,image_only,Remove_5:blue_count,count_color,B,B,1,1,,1,
task_asset_vqa_v2:Remove_5:gemini:image_only,Remove_5,gemini,image_only,Remove_5:colored_count,count_color,C,C,1,1,,1,
task_asset_vqa_v2:Remove_5:gemini:image_only,Remove_5,gemini,image_only,Remove_5:movable_count,movability,D,D,1,1,,1,
task_asset_vqa_v2:Remove_5:gemini:image_only,Remove_5,gemini,image_only,Remove_5:horizontal_relation,relative_position,B,B,1,1,,1,
task_asset_vqa_v2:Remove_5:gemini:image_only,Remove_5,gemini,image_only,Remove_5:vertical_relation,relative_position,C,C,1,1,,1,
task_asset_vqa_v2:Remove_5:gemini:image_only,Remove_5,gemini,image_only,Remove_5:red_quadrant,coarse_location,C,C,1,1,,1,
task_asset_vqa_v2:Remove_5:gemini:image_only,Remove_5,gemini,image_only,Remove_5:goal_quadrant,coarse_location,D,D,1,0,within_60px_of_x_or_y_divider,1,
task_asset_vqa_v2:Remove_5:gemini:image_only,Remove_5,gemini,image_only,Remove_5:containment,containment,A,A,1,1,,1,
task_asset_vqa_v2:Remove_5:gemini:image_only,Remove_5,gemini,image_only,Remove_5:movable_object_relation,movable_object_relation,A,A,1,1,,1,
task_asset_vqa_v2:Remove_6:gemini:image_only,Remove_6,gemini,image_only,Remove_6:red_shape,shape,C,C,1,1,,1,
task_asset_vqa_v2:Remove_6:gemini:image_only,Remove_6,gemini,image_only,Remove_6:goal_shape,shape,D,D,1,1,,1,
task_asset_vqa_v2:Remove_6:gemini:image_only,Remove_6,gemini,image_only,Remove_6:blue_count,count_color,A,A,1,1,,1,
task_asset_vqa_v2:Remove_6:gemini:image_only,Remove_6,gemini,image_only,Remove_6:colored_count,count_color,B,B,1,1,,1,
task_asset_vqa_v2:Remove_6:gemini:image_only,Remove_6,gemini,image_only,Remove_6:movable_count,movability,C,C,1,1,,1,
task_asset_vqa_v2:Remove_6:gemini:image_only,Remove_6,gemini,image_only,Remove_6:horizontal_relation,relative_position,A,A,1,1,,1,
task_asset_vqa_v2:Remove_6:gemini:image_only,Remove_6,gemini,image_only,Remove_6:vertical_relation,relative_position,B,B,1,1,,1,
task_asset_vqa_v2:Remove_6:gemini:image_only,Remove_6,gemini,image_only,Remove_6:red_quadrant,coarse_location,B,B,1,1,,1,
task_asset_vqa_v2:Remove_6:gemini:image_only,Remove_6,gemini,image_only,Remove_6:goal_quadrant,coarse_location,C,C,1,0,within_60px_of_x_or_y_divider,1,
task_asset_vqa_v2:Remove_6:gemini:image_only,Remove_6,gemini,image_only,Remove_6:containment,containment,B,B,1,1,,1,
task_asset_vqa_v2:Remove_6:gemini:image_only,Remove_6,gemini,image_only,Remove_6:movable_object_relation,movable_object_relation,C,C,1,1,,1,
task_asset_vqa_v2:Remove_6:gemini:json_only,Remove_6,gemini,json_only,Remove_6:red_shape,shape,C,C,1,1,,1,
task_asset_vqa_v2:Remove_6:gemini:json_only,Remove_6,gemini,json_only,Remove_6:goal_shape,shape,D,D,1,1,,1,
task_asset_vqa_v2:Remove_6:gemini:json_only,Remove_6,gemini,json_only,Remove_6:blue_count,count_color,A,A,1,1,,1,
task_asset_vqa_v2:Remove_6:gemini:json_only,Remove_6,gemini,json_only,Remove_6:colored_count,count_color,B,B,1,1,,1,
task_asset_vqa_v2:Remove_6:gemini:json_only,Remove_6,gemini,json_only,Remove_6:movable_count,movability,C,C,1,1,,1,
task_asset_vqa_v2:Remove_6:gemini:json_only,Remove_6,gemini,json_only,Remove_6:horizontal_relation,relative_position,A,A,1,1,,1,
task_asset_vqa_v2:Remove_6:gemini:json_only,Remove_6,gemini,json_only,Remove_6:vertical_relation,relative_position,B,B,1,1,,1,
task_asset_vqa_v2:Remove_6:gemini:json_only,Remove_6,gemini,json_only,Remove_6:red_quadrant,coarse_location,B,B,1,1,,1,
task_asset_vqa_v2:Remove_6:gemini:json_only,Remove_6,gemini,json_only,Remove_6:goal_quadrant,coarse_location,C,C,1,0,within_60px_of_x_or_y_divider,1,
task_asset_vqa_v2:Remove_6:gemini:json_only,Remove_6,gemini,json_only,Remove_6:containment,containment,B,B,1,1,,1,
task_asset_vqa_v2:Remove_6:gemini:json_only,Remove_6,gemini,json_only,Remove_6:movable_object_relation,movable_object_relation,C,C,1,1,,1,
task_asset_vqa_v2:Remove_2:gemini:json_only,Remove_2,gemini,json_only,Remove_2:red_shape,shape,A,A,1,1,,1,
task_asset_vqa_v2:Remove_2:gemini:json_only,Remove_2,gemini,json_only,Remove_2:goal_shape,shape,B,B,1,1,,1,
task_asset_vqa_v2:Remove_2:gemini:json_only,Remove_2,gemini,json_only,Remove_2:blue_count,count_color,C,C,1,1,,1,
task_asset_vqa_v2:Remove_2:gemini:json_only,Remove_2,gemini,json_only,Remove_2:colored_count,count_color,D,D,1,1,,1,
task_asset_vqa_v2:Remove_2:gemini:json_only,Remove_2,gemini,json_only,Remove_2:movable_count,movability,E,E,1,1,,1,
task_asset_vqa_v2:Remove_2:gemini:json_only,Remove_2,gemini,json_only,Remove_2:horizontal_relation,relative_position,C,C,1,1,,1,
task_asset_vqa_v2:Remove_2:gemini:json_only,Remove_2,gemini,json_only,Remove_2:vertical_relation,relative_position,A,A,1,1,,1,
task_asset_vqa_v2:Remove_2:gemini:json_only,Remove_2,gemini,json_only,Remove_2:red_quadrant,coarse_location,D,D,1,1,,1,
task_asset_vqa_v2:Remove_2:gemini:json_only,Remove_2,gemini,json_only,Remove_2:goal_quadrant,coarse_location,A,A,1,1,,1,
task_asset_vqa_v2:Remove_2:gemini:json_only,Remove_2,gemini,json_only,Remove_2:containment,containment,B,B,1,1,,1,
task_asset_vqa_v2:Remove_2:gemini:json_only,Remove_2,gemini,json_only,Remove_2:movable_object_relation,movable_object_relation,B,B,1,1,,1,
task_asset_vqa_v2:Remove_7:gemini:image_only,Remove_7,gemini,image_only,Remove_7:red_shape,shape,B,B,1,1,,1,
task_asset_vqa_v2:Remove_7:gemini:image_only,Remove_7,gemini,image_only,Remove_7:goal_shape,shape,C,C,1,1,,1,
task_asset_vqa_v2:Remove_7:gemini:image_only,Remove_7,gemini,image_only,Remove_7:blue_count,count_color,D,D,1,1,,1,
task_asset_vqa_v2:Remove_7:gemini:image_only,Remove_7,gemini,image_only,Remove_7:colored_count,count_color,A,A,1,1,,1,
task_asset_vqa_v2:Remove_7:gemini:image_only,Remove_7,gemini,image_only,Remove_7:movable_count,movability,B,B,1,1,,1,
task_asset_vqa_v2:Remove_7:gemini:image_only,Remove_7,gemini,image_only,Remove_7:horizontal_relation,relative_position,C,C,1,1,,1,
task_asset_vqa_v2:Remove_7:gemini:image_only,Remove_7,gemini,image_only,Remove_7:vertical_relation,relative_position,A,A,1,1,,1,
task_asset_vqa_v2:Remove_7:gemini:image_only,Remove_7,gemini,image_only,Remove_7:red_quadrant,coarse_location,A,A,1,1,,1,
task_asset_vqa_v2:Remove_7:gemini:image_only,Remove_7,gemini,image_only,Remove_7:goal_quadrant,coarse_location,B,B,1,1,,1,
task_asset_vqa_v2:Remove_7:gemini:image_only,Remove_7,gemini,image_only,Remove_7:containment,containment,A,A,1,1,,1,
task_asset_vqa_v2:Remove_7:gemini:image_only,Remove_7,gemini,image_only,Remove_7:movable_object_relation,movable_object_relation,B,B,1,1,,1,
task_asset_vqa_v2:Remove_5:gemini:json_only,Remove_5,gemini,json_only,Remove_5:red_shape,shape,D,D,1,1,,1,
task_asset_vqa_v2:Remove_5:gemini:json_only,Remove_5,gemini,json_only,Remove_5:goal_shape,shape,A,A,1,1,,1,
task_asset_vqa_v2:Remove_5:gemini:json_only,Remove_5,gemini,json_only,Remove_5:blue_count,count_color,B,B,1,1,,1,
task_asset_vqa_v2:Remove_5:gemini:json_only,Remove_5,gemini,json_only,Remove_5:colored_count,count_color,C,C,1,1,,1,
task_asset_vqa_v2:Remove_5:gemini:json_only,Remove_5,gemini,json_only,Remove_5:movable_count,movability,D,D,1,1,,1,
task_asset_vqa_v2:Remove_5:gemini:json_only,Remove_5,gemini,json_only,Remove_5:horizontal_relation,relative_position,B,B,1,1,,1,
task_asset_vqa_v2:Remove_5:gemini:json_only,Remove_5,gemini,json_only,Remove_5:vertical_relation,relative_position,C,C,1,1,,1,
task_asset_vqa_v2:Remove_5:gemini:json_only,Remove_5,gemini,json_only,Remove_5:red_quadrant,coarse_location,C,C,1,1,,1,
task_asset_vqa_v2:Remove_5:gemini:json_only,Remove_5,gemini,json_only,Remove_5:goal_quadrant,coarse_location,D,D,1,0,within_60px_of_x_or_y_divider,1,
task_asset_vqa_v2:Remove_5:gemini:json_only,Remove_5,gemini,json_only,Remove_5:containment,containment,A,A,1,1,,1,
task_asset_vqa_v2:Remove_5:gemini:json_only,Remove_5,gemini,json_only,Remove_5:movable_object_relation,movable_object_relation,A,A,1,1,,1,
task_asset_vqa_v2:Remove_8:gemini:image_only,Remove_8,gemini,image_only,Remove_8:red_shape,shape,A,A,1,1,,1,
task_asset_vqa_v2:Remove_8:gemini:image_only,Remove_8,gemini,image_only,Remove_8:goal_shape,shape,B,B,1,1,,1,
task_asset_vqa_v2:Remove_8:gemini:image_only,Remove_8,gemini,image_only,Remove_8:blue_count,count_color,C,C,1,1,,1,
task_asset_vqa_v2:Remove_8:gemini:image_only,Remove_8,gemini,image_only,Remove_8:colored_count,count_color,F,F,1,1,,1,
task_asset_vqa_v2:Remove_8:gemini:image_only,Remove_8,gemini,image_only,Remove_8:movable_count,movability,A,A,1,1,,1,
task_asset_vqa_v2:Remove_8:gemini:image_only,Remove_8,gemini,image_only,Remove_8:horizontal_relation,relative_position,B,B,1,1,,1,
task_asset_vqa_v2:Remove_8:gemini:image_only,Remove_8,gemini,image_only,Remove_8:vertical_relation,relative_position,C,C,1,1,,1,
task_asset_vqa_v2:Remove_8:gemini:image_only,Remove_8,gemini,image_only,Remove_8:red_quadrant,coarse_location,D,D,1,0,within_60px_of_x_or_y_divider,1,
task_asset_vqa_v2:Remove_8:gemini:image_only,Remove_8,gemini,image_only,Remove_8:goal_quadrant,coarse_location,A,A,1,0,within_60px_of_x_or_y_divider,1,
task_asset_vqa_v2:Remove_8:gemini:image_only,Remove_8,gemini,image_only,Remove_8:containment,containment,B,B,1,1,,1,
task_asset_vqa_v2:Remove_8:gemini:image_only,Remove_8,gemini,image_only,Remove_8:movable_object_relation,movable_object_relation,A,A,1,1,,1,
task_asset_vqa_v2:Remove_7:gemini:json_only,Remove_7,gemini,json_only,Remove_7:red_shape,shape,B,B,1,1,,1,
task_asset_vqa_v2:Remove_7:gemini:json_only,Remove_7,gemini,json_only,Remove_7:goal_shape,shape,C,C,1,1,,1,
task_asset_vqa_v2:Remove_7:gemini:json_only,Remove_7,gemini,json_only,Remove_7:blue_count,count_color,D,D,1,1,,1,
task_asset_vqa_v2:Remove_7:gemini:json_only,Remove_7,gemini,json_only,Remove_7:colored_count,count_color,A,A,1,1,,1,
task_asset_vqa_v2:Remove_7:gemini:json_only,Remove_7,gemini,json_only,Remove_7:movable_count,movability,B,B,1,1,,1,
task_asset_vqa_v2:Remove_7:gemini:json_only,Remove_7,gemini,json_only,Remove_7:horizontal_relation,relative_position,C,C,1,1,,1,
task_asset_vqa_v2:Remove_7:gemini:json_only,Remove_7,gemini,json_only,Remove_7:vertical_relation,relative_position,A,A,1,1,,1,
task_asset_vqa_v2:Remove_7:gemini:json_only,Remove_7,gemini,json_only,Remove_7:red_quadrant,coarse_location,A,A,1,1,,1,
task_asset_vqa_v2:Remove_7:gemini:json_only,Remove_7,gemini,json_only,Remove_7:goal_quadrant,coarse_location,B,B,1,1,,1,
task_asset_vqa_v2:Remove_7:gemini:json_only,Remove_7,gemini,json_only,Remove_7:containment,containment,A,A,1,1,,1,
task_asset_vqa_v2:Remove_7:gemini:json_only,Remove_7,gemini,json_only,Remove_7:movable_object_relation,movable_object_relation,B,B,1,1,,1,
task_asset_vqa_v2:Remove_8:gemini:json_only,Remove_8,gemini,json_only,Remove_8:red_shape,shape,A,A,1,1,,1,
task_asset_vqa_v2:Remove_8:gemini:json_only,Remove_8,gemini,json_only,Remove_8:goal_shape,shape,B,B,1,1,,1,
task_asset_vqa_v2:Remove_8:gemini:json_only,Remove_8,gemini,json_only,Remove_8:blue_count,count_color,C,C,1,1,,1,
task_asset_vqa_v2:Remove_8:gemini:json_only,Remove_8,gemini,json_only,Remove_8:colored_count,count_color,F,F,1,1,,1,
task_asset_vqa_v2:Remove_8:gemini:json_only,Remove_8,gemini,json_only,Remove_8:movable_count,movability,A,A,1,1,,1,
task_asset_vqa_v2:Remove_8:gemini:json_only,Remove_8,gemini,json_only,Remove_8:horizontal_relation,relative_position,B,B,1,1,,1,
task_asset_vqa_v2:Remove_8:gemini:json_only,Remove_8,gemini,json_only,Remove_8:vertical_relation,relative_position,C,C,1,1,,1,
task_asset_vqa_v2:Remove_8:gemini:json_only,Remove_8,gemini,json_only,Remove_8:red_quadrant,coarse_location,D,D,1,0,within_60px_of_x_or_y_divider,1,
task_asset_vqa_v2:Remove_8:gemini:json_only,Remove_8,gemini,json_only,Remove_8:goal_quadrant,coarse_location,A,A,1,0,within_60px_of_x_or_y_divider,1,
task_asset_vqa_v2:Remove_8:gemini:json_only,Remove_8,gemini,json_only,Remove_8:containment,containment,B,B,1,1,,1,
task_asset_vqa_v2:Remove_8:gemini:json_only,Remove_8,gemini,json_only,Remove_8:movable_object_relation,movable_object_relation,A,A,1,1,,1,
task_asset_vqa_v2:Remove_9:gemini:json_only,Remove_9,gemini,json_only,Remove_9:red_shape,shape,D,D,1,1,,1,
task_asset_vqa_v2:Remove_9:gemini:json_only,Remove_9,gemini,json_only,Remove_9:goal_shape,shape,A,A,1,1,,1,
task_asset_vqa_v2:Remove_9:gemini:json_only,Remove_9,gemini,json_only,Remove_9:blue_count,count_color,B,B,1,1,,1,
task_asset_vqa_v2:Remove_9:gemini:json_only,Remove_9,gemini,json_only,Remove_9:colored_count,count_color,E,E,1,1,,1,
task_asset_vqa_v2:Remove_9:gemini:json_only,Remove_9,gemini,json_only,Remove_9:movable_count,movability,F,F,1,1,,1,
task_asset_vqa_v2:Remove_9:gemini:json_only,Remove_9,gemini,json_only,Remove_9:horizontal_relation,relative_position,A,A,1,1,,1,
task_asset_vqa_v2:Remove_9:gemini:json_only,Remove_9,gemini,json_only,Remove_9:vertical_relation,relative_position,B,B,1,1,,1,
task_asset_vqa_v2:Remove_9:gemini:json_only,Remove_9,gemini,json_only,Remove_9:red_quadrant,coarse_location,C,C,1,1,,1,
task_asset_vqa_v2:Remove_9:gemini:json_only,Remove_9,gemini,json_only,Remove_9:goal_quadrant,coarse_location,D,D,1,0,within_60px_of_x_or_y_divider,1,
task_asset_vqa_v2:Remove_9:gemini:json_only,Remove_9,gemini,json_only,Remove_9:containment,containment,A,A,1,1,,1,
task_asset_vqa_v2:Remove_9:gemini:json_only,Remove_9,gemini,json_only,Remove_9:movable_object_relation,movable_object_relation,B,C,0,1,,1,
task_asset_vqa_v2:Remove_9:gemini:image_only,Remove_9,gemini,image_only,Remove_9:red_shape,shape,D,D,1,1,,1,
task_asset_vqa_v2:Remove_9:gemini:image_only,Remove_9,gemini,image_only,Remove_9:goal_shape,shape,A,A,1,1,,1,
task_asset_vqa_v2:Remove_9:gemini:image_only,Remove_9,gemini,image_only,Remove_9:blue_count,count_color,B,B,1,1,,1,
task_asset_vqa_v2:Remove_9:gemini:image_only,Remove_9,gemini,image_only,Remove_9:colored_count,count_color,E,E,1,1,,1,
task_asset_vqa_v2:Remove_9:gemini:image_only,Remove_9,gemini,image_only,Remove_9:movable_count,movability,F,F,1,1,,1,
task_asset_vqa_v2:Remove_9:gemini:image_only,Remove_9,gemini,image_only,Remove_9:horizontal_relation,relative_position,A,A,1,1,,1,
task_asset_vqa_v2:Remove_9:gemini:image_only,Remove_9,gemini,image_only,Remove_9:vertical_relation,relative_position,B,B,1,1,,1,
task_asset_vqa_v2:Remove_9:gemini:image_only,Remove_9,gemini,image_only,Remove_9:red_quadrant,coarse_location,C,C,1,1,,1,
task_asset_vqa_v2:Remove_9:gemini:image_only,Remove_9,gemini,image_only,Remove_9:goal_quadrant,coarse_location,D,D,1,0,within_60px_of_x_or_y_divider,1,
task_asset_vqa_v2:Remove_9:gemini:image_only,Remove_9,gemini,image_only,Remove_9:containment,containment,A,A,1,1,,1,
task_asset_vqa_v2:Remove_9:gemini:image_only,Remove_9,gemini,image_only,Remove_9:movable_object_relation,movable_object_relation,C,C,1,1,,1,
task_asset_vqa_v2:BackUp_10:gpt:image_only,BackUp_10,gpt,image_only,BackUp_10:red_shape,shape,A,A,1,1,,1,
task_asset_vqa_v2:BackUp_10:gpt:image_only,BackUp_10,gpt,image_only,BackUp_10:goal_shape,shape,B,B,1,1,,1,
task_asset_vqa_v2:BackUp_10:gpt:image_only,BackUp_10,gpt,image_only,BackUp_10:blue_count,count_color,C,C,1,1,,1,
task_asset_vqa_v2:BackUp_10:gpt:image_only,BackUp_10,gpt,image_only,BackUp_10:colored_count,count_color,D,D,1,1,,1,
task_asset_vqa_v2:BackUp_10:gpt:image_only,BackUp_10,gpt,image_only,BackUp_10:movable_count,movability,E,E,1,1,,1,
task_asset_vqa_v2:BackUp_10:gpt:image_only,BackUp_10,gpt,image_only,BackUp_10:horizontal_relation,relative_position,C,C,1,1,,1,
task_asset_vqa_v2:BackUp_10:gpt:image_only,BackUp_10,gpt,image_only,BackUp_10:vertical_relation,relative_position,A,A,1,1,,1,
task_asset_vqa_v2:BackUp_10:gpt:image_only,BackUp_10,gpt,image_only,BackUp_10:red_quadrant,coarse_location,D,D,1,1,,1,
task_asset_vqa_v2:BackUp_10:gpt:image_only,BackUp_10,gpt,image_only,BackUp_10:goal_quadrant,coarse_location,A,A,1,1,,1,
task_asset_vqa_v2:BackUp_10:gpt:image_only,BackUp_10,gpt,image_only,BackUp_10:containment,containment,B,B,1,1,,1,
task_asset_vqa_v2:BackUp_10:gpt:image_only,BackUp_10,gpt,image_only,BackUp_10:movable_object_relation,movable_object_relation,B,B,1,1,,1,
task_asset_vqa_v2:BackUp_2:gpt:image_only,BackUp_2,gpt,image_only,BackUp_2:red_shape,shape,D,D,1,1,,1,
task_asset_vqa_v2:BackUp_2:gpt:image_only,BackUp_2,gpt,image_only,BackUp_2:goal_shape,shape,A,A,1,1,,1,
task_asset_vqa_v2:BackUp_2:gpt:image_only,BackUp_2,gpt,image_only,BackUp_2:blue_count,count_color,B,B,1,1,,1,
task_asset_vqa_v2:BackUp_2:gpt:image_only,BackUp_2,gpt,image_only,BackUp_2:colored_count,count_color,C,C,1,1,,1,
task_asset_vqa_v2:BackUp_2:gpt:image_only,BackUp_2,gpt,image_only,BackUp_2:movable_count,movability,D,D,1,1,,1,
task_asset_vqa_v2:BackUp_2:gpt:image_only,BackUp_2,gpt,image_only,BackUp_2:horizontal_relation,relative_position,B,B,1,1,,1,
task_asset_vqa_v2:BackUp_2:gpt:image_only,BackUp_2,gpt,image_only,BackUp_2:vertical_relation,relative_position,C,C,1,1,,1,
task_asset_vqa_v2:BackUp_2:gpt:image_only,BackUp_2,gpt,image_only,BackUp_2:red_quadrant,coarse_location,C,C,1,0,within_60px_of_x_or_y_divider,1,
task_asset_vqa_v2:BackUp_2:gpt:image_only,BackUp_2,gpt,image_only,BackUp_2:goal_quadrant,coarse_location,D,D,1,1,,1,
task_asset_vqa_v2:BackUp_2:gpt:image_only,BackUp_2,gpt,image_only,BackUp_2:containment,containment,A,A,1,1,,1,
task_asset_vqa_v2:BackUp_2:gpt:image_only,BackUp_2,gpt,image_only,BackUp_2:movable_object_relation,movable_object_relation,D,D,1,1,,1,
task_asset_vqa_v2:BackUp_2:gpt:json_only,BackUp_2,gpt,json_only,BackUp_2:red_shape,shape,D,D,1,1,,1,
task_asset_vqa_v2:BackUp_2:gpt:json_only,BackUp_2,gpt,json_only,BackUp_2:goal_shape,shape,A,A,1,1,,1,
task_asset_vqa_v2:BackUp_2:gpt:json_only,BackUp_2,gpt,json_only,BackUp_2:blue_count,count_color,B,B,1,1,,1,
task_asset_vqa_v2:BackUp_2:gpt:json_only,BackUp_2,gpt,json_only,BackUp_2:colored_count,count_color,C,C,1,1,,1,
task_asset_vqa_v2:BackUp_2:gpt:json_only,BackUp_2,gpt,json_only,BackUp_2:movable_count,movability,D,D,1,1,,1,
task_asset_vqa_v2:BackUp_2:gpt:json_only,BackUp_2,gpt,json_only,BackUp_2:horizontal_relation,relative_position,B,B,1,1,,1,
task_asset_vqa_v2:BackUp_2:gpt:json_only,BackUp_2,gpt,json_only,BackUp_2:vertical_relation,relative_position,C,C,1,1,,1,
task_asset_vqa_v2:BackUp_2:gpt:json_only,BackUp_2,gpt,json_only,BackUp_2:red_quadrant,coarse_location,C,C,1,0,within_60px_of_x_or_y_divider,1,
task_asset_vqa_v2:BackUp_2:gpt:json_only,BackUp_2,gpt,json_only,BackUp_2:goal_quadrant,coarse_location,D,D,1,1,,1,
task_asset_vqa_v2:BackUp_2:gpt:json_only,BackUp_2,gpt,json_only,BackUp_2:containment,containment,A,A,1,1,,1,
task_asset_vqa_v2:BackUp_2:gpt:json_only,BackUp_2,gpt,json_only,BackUp_2:movable_object_relation,movable_object_relation,D,D,1,1,,1,
task_asset_vqa_v2:BackUp_4:gpt:json_only,BackUp_4,gpt,json_only,BackUp_4:red_shape,shape,B,B,1,1,,1,
task_asset_vqa_v2:BackUp_4:gpt:json_only,BackUp_4,gpt,json_only,BackUp_4:goal_shape,shape,C,C,1,1,,1,
task_asset_vqa_v2:BackUp_4:gpt:json_only,BackUp_4,gpt,json_only,BackUp_4:blue_count,count_color,D,D,1,1,,1,
task_asset_vqa_v2:BackUp_4:gpt:json_only,BackUp_4,gpt,json_only,BackUp_4:colored_count,count_color,A,A,1,1,,1,
task_asset_vqa_v2:BackUp_4:gpt:json_only,BackUp_4,gpt,json_only,BackUp_4:movable_count,movability,B,B,1,1,,1,
task_asset_vqa_v2:BackUp_4:gpt:json_only,BackUp_4,gpt,json_only,BackUp_4:horizontal_relation,relative_position,C,C,1,1,,1,
task_asset_vqa_v2:BackUp_4:gpt:json_only,BackUp_4,gpt,json_only,BackUp_4:vertical_relation,relative_position,A,A,1,1,,1,
task_asset_vqa_v2:BackUp_4:gpt:json_only,BackUp_4,gpt,json_only,BackUp_4:red_quadrant,coarse_location,A,A,1,0,within_60px_of_x_or_y_divider,1,
task_asset_vqa_v2:BackUp_4:gpt:json_only,BackUp_4,gpt,json_only,BackUp_4:goal_quadrant,coarse_location,B,B,1,1,,1,
task_asset_vqa_v2:BackUp_4:gpt:json_only,BackUp_4,gpt,json_only,BackUp_4:containment,containment,A,A,1,1,,1,
task_asset_vqa_v2:BackUp_4:gpt:json_only,BackUp_4,gpt,json_only,BackUp_4:movable_object_relation,movable_object_relation,H,H,1,1,,1,
task_asset_vqa_v2:BackUp_3:gpt:json_only,BackUp_3,gpt,json_only,BackUp_3:red_shape,shape,C,C,1,1,,1,
task_asset_vqa_v2:BackUp_3:gpt:json_only,BackUp_3,gpt,json_only,BackUp_3:goal_shape,shape,D,D,1,1,,1,
task_asset_vqa_v2:BackUp_3:gpt:json_only,BackUp_3,gpt,json_only,BackUp_3:blue_count,count_color,A,A,1,1,,1,
task_asset_vqa_v2:BackUp_3:gpt:json_only,BackUp_3,gpt,json_only,BackUp_3:colored_count,count_color,B,B,1,1,,1,
task_asset_vqa_v2:BackUp_3:gpt:json_only,BackUp_3,gpt,json_only,BackUp_3:movable_count,movability,C,C,1,1,,1,
task_asset_vqa_v2:BackUp_3:gpt:json_only,BackUp_3,gpt,json_only,BackUp_3:horizontal_relation,relative_position,A,A,1,1,,1,
task_asset_vqa_v2:BackUp_3:gpt:json_only,BackUp_3,gpt,json_only,BackUp_3:vertical_relation,relative_position,B,B,1,1,,1,
task_asset_vqa_v2:BackUp_3:gpt:json_only,BackUp_3,gpt,json_only,BackUp_3:red_quadrant,coarse_location,B,B,1,0,within_60px_of_x_or_y_divider,1,
task_asset_vqa_v2:BackUp_3:gpt:json_only,BackUp_3,gpt,json_only,BackUp_3:goal_quadrant,coarse_location,C,C,1,0,within_60px_of_x_or_y_divider,1,
task_asset_vqa_v2:BackUp_3:gpt:json_only,BackUp_3,gpt,json_only,BackUp_3:containment,containment,B,B,1,1,,1,
task_asset_vqa_v2:BackUp_3:gpt:json_only,BackUp_3,gpt,json_only,BackUp_3:movable_object_relation,movable_object_relation,F,F,1,1,,1,
task_asset_vqa_v2:BackUp_3:gpt:image_only,BackUp_3,gpt,image_only,BackUp_3:red_shape,shape,C,C,1,1,,1,
task_asset_vqa_v2:BackUp_3:gpt:image_only,BackUp_3,gpt,image_only,BackUp_3:goal_shape,shape,D,D,1,1,,1,
task_asset_vqa_v2:BackUp_3:gpt:image_only,BackUp_3,gpt,image_only,BackUp_3:blue_count,count_color,A,A,1,1,,1,
task_asset_vqa_v2:BackUp_3:gpt:image_only,BackUp_3,gpt,image_only,BackUp_3:colored_count,count_color,B,B,1,1,,1,
task_asset_vqa_v2:BackUp_3:gpt:image_only,BackUp_3,gpt,image_only,BackUp_3:movable_count,movability,C,C,1,1,,1,
task_asset_vqa_v2:BackUp_3:gpt:image_only,BackUp_3,gpt,image_only,BackUp_3:horizontal_relation,relative_position,C,A,0,1,,1,
task_asset_vqa_v2:BackUp_3:gpt:image_only,BackUp_3,gpt,image_only,BackUp_3:vertical_relation,relative_position,B,B,1,1,,1,
task_asset_vqa_v2:BackUp_3:gpt:image_only,BackUp_3,gpt,image_only,BackUp_3:red_quadrant,coarse_location,D,B,0,0,within_60px_of_x_or_y_divider,1,
task_asset_vqa_v2:BackUp_3:gpt:image_only,BackUp_3,gpt,image_only,BackUp_3:goal_quadrant,coarse_location,C,C,1,0,within_60px_of_x_or_y_divider,1,
task_asset_vqa_v2:BackUp_3:gpt:image_only,BackUp_3,gpt,image_only,BackUp_3:containment,containment,B,B,1,1,,1,
task_asset_vqa_v2:BackUp_3:gpt:image_only,BackUp_3,gpt,image_only,BackUp_3:movable_object_relation,movable_object_relation,H,F,0,1,,1,
task_asset_vqa_v2:BackUp_4:gpt:image_only,BackUp_4,gpt,image_only,BackUp_4:red_shape,shape,B,B,1,1,,1,
task_asset_vqa_v2:BackUp_4:gpt:image_only,BackUp_4,gpt,image_only,BackUp_4:goal_shape,shape,C,C,1,1,,1,
task_asset_vqa_v2:BackUp_4:gpt:image_only,BackUp_4,gpt,image_only,BackUp_4:blue_count,count_color,D,D,1,1,,1,
task_asset_vqa_v2:BackUp_4:gpt:image_only,BackUp_4,gpt,image_only,BackUp_4:colored_count,count_color,A,A,1,1,,1,
task_asset_vqa_v2:BackUp_4:gpt:image_only,BackUp_4,gpt,image_only,BackUp_4:movable_count,movability,B,B,1,1,,1,
task_asset_vqa_v2:BackUp_4:gpt:image_only,BackUp_4,gpt,image_only,BackUp_4:horizontal_relation,relative_position,C,C,1,1,,1,
task_asset_vqa_v2:BackUp_4:gpt:image_only,BackUp_4,gpt,image_only,BackUp_4:vertical_relation,relative_position,A,A,1,1,,1,
task_asset_vqa_v2:BackUp_4:gpt:image_only,BackUp_4,gpt,image_only,BackUp_4:red_quadrant,coarse_location,A,A,1,0,within_60px_of_x_or_y_divider,1,
task_asset_vqa_v2:BackUp_4:gpt:image_only,BackUp_4,gpt,image_only,BackUp_4:goal_quadrant,coarse_location,B,B,1,1,,1,
task_asset_vqa_v2:BackUp_4:gpt:image_only,BackUp_4,gpt,image_only,BackUp_4:containment,containment,A,A,1,1,,1,
task_asset_vqa_v2:BackUp_4:gpt:image_only,BackUp_4,gpt,image_only,BackUp_4:movable_object_relation,movable_object_relation,H,H,1,1,,1,
task_asset_vqa_v2:BackUp_5:gpt:image_only,BackUp_5,gpt,image_only,BackUp_5:red_shape,shape,A,A,1,1,,1,
task_asset_vqa_v2:BackUp_5:gpt:image_only,BackUp_5,gpt,image_only,BackUp_5:goal_shape,shape,B,B,1,1,,1,
task_asset_vqa_v2:BackUp_5:gpt:image_only,BackUp_5,gpt,image_only,BackUp_5:blue_count,count_color,C,C,1,1,,1,
task_asset_vqa_v2:BackUp_5:gpt:image_only,BackUp_5,gpt,image_only,BackUp_5:colored_count,count_color,F,F,1,1,,1,
task_asset_vqa_v2:BackUp_5:gpt:image_only,BackUp_5,gpt,image_only,BackUp_5:movable_count,movability,A,A,1,1,,1,
task_asset_vqa_v2:BackUp_5:gpt:image_only,BackUp_5,gpt,image_only,BackUp_5:horizontal_relation,relative_position,B,B,1,1,,1,
task_asset_vqa_v2:BackUp_5:gpt:image_only,BackUp_5,gpt,image_only,BackUp_5:vertical_relation,relative_position,C,C,1,1,,1,
task_asset_vqa_v2:BackUp_5:gpt:image_only,BackUp_5,gpt,image_only,BackUp_5:red_quadrant,coarse_location,D,D,1,1,,1,
task_asset_vqa_v2:BackUp_5:gpt:image_only,BackUp_5,gpt,image_only,BackUp_5:goal_quadrant,coarse_location,A,A,1,1,,1,
task_asset_vqa_v2:BackUp_5:gpt:image_only,BackUp_5,gpt,image_only,BackUp_5:containment,containment,B,B,1,1,,1,
task_asset_vqa_v2:BackUp_5:gpt:image_only,BackUp_5,gpt,image_only,BackUp_5:movable_object_relation,movable_object_relation,A,A,1,1,,1,
task_asset_vqa_v2:BackUp_5:gpt:json_only,BackUp_5,gpt,json_only,BackUp_5:red_shape,shape,A,A,1,1,,1,
task_asset_vqa_v2:BackUp_5:gpt:json_only,BackUp_5,gpt,json_only,BackUp_5:goal_shape,shape,B,B,1,1,,1,
task_asset_vqa_v2:BackUp_5:gpt:json_only,BackUp_5,gpt,json_only,BackUp_5:blue_count,count_color,C,C,1,1,,1,
task_asset_vqa_v2:BackUp_5:gpt:json_only,BackUp_5,gpt,json_only,BackUp_5:colored_count,count_color,F,F,1,1,,1,
task_asset_vqa_v2:BackUp_5:gpt:json_only,BackUp_5,gpt,json_only,BackUp_5:movable_count,movability,A,A,1,1,,1,
task_asset_vqa_v2:BackUp_5:gpt:json_only,BackUp_5,gpt,json_only,BackUp_5:horizontal_relation,relative_position,B,B,1,1,,1,
task_asset_vqa_v2:BackUp_5:gpt:json_only,BackUp_5,gpt,json_only,BackUp_5:vertical_relation,relative_position,C,C,1,1,,1,
task_asset_vqa_v2:BackUp_5:gpt:json_only,BackUp_5,gpt,json_only,BackUp_5:red_quadrant,coarse_location,D,D,1,1,,1,
task_asset_vqa_v2:BackUp_5:gpt:json_only,BackUp_5,gpt,json_only,BackUp_5:goal_quadrant,coarse_location,A,A,1,1,,1,
task_asset_vqa_v2:BackUp_5:gpt:json_only,BackUp_5,gpt,json_only,BackUp_5:containment,containment,B,B,1,1,,1,
task_asset_vqa_v2:BackUp_5:gpt:json_only,BackUp_5,gpt,json_only,BackUp_5:movable_object_relation,movable_object_relation,A,A,1,1,,1,
task_asset_vqa_v2:BackUp_6:gpt:json_only,BackUp_6,gpt,json_only,BackUp_6:red_shape,shape,D,D,1,1,,1,
task_asset_vqa_v2:BackUp_6:gpt:json_only,BackUp_6,gpt,json_only,BackUp_6:goal_shape,shape,A,A,1,1,,1,
task_asset_vqa_v2:BackUp_6:gpt:json_only,BackUp_6,gpt,json_only,BackUp_6:blue_count,count_color,B,B,1,1,,1,
task_asset_vqa_v2:BackUp_6:gpt:json_only,BackUp_6,gpt,json_only,BackUp_6:colored_count,count_color,E,E,1,1,,1,
task_asset_vqa_v2:BackUp_6:gpt:json_only,BackUp_6,gpt,json_only,BackUp_6:movable_count,movability,F,F,1,1,,1,
task_asset_vqa_v2:BackUp_6:gpt:json_only,BackUp_6,gpt,json_only,BackUp_6:horizontal_relation,relative_position,A,A,1,1,,1,
task_asset_vqa_v2:BackUp_6:gpt:json_only,BackUp_6,gpt,json_only,BackUp_6:vertical_relation,relative_position,B,B,1,1,,1,
task_asset_vqa_v2:BackUp_6:gpt:json_only,BackUp_6,gpt,json_only,BackUp_6:red_quadrant,coarse_location,C,C,1,1,,1,
task_asset_vqa_v2:BackUp_6:gpt:json_only,BackUp_6,gpt,json_only,BackUp_6:goal_quadrant,coarse_location,D,D,1,0,within_60px_of_x_or_y_divider,1,
task_asset_vqa_v2:BackUp_6:gpt:json_only,BackUp_6,gpt,json_only,BackUp_6:containment,containment,A,A,1,1,,1,
task_asset_vqa_v2:BackUp_6:gpt:json_only,BackUp_6,gpt,json_only,BackUp_6:movable_object_relation,movable_object_relation,C,C,1,1,,1,
task_asset_vqa_v2:BackUp_6:gpt:image_only,BackUp_6,gpt,image_only,BackUp_6:red_shape,shape,D,D,1,1,,1,
task_asset_vqa_v2:BackUp_6:gpt:image_only,BackUp_6,gpt,image_only,BackUp_6:goal_shape,shape,A,A,1,1,,1,
task_asset_vqa_v2:BackUp_6:gpt:image_only,BackUp_6,gpt,image_only,BackUp_6:blue_count,count_color,B,B,1,1,,1,
task_asset_vqa_v2:BackUp_6:gpt:image_only,BackUp_6,gpt,image_only,BackUp_6:colored_count,count_color,E,E,1,1,,1,
task_asset_vqa_v2:BackUp_6:gpt:image_only,BackUp_6,gpt,image_only,BackUp_6:movable_count,movability,F,F,1,1,,1,
task_asset_vqa_v2:BackUp_6:gpt:image_only,BackUp_6,gpt,image_only,BackUp_6:horizontal_relation,relative_position,A,A,1,1,,1,
task_asset_vqa_v2:BackUp_6:gpt:image_only,BackUp_6,gpt,image_only,BackUp_6:vertical_relation,relative_position,B,B,1,1,,1,
task_asset_vqa_v2:BackUp_6:gpt:image_only,BackUp_6,gpt,image_only,BackUp_6:red_quadrant,coarse_location,C,C,1,1,,1,
task_asset_vqa_v2:BackUp_6:gpt:image_only,BackUp_6,gpt,image_only,BackUp_6:goal_quadrant,coarse_location,B,D,0,0,within_60px_of_x_or_y_divider,1,
task_asset_vqa_v2:BackUp_6:gpt:image_only,BackUp_6,gpt,image_only,BackUp_6:containment,containment,A,A,1,1,,1,
task_asset_vqa_v2:BackUp_6:gpt:image_only,BackUp_6,gpt,image_only,BackUp_6:movable_object_relation,movable_object_relation,C,C,1,1,,1,
task_asset_vqa_v2:BackUp_9:gpt:image_only,BackUp_9,gpt,image_only,BackUp_9:red_shape,shape,A,A,1,1,,1,
task_asset_vqa_v2:BackUp_9:gpt:image_only,BackUp_9,gpt,image_only,BackUp_9:goal_shape,shape,B,B,1,1,,1,
task_asset_vqa_v2:BackUp_9:gpt:image_only,BackUp_9,gpt,image_only,BackUp_9:blue_count,count_color,C,C,1,1,,1,
task_asset_vqa_v2:BackUp_9:gpt:image_only,BackUp_9,gpt,image_only,BackUp_9:colored_count,count_color,B,B,1,1,,1,
task_asset_vqa_v2:BackUp_9:gpt:image_only,BackUp_9,gpt,image_only,BackUp_9:movable_count,movability,C,C,1,1,,1,
task_asset_vqa_v2:BackUp_9:gpt:image_only,BackUp_9,gpt,image_only,BackUp_9:horizontal_relation,relative_position,A,A,1,1,,1,
task_asset_vqa_v2:BackUp_9:gpt:image_only,BackUp_9,gpt,image_only,BackUp_9:vertical_relation,relative_position,B,B,1,1,,1,
task_asset_vqa_v2:BackUp_9:gpt:image_only,BackUp_9,gpt,image_only,BackUp_9:red_quadrant,coarse_location,D,D,1,1,,1,
task_asset_vqa_v2:BackUp_9:gpt:image_only,BackUp_9,gpt,image_only,BackUp_9:goal_quadrant,coarse_location,A,A,1,1,,1,
task_asset_vqa_v2:BackUp_9:gpt:image_only,BackUp_9,gpt,image_only,BackUp_9:containment,containment,B,B,1,1,,1,
task_asset_vqa_v2:BackUp_9:gpt:image_only,BackUp_9,gpt,image_only,BackUp_9:movable_object_relation,movable_object_relation,I,I,1,1,,1,
task_asset_vqa_v2:BackUp_7:gpt:json_only,BackUp_7,gpt,json_only,BackUp_7:red_shape,shape,C,C,1,1,,1,
task_asset_vqa_v2:BackUp_7:gpt:json_only,BackUp_7,gpt,json_only,BackUp_7:goal_shape,shape,D,D,1,1,,1,
task_asset_vqa_v2:BackUp_7:gpt:json_only,BackUp_7,gpt,json_only,BackUp_7:blue_count,count_color,A,A,1,1,,1,
task_asset_vqa_v2:BackUp_7:gpt:json_only,BackUp_7,gpt,json_only,BackUp_7:colored_count,count_color,D,D,1,1,,1,
task_asset_vqa_v2:BackUp_7:gpt:json_only,BackUp_7,gpt,json_only,BackUp_7:movable_count,movability,E,E,1,1,,1,
task_asset_vqa_v2:BackUp_7:gpt:json_only,BackUp_7,gpt,json_only,BackUp_7:horizontal_relation,relative_position,C,C,1,1,,1,
task_asset_vqa_v2:BackUp_7:gpt:json_only,BackUp_7,gpt,json_only,BackUp_7:vertical_relation,relative_position,A,A,1,1,,1,
task_asset_vqa_v2:BackUp_7:gpt:json_only,BackUp_7,gpt,json_only,BackUp_7:red_quadrant,coarse_location,B,B,1,0,within_60px_of_x_or_y_divider,1,
task_asset_vqa_v2:BackUp_7:gpt:json_only,BackUp_7,gpt,json_only,BackUp_7:goal_quadrant,coarse_location,C,C,1,1,,1,
task_asset_vqa_v2:BackUp_7:gpt:json_only,BackUp_7,gpt,json_only,BackUp_7:containment,containment,B,B,1,1,,1,
task_asset_vqa_v2:BackUp_7:gpt:json_only,BackUp_7,gpt,json_only,BackUp_7:movable_object_relation,movable_object_relation,A,B,0,1,,1,
task_asset_vqa_v2:BackUp_8:gpt:image_only,BackUp_8,gpt,image_only,BackUp_8:red_shape,shape,B,B,1,1,,1,
task_asset_vqa_v2:BackUp_8:gpt:image_only,BackUp_8,gpt,image_only,BackUp_8:goal_shape,shape,C,C,1,1,,1,
task_asset_vqa_v2:BackUp_8:gpt:image_only,BackUp_8,gpt,image_only,BackUp_8:blue_count,count_color,D,D,1,1,,1,
task_asset_vqa_v2:BackUp_8:gpt:image_only,BackUp_8,gpt,image_only,BackUp_8:colored_count,count_color,C,C,1,1,,1,
task_asset_vqa_v2:BackUp_8:gpt:image_only,BackUp_8,gpt,image_only,BackUp_8:movable_count,movability,D,D,1,1,,1,
task_asset_vqa_v2:BackUp_8:gpt:image_only,BackUp_8,gpt,image_only,BackUp_8:horizontal_relation,relative_position,C,B,0,1,,1,
task_asset_vqa_v2:BackUp_8:gpt:image_only,BackUp_8,gpt,image_only,BackUp_8:vertical_relation,relative_position,C,C,1,1,,1,
task_asset_vqa_v2:BackUp_8:gpt:image_only,BackUp_8,gpt,image_only,BackUp_8:red_quadrant,coarse_location,B,A,0,0,within_60px_of_x_or_y_divider,1,
task_asset_vqa_v2:BackUp_8:gpt:image_only,BackUp_8,gpt,image_only,BackUp_8:goal_quadrant,coarse_location,B,B,1,0,within_60px_of_x_or_y_divider,1,
task_asset_vqa_v2:BackUp_8:gpt:image_only,BackUp_8,gpt,image_only,BackUp_8:containment,containment,A,A,1,1,,1,
task_asset_vqa_v2:BackUp_8:gpt:image_only,BackUp_8,gpt,image_only,BackUp_8:movable_object_relation,movable_object_relation,C,G,0,1,,1,
task_asset_vqa_v2:BackUp_7:gpt:image_only,BackUp_7,gpt,image_only,BackUp_7:red_shape,shape,C,C,1,1,,1,
task_asset_vqa_v2:BackUp_7:gpt:image_only,BackUp_7,gpt,image_only,BackUp_7:goal_shape,shape,D,D,1,1,,1,
task_asset_vqa_v2:BackUp_7:gpt:image_only,BackUp_7,gpt,image_only,BackUp_7:blue_count,count_color,A,A,1,1,,1,
task_asset_vqa_v2:BackUp_7:gpt:image_only,BackUp_7,gpt,image_only,BackUp_7:colored_count,count_color,D,D,1,1,,1,
task_asset_vqa_v2:BackUp_7:gpt:image_only,BackUp_7,gpt,image_only,BackUp_7:movable_count,movability,E,E,1,1,,1,
task_asset_vqa_v2:BackUp_7:gpt:image_only,BackUp_7,gpt,image_only,BackUp_7:horizontal_relation,relative_position,C,C,1,1,,1,
task_asset_vqa_v2:BackUp_7:gpt:image_only,BackUp_7,gpt,image_only,BackUp_7:vertical_relation,relative_position,A,A,1,1,,1,
task_asset_vqa_v2:BackUp_7:gpt:image_only,BackUp_7,gpt,image_only,BackUp_7:red_quadrant,coarse_location,B,B,1,0,within_60px_of_x_or_y_divider,1,
task_asset_vqa_v2:BackUp_7:gpt:image_only,BackUp_7,gpt,image_only,BackUp_7:goal_quadrant,coarse_location,C,C,1,1,,1,
task_asset_vqa_v2:BackUp_7:gpt:image_only,BackUp_7,gpt,image_only,BackUp_7:containment,containment,B,B,1,1,,1,
task_asset_vqa_v2:BackUp_7:gpt:image_only,BackUp_7,gpt,image_only,BackUp_7:movable_object_relation,movable_object_relation,B,B,1,1,,1,
task_asset_vqa_v2:BackUp_8:gpt:json_only,BackUp_8,gpt,json_only,BackUp_8:red_shape,shape,B,B,1,1,,1,
task_asset_vqa_v2:BackUp_8:gpt:json_only,BackUp_8,gpt,json_only,BackUp_8:goal_shape,shape,C,C,1,1,,1,
task_asset_vqa_v2:BackUp_8:gpt:json_only,BackUp_8,gpt,json_only,BackUp_8:blue_count,count_color,D,D,1,1,,1,
task_asset_vqa_v2:BackUp_8:gpt:json_only,BackUp_8,gpt,json_only,BackUp_8:colored_count,count_color,C,C,1,1,,1,
task_asset_vqa_v2:BackUp_8:gpt:json_only,BackUp_8,gpt,json_only,BackUp_8:movable_count,movability,D,D,1,1,,1,
task_asset_vqa_v2:BackUp_8:gpt:json_only,BackUp_8,gpt,json_only,BackUp_8:horizontal_relation,relative_position,C,B,0,1,,1,
task_asset_vqa_v2:BackUp_8:gpt:json_only,BackUp_8,gpt,json_only,BackUp_8:vertical_relation,relative_position,C,C,1,1,,1,
task_asset_vqa_v2:BackUp_8:gpt:json_only,BackUp_8,gpt,json_only,BackUp_8:red_quadrant,coarse_location,A,A,1,0,within_60px_of_x_or_y_divider,1,
task_asset_vqa_v2:BackUp_8:gpt:json_only,BackUp_8,gpt,json_only,BackUp_8:goal_quadrant,coarse_location,B,B,1,0,within_60px_of_x_or_y_divider,1,
task_asset_vqa_v2:BackUp_8:gpt:json_only,BackUp_8,gpt,json_only,BackUp_8:containment,containment,A,A,1,1,,1,
task_asset_vqa_v2:BackUp_8:gpt:json_only,BackUp_8,gpt,json_only,BackUp_8:movable_object_relation,movable_object_relation,C,G,0,1,,1,
task_asset_vqa_v2:BackUp_9:gpt:json_only,BackUp_9,gpt,json_only,BackUp_9:red_shape,shape,A,A,1,1,,1,
task_asset_vqa_v2:BackUp_9:gpt:json_only,BackUp_9,gpt,json_only,BackUp_9:goal_shape,shape,B,B,1,1,,1,
task_asset_vqa_v2:BackUp_9:gpt:json_only,BackUp_9,gpt,json_only,BackUp_9:blue_count,count_color,C,C,1,1,,1,
task_asset_vqa_v2:BackUp_9:gpt:json_only,BackUp_9,gpt,json_only,BackUp_9:colored_count,count_color,B,B,1,1,,1,
task_asset_vqa_v2:BackUp_9:gpt:json_only,BackUp_9,gpt,json_only,BackUp_9:movable_count,movability,C,C,1,1,,1,
task_asset_vqa_v2:BackUp_9:gpt:json_only,BackUp_9,gpt,json_only,BackUp_9:horizontal_relation,relative_position,A,A,1,1,,1,
task_asset_vqa_v2:BackUp_9:gpt:json_only,BackUp_9,gpt,json_only,BackUp_9:vertical_relation,relative_position,B,B,1,1,,1,
task_asset_vqa_v2:BackUp_9:gpt:json_only,BackUp_9,gpt,json_only,BackUp_9:red_quadrant,coarse_location,D,D,1,1,,1,
task_asset_vqa_v2:BackUp_9:gpt:json_only,BackUp_9,gpt,json_only,BackUp_9:goal_quadrant,coarse_location,A,A,1,1,,1,
task_asset_vqa_v2:BackUp_9:gpt:json_only,BackUp_9,gpt,json_only,BackUp_9:containment,containment,B,B,1,1,,1,
task_asset_vqa_v2:BackUp_9:gpt:json_only,BackUp_9,gpt,json_only,BackUp_9:movable_object_relation,movable_object_relation,I,I,1,1,,1,
task_asset_vqa_v2:BalanceUnder_10:gpt:json_only,BalanceUnder_10,gpt,json_only,BalanceUnder_10:red_shape,shape,D,D,1,1,,1,
task_asset_vqa_v2:BalanceUnder_10:gpt:json_only,BalanceUnder_10,gpt,json_only,BalanceUnder_10:goal_shape,shape,A,A,1,1,,1,
task_asset_vqa_v2:BalanceUnder_10:gpt:json_only,BalanceUnder_10,gpt,json_only,BalanceUnder_10:blue_count,count_color,B,B,1,1,,1,
task_asset_vqa_v2:BalanceUnder_10:gpt:json_only,BalanceUnder_10,gpt,json_only,BalanceUnder_10:colored_count,count_color,A,A,1,1,,1,
task_asset_vqa_v2:BalanceUnder_10:gpt:json_only,BalanceUnder_10,gpt,json_only,BalanceUnder_10:movable_count,movability,B,B,1,1,,1,
task_asset_vqa_v2:BalanceUnder_10:gpt:json_only,BalanceUnder_10,gpt,json_only,BalanceUnder_10:horizontal_relation,relative_position,C,C,1,1,,1,
task_asset_vqa_v2:BalanceUnder_10:gpt:json_only,BalanceUnder_10,gpt,json_only,BalanceUnder_10:vertical_relation,relative_position,A,A,1,1,,1,
task_asset_vqa_v2:BalanceUnder_10:gpt:json_only,BalanceUnder_10,gpt,json_only,BalanceUnder_10:red_quadrant,coarse_location,C,C,1,0,within_60px_of_x_or_y_divider,1,
task_asset_vqa_v2:BalanceUnder_10:gpt:json_only,BalanceUnder_10,gpt,json_only,BalanceUnder_10:goal_quadrant,coarse_location,D,D,1,1,,1,
task_asset_vqa_v2:BalanceUnder_10:gpt:json_only,BalanceUnder_10,gpt,json_only,BalanceUnder_10:containment,containment,A,A,1,1,,1,
task_asset_vqa_v2:BalanceUnder_10:gpt:json_only,BalanceUnder_10,gpt,json_only,BalanceUnder_10:movable_object_relation,movable_object_relation,B,B,1,1,,1,
task_asset_vqa_v2:BalanceUnder_2:gpt:json_only,BalanceUnder_2,gpt,json_only,BalanceUnder_2:red_shape,shape,C,C,1,1,,1,
task_asset_vqa_v2:BalanceUnder_2:gpt:json_only,BalanceUnder_2,gpt,json_only,BalanceUnder_2:goal_shape,shape,D,D,1,1,,1,
task_asset_vqa_v2:BalanceUnder_2:gpt:json_only,BalanceUnder_2,gpt,json_only,BalanceUnder_2:blue_count,count_color,A,A,1,1,,1,
task_asset_vqa_v2:BalanceUnder_2:gpt:json_only,BalanceUnder_2,gpt,json_only,BalanceUnder_2:colored_count,count_color,F,F,1,1,,1,
task_asset_vqa_v2:BalanceUnder_2:gpt:json_only,BalanceUnder_2,gpt,json_only,BalanceUnder_2:movable_count,movability,A,A,1,1,,1,
task_asset_vqa_v2:BalanceUnder_2:gpt:json_only,BalanceUnder_2,gpt,json_only,BalanceUnder_2:horizontal_relation,relative_position,B,B,1,1,,1,
task_asset_vqa_v2:BalanceUnder_2:gpt:json_only,BalanceUnder_2,gpt,json_only,BalanceUnder_2:vertical_relation,relative_position,C,C,1,1,,1,
task_asset_vqa_v2:BalanceUnder_2:gpt:json_only,BalanceUnder_2,gpt,json_only,BalanceUnder_2:red_quadrant,coarse_location,B,B,1,1,,1,
task_asset_vqa_v2:BalanceUnder_2:gpt:json_only,BalanceUnder_2,gpt,json_only,BalanceUnder_2:goal_quadrant,coarse_location,C,C,1,1,,1,
task_asset_vqa_v2:BalanceUnder_2:gpt:json_only,BalanceUnder_2,gpt,json_only,BalanceUnder_2:containment,containment,B,B,1,1,,1,
task_asset_vqa_v2:BalanceUnder_2:gpt:json_only,BalanceUnder_2,gpt,json_only,BalanceUnder_2:movable_object_relation,movable_object_relation,A,A,1,1,,1,
task_asset_vqa_v2:BalanceUnder_3:gpt:image_only,BalanceUnder_3,gpt,image_only,BalanceUnder_3:red_shape,shape,B,B,1,1,,1,
task_asset_vqa_v2:BalanceUnder_3:gpt:image_only,BalanceUnder_3,gpt,image_only,BalanceUnder_3:goal_shape,shape,C,C,1,1,,1,
task_asset_vqa_v2:BalanceUnder_3:gpt:image_only,BalanceUnder_3,gpt,image_only,BalanceUnder_3:blue_count,count_color,D,D,1,1,,1,
task_asset_vqa_v2:BalanceUnder_3:gpt:image_only,BalanceUnder_3,gpt,image_only,BalanceUnder_3:colored_count,count_color,E,E,1,1,,1,
task_asset_vqa_v2:BalanceUnder_3:gpt:image_only,BalanceUnder_3,gpt,image_only,BalanceUnder_3:movable_count,movability,F,F,1,1,,1,
task_asset_vqa_v2:BalanceUnder_3:gpt:image_only,BalanceUnder_3,gpt,image_only,BalanceUnder_3:horizontal_relation,relative_position,A,A,1,1,,1,
task_asset_vqa_v2:BalanceUnder_3:gpt:image_only,BalanceUnder_3,gpt,image_only,BalanceUnder_3:vertical_relation,relative_position,B,B,1,1,,1,
task_asset_vqa_v2:BalanceUnder_3:gpt:image_only,BalanceUnder_3,gpt,image_only,BalanceUnder_3:red_quadrant,coarse_location,A,A,1,1,,1,
task_asset_vqa_v2:BalanceUnder_3:gpt:image_only,BalanceUnder_3,gpt,image_only,BalanceUnder_3:goal_quadrant,coarse_location,B,B,1,1,,1,
task_asset_vqa_v2:BalanceUnder_3:gpt:image_only,BalanceUnder_3,gpt,image_only,BalanceUnder_3:containment,containment,A,A,1,1,,1,
task_asset_vqa_v2:BalanceUnder_3:gpt:image_only,BalanceUnder_3,gpt,image_only,BalanceUnder_3:movable_object_relation,movable_object_relation,C,C,1,1,,1,
task_asset_vqa_v2:BalanceUnder_10:gpt:image_only,BalanceUnder_10,gpt,image_only,BalanceUnder_10:red_shape,shape,D,D,1,1,,1,
task_asset_vqa_v2:BalanceUnder_10:gpt:image_only,BalanceUnder_10,gpt,image_only,BalanceUnder_10:goal_shape,shape,D,A,0,1,,1,
task_asset_vqa_v2:BalanceUnder_10:gpt:image_only,BalanceUnder_10,gpt,image_only,BalanceUnder_10:blue_count,count_color,B,B,1,1,,1,
task_asset_vqa_v2:BalanceUnder_10:gpt:image_only,BalanceUnder_10,gpt,image_only,BalanceUnder_10:colored_count,count_color,A,A,1,1,,1,
task_asset_vqa_v2:BalanceUnder_10:gpt:image_only,BalanceUnder_10,gpt,image_only,BalanceUnder_10:movable_count,movability,B,B,1,1,,1,
task_asset_vqa_v2:BalanceUnder_10:gpt:image_only,BalanceUnder_10,gpt,image_only,BalanceUnder_10:horizontal_relation,relative_position,C,C,1,1,,1,
task_asset_vqa_v2:BalanceUnder_10:gpt:image_only,BalanceUnder_10,gpt,image_only,BalanceUnder_10:vertical_relation,relative_position,A,A,1,1,,1,
task_asset_vqa_v2:BalanceUnder_10:gpt:image_only,BalanceUnder_10,gpt,image_only,BalanceUnder_10:red_quadrant,coarse_location,C,C,1,0,within_60px_of_x_or_y_divider,1,
task_asset_vqa_v2:BalanceUnder_10:gpt:image_only,BalanceUnder_10,gpt,image_only,BalanceUnder_10:goal_quadrant,coarse_location,D,D,1,1,,1,
task_asset_vqa_v2:BalanceUnder_10:gpt:image_only,BalanceUnder_10,gpt,image_only,BalanceUnder_10:containment,containment,A,A,1,1,,1,
task_asset_vqa_v2:BalanceUnder_10:gpt:image_only,BalanceUnder_10,gpt,image_only,BalanceUnder_10:movable_object_relation,movable_object_relation,B,B,1,1,,1,
task_asset_vqa_v2:BalanceUnder_2:gpt:image_only,BalanceUnder_2,gpt,image_only,BalanceUnder_2:red_shape,shape,C,C,1,1,,1,
task_asset_vqa_v2:BalanceUnder_2:gpt:image_only,BalanceUnder_2,gpt,image_only,BalanceUnder_2:goal_shape,shape,C,D,0,1,,1,
task_asset_vqa_v2:BalanceUnder_2:gpt:image_only,BalanceUnder_2,gpt,image_only,BalanceUnder_2:blue_count,count_color,A,A,1,1,,1,
task_asset_vqa_v2:BalanceUnder_2:gpt:image_only,BalanceUnder_2,gpt,image_only,BalanceUnder_2:colored_count,count_color,F,F,1,1,,1,
task_asset_vqa_v2:BalanceUnder_2:gpt:image_only,BalanceUnder_2,gpt,image_only,BalanceUnder_2:movable_count,movability,A,A,1,1,,1,
task_asset_vqa_v2:BalanceUnder_2:gpt:image_only,BalanceUnder_2,gpt,image_only,BalanceUnder_2:horizontal_relation,relative_position,B,B,1,1,,1,
task_asset_vqa_v2:BalanceUnder_2:gpt:image_only,BalanceUnder_2,gpt,image_only,BalanceUnder_2:vertical_relation,relative_position,A,C,0,1,,1,
task_asset_vqa_v2:BalanceUnder_2:gpt:image_only,BalanceUnder_2,gpt,image_only,BalanceUnder_2:red_quadrant,coarse_location,B,B,1,1,,1,
task_asset_vqa_v2:BalanceUnder_2:gpt:image_only,BalanceUnder_2,gpt,image_only,BalanceUnder_2:goal_quadrant,coarse_location,C,C,1,1,,1,
task_asset_vqa_v2:BalanceUnder_2:gpt:image_only,BalanceUnder_2,gpt,image_only,BalanceUnder_2:containment,containment,B,B,1,1,,1,
task_asset_vqa_v2:BalanceUnder_2:gpt:image_only,BalanceUnder_2,gpt,image_only,BalanceUnder_2:movable_object_relation,movable_object_relation,A,A,1,1,,1,
task_asset_vqa_v2:BalanceUnder_5:gpt:image_only,BalanceUnder_5,gpt,image_only,BalanceUnder_5:red_shape,shape,A,A,1,1,,1,
task_asset_vqa_v2:BalanceUnder_5:gpt:image_only,BalanceUnder_5,gpt,image_only,BalanceUnder_5:goal_shape,shape,B,B,1,1,,1,
task_asset_vqa_v2:BalanceUnder_5:gpt:image_only,BalanceUnder_5,gpt,image_only,BalanceUnder_5:blue_count,count_color,C,C,1,1,,1,
task_asset_vqa_v2:BalanceUnder_5:gpt:image_only,BalanceUnder_5,gpt,image_only,BalanceUnder_5:colored_count,count_color,D,D,1,1,,1,
task_asset_vqa_v2:BalanceUnder_5:gpt:image_only,BalanceUnder_5,gpt,image_only,BalanceUnder_5:movable_count,movability,E,E,1,1,,1,
task_asset_vqa_v2:BalanceUnder_5:gpt:image_only,BalanceUnder_5,gpt,image_only,BalanceUnder_5:horizontal_relation,relative_position,C,C,1,1,,1,
task_asset_vqa_v2:BalanceUnder_5:gpt:image_only,BalanceUnder_5,gpt,image_only,BalanceUnder_5:vertical_relation,relative_position,A,A,1,1,,1,
task_asset_vqa_v2:BalanceUnder_5:gpt:image_only,BalanceUnder_5,gpt,image_only,BalanceUnder_5:red_quadrant,coarse_location,D,D,1,0,within_60px_of_x_or_y_divider,1,
task_asset_vqa_v2:BalanceUnder_5:gpt:image_only,BalanceUnder_5,gpt,image_only,BalanceUnder_5:goal_quadrant,coarse_location,A,A,1,1,,1,
task_asset_vqa_v2:BalanceUnder_5:gpt:image_only,BalanceUnder_5,gpt,image_only,BalanceUnder_5:containment,containment,B,B,1,1,,1,
task_asset_vqa_v2:BalanceUnder_5:gpt:image_only,BalanceUnder_5,gpt,image_only,BalanceUnder_5:movable_object_relation,movable_object_relation,C,B,0,1,,1,
task_asset_vqa_v2:BalanceUnder_3:gpt:json_only,BalanceUnder_3,gpt,json_only,BalanceUnder_3:red_shape,shape,B,B,1,1,,1,
task_asset_vqa_v2:BalanceUnder_3:gpt:json_only,BalanceUnder_3,gpt,json_only,BalanceUnder_3:goal_shape,shape,C,C,1,1,,1,
task_asset_vqa_v2:BalanceUnder_3:gpt:json_only,BalanceUnder_3,gpt,json_only,BalanceUnder_3:blue_count,count_color,D,D,1,1,,1,
task_asset_vqa_v2:BalanceUnder_3:gpt:json_only,BalanceUnder_3,gpt,json_only,BalanceUnder_3:colored_count,count_color,E,E,1,1,,1,
task_asset_vqa_v2:BalanceUnder_3:gpt:json_only,BalanceUnder_3,gpt,json_only,BalanceUnder_3:movable_count,movability,F,F,1,1,,1,
task_asset_vqa_v2:BalanceUnder_3:gpt:json_only,BalanceUnder_3,gpt,json_only,BalanceUnder_3:horizontal_relation,relative_position,A,A,1,1,,1,
task_asset_vqa_v2:BalanceUnder_3:gpt:json_only,BalanceUnder_3,gpt,json_only,BalanceUnder_3:vertical_relation,relative_position,B,B,1,1,,1,
task_asset_vqa_v2:BalanceUnder_3:gpt:json_only,BalanceUnder_3,gpt,json_only,BalanceUnder_3:red_quadrant,coarse_location,A,A,1,1,,1,
task_asset_vqa_v2:BalanceUnder_3:gpt:json_only,BalanceUnder_3,gpt,json_only,BalanceUnder_3:goal_quadrant,coarse_location,B,B,1,1,,1,
task_asset_vqa_v2:BalanceUnder_3:gpt:json_only,BalanceUnder_3,gpt,json_only,BalanceUnder_3:containment,containment,A,A,1,1,,1,
task_asset_vqa_v2:BalanceUnder_3:gpt:json_only,BalanceUnder_3,gpt,json_only,BalanceUnder_3:movable_object_relation,movable_object_relation,C,C,1,1,,1,
task_asset_vqa_v2:BalanceUnder_6:gpt:json_only,BalanceUnder_6,gpt,json_only,BalanceUnder_6:red_shape,shape,D,D,1,1,,1,
task_asset_vqa_v2:BalanceUnder_6:gpt:json_only,BalanceUnder_6,gpt,json_only,BalanceUnder_6:goal_shape,shape,A,A,1,1,,1,
task_asset_vqa_v2:BalanceUnder_6:gpt:json_only,BalanceUnder_6,gpt,json_only,BalanceUnder_6:blue_count,count_color,B,B,1,1,,1,
task_asset_vqa_v2:BalanceUnder_6:gpt:json_only,BalanceUnder_6,gpt,json_only,BalanceUnder_6:colored_count,count_color,C,C,1,1,,1,
task_asset_vqa_v2:BalanceUnder_6:gpt:json_only,BalanceUnder_6,gpt,json_only,BalanceUnder_6:movable_count,movability,D,D,1,1,,1,
task_asset_vqa_v2:BalanceUnder_6:gpt:json_only,BalanceUnder_6,gpt,json_only,BalanceUnder_6:horizontal_relation,relative_position,B,B,1,1,,1,
task_asset_vqa_v2:BalanceUnder_6:gpt:json_only,BalanceUnder_6,gpt,json_only,BalanceUnder_6:vertical_relation,relative_position,C,C,1,1,,1,
task_asset_vqa_v2:BalanceUnder_6:gpt:json_only,BalanceUnder_6,gpt,json_only,BalanceUnder_6:red_quadrant,coarse_location,C,C,1,0,within_60px_of_x_or_y_divider,1,
task_asset_vqa_v2:BalanceUnder_6:gpt:json_only,BalanceUnder_6,gpt,json_only,BalanceUnder_6:goal_quadrant,coarse_location,D,D,1,1,,1,
task_asset_vqa_v2:BalanceUnder_6:gpt:json_only,BalanceUnder_6,gpt,json_only,BalanceUnder_6:containment,containment,A,A,1,1,,1,
task_asset_vqa_v2:BalanceUnder_6:gpt:json_only,BalanceUnder_6,gpt,json_only,BalanceUnder_6:movable_object_relation,movable_object_relation,C,A,0,1,,1,
task_asset_vqa_v2:BalanceUnder_5:gpt:json_only,BalanceUnder_5,gpt,json_only,BalanceUnder_5:red_shape,shape,A,A,1,1,,1,
task_asset_vqa_v2:BalanceUnder_5:gpt:json_only,BalanceUnder_5,gpt,json_only,BalanceUnder_5:goal_shape,shape,B,B,1,1,,1,
task_asset_vqa_v2:BalanceUnder_5:gpt:json_only,BalanceUnder_5,gpt,json_only,BalanceUnder_5:blue_count,count_color,C,C,1,1,,1,
task_asset_vqa_v2:BalanceUnder_5:gpt:json_only,BalanceUnder_5,gpt,json_only,BalanceUnder_5:colored_count,count_color,D,D,1,1,,1,
task_asset_vqa_v2:BalanceUnder_5:gpt:json_only,BalanceUnder_5,gpt,json_only,BalanceUnder_5:movable_count,movability,E,E,1,1,,1,
task_asset_vqa_v2:BalanceUnder_5:gpt:json_only,BalanceUnder_5,gpt,json_only,BalanceUnder_5:horizontal_relation,relative_position,C,C,1,1,,1,
task_asset_vqa_v2:BalanceUnder_5:gpt:json_only,BalanceUnder_5,gpt,json_only,BalanceUnder_5:vertical_relation,relative_position,A,A,1,1,,1,
task_asset_vqa_v2:BalanceUnder_5:gpt:json_only,BalanceUnder_5,gpt,json_only,BalanceUnder_5:red_quadrant,coarse_location,D,D,1,0,within_60px_of_x_or_y_divider,1,
task_asset_vqa_v2:BalanceUnder_5:gpt:json_only,BalanceUnder_5,gpt,json_only,BalanceUnder_5:goal_quadrant,coarse_location,A,A,1,1,,1,
task_asset_vqa_v2:BalanceUnder_5:gpt:json_only,BalanceUnder_5,gpt,json_only,BalanceUnder_5:containment,containment,B,B,1,1,,1,
task_asset_vqa_v2:BalanceUnder_5:gpt:json_only,BalanceUnder_5,gpt,json_only,BalanceUnder_5:movable_object_relation,movable_object_relation,C,B,0,1,,1,
task_asset_vqa_v2:BalanceUnder_7:gpt:json_only,BalanceUnder_7,gpt,json_only,BalanceUnder_7:red_shape,shape,C,C,1,1,,1,
task_asset_vqa_v2:BalanceUnder_7:gpt:json_only,BalanceUnder_7,gpt,json_only,BalanceUnder_7:goal_shape,shape,D,D,1,1,,1,
task_asset_vqa_v2:BalanceUnder_7:gpt:json_only,BalanceUnder_7,gpt,json_only,BalanceUnder_7:blue_count,count_color,A,A,1,1,,1,
task_asset_vqa_v2:BalanceUnder_7:gpt:json_only,BalanceUnder_7,gpt,json_only,BalanceUnder_7:colored_count,count_color,B,B,1,1,,1,
task_asset_vqa_v2:BalanceUnder_7:gpt:json_only,BalanceUnder_7,gpt,json_only,BalanceUnder_7:movable_count,movability,C,C,1,1,,1,
task_asset_vqa_v2:BalanceUnder_7:gpt:json_only,BalanceUnder_7,gpt,json_only,BalanceUnder_7:horizontal_relation,relative_position,A,A,1,1,,1,
task_asset_vqa_v2:BalanceUnder_7:gpt:json_only,BalanceUnder_7,gpt,json_only,BalanceUnder_7:vertical_relation,relative_position,B,B,1,1,,1,
task_asset_vqa_v2:BalanceUnder_7:gpt:json_only,BalanceUnder_7,gpt,json_only,BalanceUnder_7:red_quadrant,coarse_location,B,B,1,0,within_60px_of_x_or_y_divider,1,
task_asset_vqa_v2:BalanceUnder_7:gpt:json_only,BalanceUnder_7,gpt,json_only,BalanceUnder_7:goal_quadrant,coarse_location,C,C,1,1,,1,
task_asset_vqa_v2:BalanceUnder_7:gpt:json_only,BalanceUnder_7,gpt,json_only,BalanceUnder_7:containment,containment,B,B,1,1,,1,
task_asset_vqa_v2:BalanceUnder_7:gpt:json_only,BalanceUnder_7,gpt,json_only,BalanceUnder_7:movable_object_relation,movable_object_relation,A,C,0,1,,1,
task_asset_vqa_v2:BalanceUnder_7:gpt:image_only,BalanceUnder_7,gpt,image_only,BalanceUnder_7:red_shape,shape,C,C,1,1,,1,
task_asset_vqa_v2:BalanceUnder_7:gpt:image_only,BalanceUnder_7,gpt,image_only,BalanceUnder_7:goal_shape,shape,C,D,0,1,,1,
task_asset_vqa_v2:BalanceUnder_7:gpt:image_only,BalanceUnder_7,gpt,image_only,BalanceUnder_7:blue_count,count_color,A,A,1,1,,1,
task_asset_vqa_v2:BalanceUnder_7:gpt:image_only,BalanceUnder_7,gpt,image_only,BalanceUnder_7:colored_count,count_color,B,B,1,1,,1,
task_asset_vqa_v2:BalanceUnder_7:gpt:image_only,BalanceUnder_7,gpt,image_only,BalanceUnder_7:movable_count,movability,C,C,1,1,,1,
task_asset_vqa_v2:BalanceUnder_7:gpt:image_only,BalanceUnder_7,gpt,image_only,BalanceUnder_7:horizontal_relation,relative_position,A,A,1,1,,1,
task_asset_vqa_v2:BalanceUnder_7:gpt:image_only,BalanceUnder_7,gpt,image_only,BalanceUnder_7:vertical_relation,relative_position,B,B,1,1,,1,
task_asset_vqa_v2:BalanceUnder_7:gpt:image_only,BalanceUnder_7,gpt,image_only,BalanceUnder_7:red_quadrant,coarse_location,B,B,1,0,within_60px_of_x_or_y_divider,1,
task_asset_vqa_v2:BalanceUnder_7:gpt:image_only,BalanceUnder_7,gpt,image_only,BalanceUnder_7:goal_quadrant,coarse_location,C,C,1,1,,1,
task_asset_vqa_v2:BalanceUnder_7:gpt:image_only,BalanceUnder_7,gpt,image_only,BalanceUnder_7:containment,containment,B,B,1,1,,1,
task_asset_vqa_v2:BalanceUnder_7:gpt:image_only,BalanceUnder_7,gpt,image_only,BalanceUnder_7:movable_object_relation,movable_object_relation,A,C,0,1,,1,
task_asset_vqa_v2:BalanceUnder_6:gpt:image_only,BalanceUnder_6,gpt,image_only,BalanceUnder_6:red_shape,shape,D,D,1,1,,1,
task_asset_vqa_v2:BalanceUnder_6:gpt:image_only,BalanceUnder_6,gpt,image_only,BalanceUnder_6:goal_shape,shape,A,A,1,1,,1,
task_asset_vqa_v2:BalanceUnder_6:gpt:image_only,BalanceUnder_6,gpt,image_only,BalanceUnder_6:blue_count,count_color,B,B,1,1,,1,
task_asset_vqa_v2:BalanceUnder_6:gpt:image_only,BalanceUnder_6,gpt,image_only,BalanceUnder_6:colored_count,count_color,C,C,1,1,,1,
task_asset_vqa_v2:BalanceUnder_6:gpt:image_only,BalanceUnder_6,gpt,image_only,BalanceUnder_6:movable_count,movability,D,D,1,1,,1,
task_asset_vqa_v2:BalanceUnder_6:gpt:image_only,BalanceUnder_6,gpt,image_only,BalanceUnder_6:horizontal_relation,relative_position,B,B,1,1,,1,
task_asset_vqa_v2:BalanceUnder_6:gpt:image_only,BalanceUnder_6,gpt,image_only,BalanceUnder_6:vertical_relation,relative_position,C,C,1,1,,1,
task_asset_vqa_v2:BalanceUnder_6:gpt:image_only,BalanceUnder_6,gpt,image_only,BalanceUnder_6:red_quadrant,coarse_location,B,C,0,0,within_60px_of_x_or_y_divider,1,
task_asset_vqa_v2:BalanceUnder_6:gpt:image_only,BalanceUnder_6,gpt,image_only,BalanceUnder_6:goal_quadrant,coarse_location,D,D,1,1,,1,
task_asset_vqa_v2:BalanceUnder_6:gpt:image_only,BalanceUnder_6,gpt,image_only,BalanceUnder_6:containment,containment,A,A,1,1,,1,
task_asset_vqa_v2:BalanceUnder_6:gpt:image_only,BalanceUnder_6,gpt,image_only,BalanceUnder_6:movable_object_relation,movable_object_relation,C,A,0,1,,1,
task_asset_vqa_v2:Balance_1:gpt:json_only,Balance_1,gpt,json_only,Balance_1:red_shape,shape,A,A,1,1,,1,
task_asset_vqa_v2:Balance_1:gpt:json_only,Balance_1,gpt,json_only,Balance_1:goal_shape,shape,B,B,1,1,,1,
task_asset_vqa_v2:Balance_1:gpt:json_only,Balance_1,gpt,json_only,Balance_1:blue_count,count_color,C,C,1,1,,1,
task_asset_vqa_v2:Balance_1:gpt:json_only,Balance_1,gpt,json_only,Balance_1:colored_count,count_color,F,F,1,1,,1,
task_asset_vqa_v2:Balance_1:gpt:json_only,Balance_1,gpt,json_only,Balance_1:movable_count,movability,A,A,1,1,,1,
task_asset_vqa_v2:Balance_1:gpt:json_only,Balance_1,gpt,json_only,Balance_1:horizontal_relation,relative_position,B,B,1,1,,1,
task_asset_vqa_v2:Balance_1:gpt:json_only,Balance_1,gpt,json_only,Balance_1:vertical_relation,relative_position,C,C,1,1,,1,
task_asset_vqa_v2:Balance_1:gpt:json_only,Balance_1,gpt,json_only,Balance_1:red_quadrant,coarse_location,D,D,1,0,within_60px_of_x_or_y_divider,1,
task_asset_vqa_v2:Balance_1:gpt:json_only,Balance_1,gpt,json_only,Balance_1:goal_quadrant,coarse_location,A,A,1,1,,1,
task_asset_vqa_v2:Balance_1:gpt:json_only,Balance_1,gpt,json_only,Balance_1:containment,containment,B,B,1,1,,1,
task_asset_vqa_v2:Balance_1:gpt:json_only,Balance_1,gpt,json_only,Balance_1:movable_object_relation,movable_object_relation,A,A,1,1,,1,
task_asset_vqa_v2:Balance_10:gpt:image_only,Balance_10,gpt,image_only,Balance_10:red_shape,shape,D,D,1,1,,1,
task_asset_vqa_v2:Balance_10:gpt:image_only,Balance_10,gpt,image_only,Balance_10:goal_shape,shape,A,A,1,1,,1,
task_asset_vqa_v2:Balance_10:gpt:image_only,Balance_10,gpt,image_only,Balance_10:blue_count,count_color,B,B,1,1,,1,
task_asset_vqa_v2:Balance_10:gpt:image_only,Balance_10,gpt,image_only,Balance_10:colored_count,count_color,E,E,1,1,,1,
task_asset_vqa_v2:Balance_10:gpt:image_only,Balance_10,gpt,image_only,Balance_10:movable_count,movability,F,F,1,1,,1,
task_asset_vqa_v2:Balance_10:gpt:image_only,Balance_10,gpt,image_only,Balance_10:horizontal_relation,relative_position,A,A,1,1,,1,
task_asset_vqa_v2:Balance_10:gpt:image_only,Balance_10,gpt,image_only,Balance_10:vertical_relation,relative_position,B,B,1,1,,1,
task_asset_vqa_v2:Balance_10:gpt:image_only,Balance_10,gpt,image_only,Balance_10:red_quadrant,coarse_location,C,C,1,0,within_60px_of_x_or_y_divider,1,
task_asset_vqa_v2:Balance_10:gpt:image_only,Balance_10,gpt,image_only,Balance_10:goal_quadrant,coarse_location,D,D,1,1,,1,
task_asset_vqa_v2:Balance_10:gpt:image_only,Balance_10,gpt,image_only,Balance_10:containment,containment,A,A,1,1,,1,
task_asset_vqa_v2:Balance_10:gpt:image_only,Balance_10,gpt,image_only,Balance_10:movable_object_relation,movable_object_relation,C,C,1,1,,1,
task_asset_vqa_v2:Balance_1:gpt:image_only,Balance_1,gpt,image_only,Balance_1:red_shape,shape,A,A,1,1,,1,
task_asset_vqa_v2:Balance_1:gpt:image_only,Balance_1,gpt,image_only,Balance_1:goal_shape,shape,B,B,1,1,,1,
task_asset_vqa_v2:Balance_1:gpt:image_only,Balance_1,gpt,image_only,Balance_1:blue_count,count_color,C,C,1,1,,1,
task_asset_vqa_v2:Balance_1:gpt:image_only,Balance_1,gpt,image_only,Balance_1:colored_count,count_color,F,F,1,1,,1,
task_asset_vqa_v2:Balance_1:gpt:image_only,Balance_1,gpt,image_only,Balance_1:movable_count,movability,A,A,1,1,,1,
task_asset_vqa_v2:Balance_1:gpt:image_only,Balance_1,gpt,image_only,Balance_1:horizontal_relation,relative_position,B,B,1,1,,1,
task_asset_vqa_v2:Balance_1:gpt:image_only,Balance_1,gpt,image_only,Balance_1:vertical_relation,relative_position,C,C,1,1,,1,
task_asset_vqa_v2:Balance_1:gpt:image_only,Balance_1,gpt,image_only,Balance_1:red_quadrant,coarse_location,B,D,0,0,within_60px_of_x_or_y_divider,1,
task_asset_vqa_v2:Balance_1:gpt:image_only,Balance_1,gpt,image_only,Balance_1:goal_quadrant,coarse_location,A,A,1,1,,1,
task_asset_vqa_v2:Balance_1:gpt:image_only,Balance_1,gpt,image_only,Balance_1:containment,containment,B,B,1,1,,1,
task_asset_vqa_v2:Balance_1:gpt:image_only,Balance_1,gpt,image_only,Balance_1:movable_object_relation,movable_object_relation,A,A,1,1,,1,
task_asset_vqa_v2:Balance_10:gpt:json_only,Balance_10,gpt,json_only,Balance_10:red_shape,shape,D,D,1,1,,1,
task_asset_vqa_v2:Balance_10:gpt:json_only,Balance_10,gpt,json_only,Balance_10:goal_shape,shape,A,A,1,1,,1,
task_asset_vqa_v2:Balance_10:gpt:json_only,Balance_10,gpt,json_only,Balance_10:blue_count,count_color,B,B,1,1,,1,
task_asset_vqa_v2:Balance_10:gpt:json_only,Balance_10,gpt,json_only,Balance_10:colored_count,count_color,E,E,1,1,,1,
task_asset_vqa_v2:Balance_10:gpt:json_only,Balance_10,gpt,json_only,Balance_10:movable_count,movability,F,F,1,1,,1,
task_asset_vqa_v2:Balance_10:gpt:json_only,Balance_10,gpt,json_only,Balance_10:horizontal_relation,relative_position,A,A,1,1,,1,
task_asset_vqa_v2:Balance_10:gpt:json_only,Balance_10,gpt,json_only,Balance_10:vertical_relation,relative_position,B,B,1,1,,1,
task_asset_vqa_v2:Balance_10:gpt:json_only,Balance_10,gpt,json_only,Balance_10:red_quadrant,coarse_location,C,C,1,0,within_60px_of_x_or_y_divider,1,
task_asset_vqa_v2:Balance_10:gpt:json_only,Balance_10,gpt,json_only,Balance_10:goal_quadrant,coarse_location,D,D,1,1,,1,
task_asset_vqa_v2:Balance_10:gpt:json_only,Balance_10,gpt,json_only,Balance_10:containment,containment,A,A,1,1,,1,
task_asset_vqa_v2:Balance_10:gpt:json_only,Balance_10,gpt,json_only,Balance_10:movable_object_relation,movable_object_relation,C,C,1,1,,1,
task_asset_vqa_v2:BalanceUnder_8:gpt:image_only,BalanceUnder_8,gpt,image_only,BalanceUnder_8:red_shape,shape,B,B,1,1,,1,
task_asset_vqa_v2:BalanceUnder_8:gpt:image_only,BalanceUnder_8,gpt,image_only,BalanceUnder_8:goal_shape,shape,C,C,1,1,,1,
task_asset_vqa_v2:BalanceUnder_8:gpt:image_only,BalanceUnder_8,gpt,image_only,BalanceUnder_8:blue_count,count_color,D,D,1,1,,1,
task_asset_vqa_v2:BalanceUnder_8:gpt:image_only,BalanceUnder_8,gpt,image_only,BalanceUnder_8:colored_count,count_color,A,A,1,1,,1,
task_asset_vqa_v2:BalanceUnder_8:gpt:image_only,BalanceUnder_8,gpt,image_only,BalanceUnder_8:movable_count,movability,B,B,1,1,,1,
task_asset_vqa_v2:BalanceUnder_8:gpt:image_only,BalanceUnder_8,gpt,image_only,BalanceUnder_8:horizontal_relation,relative_position,C,C,1,1,,1,
task_asset_vqa_v2:BalanceUnder_8:gpt:image_only,BalanceUnder_8,gpt,image_only,BalanceUnder_8:vertical_relation,relative_position,A,A,1,1,,1,
task_asset_vqa_v2:BalanceUnder_8:gpt:image_only,BalanceUnder_8,gpt,image_only,BalanceUnder_8:red_quadrant,coarse_location,A,A,1,0,within_60px_of_x_or_y_divider,1,
task_asset_vqa_v2:BalanceUnder_8:gpt:image_only,BalanceUnder_8,gpt,image_only,BalanceUnder_8:goal_quadrant,coarse_location,B,B,1,1,,1,
task_asset_vqa_v2:BalanceUnder_8:gpt:image_only,BalanceUnder_8,gpt,image_only,BalanceUnder_8:containment,containment,A,A,1,1,,1,
task_asset_vqa_v2:BalanceUnder_8:gpt:image_only,BalanceUnder_8,gpt,image_only,BalanceUnder_8:movable_object_relation,movable_object_relation,B,B,1,1,,1,
task_asset_vqa_v2:Balance_2:gpt:json_only,Balance_2,gpt,json_only,Balance_2:red_shape,shape,C,C,1,1,,1,
task_asset_vqa_v2:Balance_2:gpt:json_only,Balance_2,gpt,json_only,Balance_2:goal_shape,shape,D,D,1,1,,1,
task_asset_vqa_v2:Balance_2:gpt:json_only,Balance_2,gpt,json_only,Balance_2:blue_count,count_color,A,A,1,1,,1,
task_asset_vqa_v2:Balance_2:gpt:json_only,Balance_2,gpt,json_only,Balance_2:colored_count,count_color,D,D,1,1,,1,
task_asset_vqa_v2:Balance_2:gpt:json_only,Balance_2,gpt,json_only,Balance_2:movable_count,movability,E,E,1,1,,1,
task_asset_vqa_v2:Balance_2:gpt:json_only,Balance_2,gpt,json_only,Balance_2:horizontal_relation,relative_position,C,C,1,1,,1,
task_asset_vqa_v2:Balance_2:gpt:json_only,Balance_2,gpt,json_only,Balance_2:vertical_relation,relative_position,A,A,1,1,,1,
task_asset_vqa_v2:Balance_2:gpt:json_only,Balance_2,gpt,json_only,Balance_2:red_quadrant,coarse_location,B,B,1,0,within_60px_of_x_or_y_divider,1,
task_asset_vqa_v2:Balance_2:gpt:json_only,Balance_2,gpt,json_only,Balance_2:goal_quadrant,coarse_location,C,C,1,1,,1,
task_asset_vqa_v2:Balance_2:gpt:json_only,Balance_2,gpt,json_only,Balance_2:containment,containment,B,B,1,1,,1,
task_asset_vqa_v2:Balance_2:gpt:json_only,Balance_2,gpt,json_only,Balance_2:movable_object_relation,movable_object_relation,B,B,1,1,,1,
task_asset_vqa_v2:BackUp_10:gpt:json_only,BackUp_10,gpt,json_only,BackUp_10:red_shape,shape,A,A,1,1,,1,
task_asset_vqa_v2:BackUp_10:gpt:json_only,BackUp_10,gpt,json_only,BackUp_10:goal_shape,shape,B,B,1,1,,1,
task_asset_vqa_v2:BackUp_10:gpt:json_only,BackUp_10,gpt,json_only,BackUp_10:blue_count,count_color,C,C,1,1,,1,
task_asset_vqa_v2:BackUp_10:gpt:json_only,BackUp_10,gpt,json_only,BackUp_10:colored_count,count_color,D,D,1,1,,1,
task_asset_vqa_v2:BackUp_10:gpt:json_only,BackUp_10,gpt,json_only,BackUp_10:movable_count,movability,E,E,1,1,,1,
task_asset_vqa_v2:BackUp_10:gpt:json_only,BackUp_10,gpt,json_only,BackUp_10:horizontal_relation,relative_position,C,C,1,1,,1,
task_asset_vqa_v2:BackUp_10:gpt:json_only,BackUp_10,gpt,json_only,BackUp_10:vertical_relation,relative_position,A,A,1,1,,1,
task_asset_vqa_v2:BackUp_10:gpt:json_only,BackUp_10,gpt,json_only,BackUp_10:red_quadrant,coarse_location,D,D,1,1,,1,
task_asset_vqa_v2:BackUp_10:gpt:json_only,BackUp_10,gpt,json_only,BackUp_10:goal_quadrant,coarse_location,A,A,1,1,,1,
task_asset_vqa_v2:BackUp_10:gpt:json_only,BackUp_10,gpt,json_only,BackUp_10:containment,containment,B,B,1,1,,1,
task_asset_vqa_v2:BackUp_10:gpt:json_only,BackUp_10,gpt,json_only,BackUp_10:movable_object_relation,movable_object_relation,B,B,1,1,,1,
task_asset_vqa_v2:BalanceUnder_8:gpt:json_only,BalanceUnder_8,gpt,json_only,BalanceUnder_8:red_shape,shape,B,B,1,1,,1,
task_asset_vqa_v2:BalanceUnder_8:gpt:json_only,BalanceUnder_8,gpt,json_only,BalanceUnder_8:goal_shape,shape,C,C,1,1,,1,
task_asset_vqa_v2:BalanceUnder_8:gpt:json_only,BalanceUnder_8,gpt,json_only,BalanceUnder_8:blue_count,count_color,D,D,1,1,,1,
task_asset_vqa_v2:BalanceUnder_8:gpt:json_only,BalanceUnder_8,gpt,json_only,BalanceUnder_8:colored_count,count_color,A,A,1,1,,1,
task_asset_vqa_v2:BalanceUnder_8:gpt:json_only,BalanceUnder_8,gpt,json_only,BalanceUnder_8:movable_count,movability,B,B,1,1,,1,
task_asset_vqa_v2:BalanceUnder_8:gpt:json_only,BalanceUnder_8,gpt,json_only,BalanceUnder_8:horizontal_relation,relative_position,C,C,1,1,,1,
task_asset_vqa_v2:BalanceUnder_8:gpt:json_only,BalanceUnder_8,gpt,json_only,BalanceUnder_8:vertical_relation,relative_position,A,A,1,1,,1,
task_asset_vqa_v2:BalanceUnder_8:gpt:json_only,BalanceUnder_8,gpt,json_only,BalanceUnder_8:red_quadrant,coarse_location,A,A,1,0,within_60px_of_x_or_y_divider,1,
task_asset_vqa_v2:BalanceUnder_8:gpt:json_only,BalanceUnder_8,gpt,json_only,BalanceUnder_8:goal_quadrant,coarse_location,B,B,1,1,,1,
task_asset_vqa_v2:BalanceUnder_8:gpt:json_only,BalanceUnder_8,gpt,json_only,BalanceUnder_8:containment,containment,A,A,1,1,,1,
task_asset_vqa_v2:BalanceUnder_8:gpt:json_only,BalanceUnder_8,gpt,json_only,BalanceUnder_8:movable_object_relation,movable_object_relation,B,B,1,1,,1,
task_asset_vqa_v2:Balance_2:gpt:image_only,Balance_2,gpt,image_only,Balance_2:red_shape,shape,C,C,1,1,,1,
task_asset_vqa_v2:Balance_2:gpt:image_only,Balance_2,gpt,image_only,Balance_2:goal_shape,shape,D,D,1,1,,1,
task_asset_vqa_v2:Balance_2:gpt:image_only,Balance_2,gpt,image_only,Balance_2:blue_count,count_color,A,A,1,1,,1,
task_asset_vqa_v2:Balance_2:gpt:image_only,Balance_2,gpt,image_only,Balance_2:colored_count,count_color,D,D,1,1,,1,
task_asset_vqa_v2:Balance_2:gpt:image_only,Balance_2,gpt,image_only,Balance_2:movable_count,movability,E,E,1,1,,1,
task_asset_vqa_v2:Balance_2:gpt:image_only,Balance_2,gpt,image_only,Balance_2:horizontal_relation,relative_position,C,C,1,1,,1,
task_asset_vqa_v2:Balance_2:gpt:image_only,Balance_2,gpt,image_only,Balance_2:vertical_relation,relative_position,A,A,1,1,,1,
task_asset_vqa_v2:Balance_2:gpt:image_only,Balance_2,gpt,image_only,Balance_2:red_quadrant,coarse_location,B,B,1,0,within_60px_of_x_or_y_divider,1,
task_asset_vqa_v2:Balance_2:gpt:image_only,Balance_2,gpt,image_only,Balance_2:goal_quadrant,coarse_location,C,C,1,1,,1,
task_asset_vqa_v2:Balance_2:gpt:image_only,Balance_2,gpt,image_only,Balance_2:containment,containment,B,B,1,1,,1,
task_asset_vqa_v2:Balance_2:gpt:image_only,Balance_2,gpt,image_only,Balance_2:movable_object_relation,movable_object_relation,B,B,1,1,,1,
task_asset_vqa_v2:Balance_3:gpt:json_only,Balance_3,gpt,json_only,Balance_3:red_shape,shape,B,B,1,1,,1,
task_asset_vqa_v2:Balance_3:gpt:json_only,Balance_3,gpt,json_only,Balance_3:goal_shape,shape,C,C,1,1,,1,
task_asset_vqa_v2:Balance_3:gpt:json_only,Balance_3,gpt,json_only,Balance_3:blue_count,count_color,D,D,1,1,,1,
task_asset_vqa_v2:Balance_3:gpt:json_only,Balance_3,gpt,json_only,Balance_3:colored_count,count_color,C,C,1,1,,1,
task_asset_vqa_v2:Balance_3:gpt:json_only,Balance_3,gpt,json_only,Balance_3:movable_count,movability,D,D,1,1,,1,
task_asset_vqa_v2:Balance_3:gpt:json_only,Balance_3,gpt,json_only,Balance_3:horizontal_relation,relative_position,B,B,1,1,,1,
task_asset_vqa_v2:Balance_3:gpt:json_only,Balance_3,gpt,json_only,Balance_3:vertical_relation,relative_position,C,C,1,1,,1,
task_asset_vqa_v2:Balance_3:gpt:json_only,Balance_3,gpt,json_only,Balance_3:red_quadrant,coarse_location,A,A,1,1,,1,
task_asset_vqa_v2:Balance_3:gpt:json_only,Balance_3,gpt,json_only,Balance_3:goal_quadrant,coarse_location,B,B,1,0,within_60px_of_x_or_y_divider,1,
task_asset_vqa_v2:Balance_3:gpt:json_only,Balance_3,gpt,json_only,Balance_3:containment,containment,A,A,1,1,,1,
task_asset_vqa_v2:Balance_3:gpt:json_only,Balance_3,gpt,json_only,Balance_3:movable_object_relation,movable_object_relation,A,A,1,1,,1,
task_asset_vqa_v2:Balance_5:gpt:image_only,Balance_5,gpt,image_only,Balance_5:red_shape,shape,D,D,1,1,,1,
task_asset_vqa_v2:Balance_5:gpt:image_only,Balance_5,gpt,image_only,Balance_5:goal_shape,shape,A,A,1,1,,1,
task_asset_vqa_v2:Balance_5:gpt:image_only,Balance_5,gpt,image_only,Balance_5:blue_count,count_color,B,B,1,1,,1,
task_asset_vqa_v2:Balance_5:gpt:image_only,Balance_5,gpt,image_only,Balance_5:colored_count,count_color,A,A,1,1,,1,
task_asset_vqa_v2:Balance_5:gpt:image_only,Balance_5,gpt,image_only,Balance_5:movable_count,movability,B,B,1,1,,1,
task_asset_vqa_v2:Balance_5:gpt:image_only,Balance_5,gpt,image_only,Balance_5:horizontal_relation,relative_position,C,C,1,1,,1,
task_asset_vqa_v2:Balance_5:gpt:image_only,Balance_5,gpt,image_only,Balance_5:vertical_relation,relative_position,A,A,1,1,,1,
task_asset_vqa_v2:Balance_5:gpt:image_only,Balance_5,gpt,image_only,Balance_5:red_quadrant,coarse_location,C,C,1,0,within_60px_of_x_or_y_divider,1,
task_asset_vqa_v2:Balance_5:gpt:image_only,Balance_5,gpt,image_only,Balance_5:goal_quadrant,coarse_location,D,D,1,1,,1,
task_asset_vqa_v2:Balance_5:gpt:image_only,Balance_5,gpt,image_only,Balance_5:containment,containment,A,A,1,1,,1,
task_asset_vqa_v2:Balance_5:gpt:image_only,Balance_5,gpt,image_only,Balance_5:movable_object_relation,movable_object_relation,B,B,1,1,,1,
task_asset_vqa_v2:Balance_3:gpt:image_only,Balance_3,gpt,image_only,Balance_3:red_shape,shape,B,B,1,1,,1,
task_asset_vqa_v2:Balance_3:gpt:image_only,Balance_3,gpt,image_only,Balance_3:goal_shape,shape,C,C,1,1,,1,
task_asset_vqa_v2:Balance_3:gpt:image_only,Balance_3,gpt,image_only,Balance_3:blue_count,count_color,D,D,1,1,,1,
task_asset_vqa_v2:Balance_3:gpt:image_only,Balance_3,gpt,image_only,Balance_3:colored_count,count_color,C,C,1,1,,1,
task_asset_vqa_v2:Balance_3:gpt:image_only,Balance_3,gpt,image_only,Balance_3:movable_count,movability,D,D,1,1,,1,
task_asset_vqa_v2:Balance_3:gpt:image_only,Balance_3,gpt,image_only,Balance_3:horizontal_relation,relative_position,B,B,1,1,,1,
task_asset_vqa_v2:Balance_3:gpt:image_only,Balance_3,gpt,image_only,Balance_3:vertical_relation,relative_position,C,C,1,1,,1,
task_asset_vqa_v2:Balance_3:gpt:image_only,Balance_3,gpt,image_only,Balance_3:red_quadrant,coarse_location,A,A,1,1,,1,
task_asset_vqa_v2:Balance_3:gpt:image_only,Balance_3,gpt,image_only,Balance_3:goal_quadrant,coarse_location,B,B,1,0,within_60px_of_x_or_y_divider,1,
task_asset_vqa_v2:Balance_3:gpt:image_only,Balance_3,gpt,image_only,Balance_3:containment,containment,A,A,1,1,,1,
task_asset_vqa_v2:Balance_3:gpt:image_only,Balance_3,gpt,image_only,Balance_3:movable_object_relation,movable_object_relation,A,A,1,1,,1,
task_asset_vqa_v2:Balance_4:gpt:json_only,Balance_4,gpt,json_only,Balance_4:red_shape,shape,A,A,1,1,,1,
task_asset_vqa_v2:Balance_4:gpt:json_only,Balance_4,gpt,json_only,Balance_4:goal_shape,shape,B,B,1,1,,1,
task_asset_vqa_v2:Balance_4:gpt:json_only,Balance_4,gpt,json_only,Balance_4:blue_count,count_color,C,C,1,1,,1,
task_asset_vqa_v2:Balance_4:gpt:json_only,Balance_4,gpt,json_only,Balance_4:colored_count,count_color,B,B,1,1,,1,
task_asset_vqa_v2:Balance_4:gpt:json_only,Balance_4,gpt,json_only,Balance_4:movable_count,movability,C,C,1,1,,1,
task_asset_vqa_v2:Balance_4:gpt:json_only,Balance_4,gpt,json_only,Balance_4:horizontal_relation,relative_position,B,A,0,1,,1,
task_asset_vqa_v2:Balance_4:gpt:json_only,Balance_4,gpt,json_only,Balance_4:vertical_relation,relative_position,B,B,1,1,,1,
task_asset_vqa_v2:Balance_4:gpt:json_only,Balance_4,gpt,json_only,Balance_4:red_quadrant,coarse_location,D,D,1,0,within_60px_of_x_or_y_divider,1,
task_asset_vqa_v2:Balance_4:gpt:json_only,Balance_4,gpt,json_only,Balance_4:goal_quadrant,coarse_location,A,A,1,1,,1,
task_asset_vqa_v2:Balance_4:gpt:json_only,Balance_4,gpt,json_only,Balance_4:containment,containment,B,B,1,1,,1,
task_asset_vqa_v2:Balance_4:gpt:json_only,Balance_4,gpt,json_only,Balance_4:movable_object_relation,movable_object_relation,C,C,1,1,,1,
task_asset_vqa_v2:Balance_5:gpt:json_only,Balance_5,gpt,json_only,Balance_5:red_shape,shape,D,D,1,1,,1,
task_asset_vqa_v2:Balance_5:gpt:json_only,Balance_5,gpt,json_only,Balance_5:goal_shape,shape,A,A,1,1,,1,
task_asset_vqa_v2:Balance_5:gpt:json_only,Balance_5,gpt,json_only,Balance_5:blue_count,count_color,B,B,1,1,,1,
task_asset_vqa_v2:Balance_5:gpt:json_only,Balance_5,gpt,json_only,Balance_5:colored_count,count_color,A,A,1,1,,1,
task_asset_vqa_v2:Balance_5:gpt:json_only,Balance_5,gpt,json_only,Balance_5:movable_count,movability,B,B,1,1,,1,
task_asset_vqa_v2:Balance_5:gpt:json_only,Balance_5,gpt,json_only,Balance_5:horizontal_relation,relative_position,C,C,1,1,,1,
task_asset_vqa_v2:Balance_5:gpt:json_only,Balance_5,gpt,json_only,Balance_5:vertical_relation,relative_position,A,A,1,1,,1,
task_asset_vqa_v2:Balance_5:gpt:json_only,Balance_5,gpt,json_only,Balance_5:red_quadrant,coarse_location,C,C,1,0,within_60px_of_x_or_y_divider,1,
task_asset_vqa_v2:Balance_5:gpt:json_only,Balance_5,gpt,json_only,Balance_5:goal_quadrant,coarse_location,D,D,1,1,,1,
task_asset_vqa_v2:Balance_5:gpt:json_only,Balance_5,gpt,json_only,Balance_5:containment,containment,A,A,1,1,,1,
task_asset_vqa_v2:Balance_5:gpt:json_only,Balance_5,gpt,json_only,Balance_5:movable_object_relation,movable_object_relation,B,B,1,1,,1,
task_asset_vqa_v2:Balance_4:gpt:image_only,Balance_4,gpt,image_only,Balance_4:red_shape,shape,A,A,1,1,,1,
task_asset_vqa_v2:Balance_4:gpt:image_only,Balance_4,gpt,image_only,Balance_4:goal_shape,shape,B,B,1,1,,1,
task_asset_vqa_v2:Balance_4:gpt:image_only,Balance_4,gpt,image_only,Balance_4:blue_count,count_color,C,C,1,1,,1,
task_asset_vqa_v2:Balance_4:gpt:image_only,Balance_4,gpt,image_only,Balance_4:colored_count,count_color,B,B,1,1,,1,
task_asset_vqa_v2:Balance_4:gpt:image_only,Balance_4,gpt,image_only,Balance_4:movable_count,movability,C,C,1,1,,1,
task_asset_vqa_v2:Balance_4:gpt:image_only,Balance_4,gpt,image_only,Balance_4:horizontal_relation,relative_position,B,A,0,1,,1,
task_asset_vqa_v2:Balance_4:gpt:image_only,Balance_4,gpt,image_only,Balance_4:vertical_relation,relative_position,B,B,1,1,,1,
task_asset_vqa_v2:Balance_4:gpt:image_only,Balance_4,gpt,image_only,Balance_4:red_quadrant,coarse_location,D,D,1,0,within_60px_of_x_or_y_divider,1,
task_asset_vqa_v2:Balance_4:gpt:image_only,Balance_4,gpt,image_only,Balance_4:goal_quadrant,coarse_location,A,A,1,1,,1,
task_asset_vqa_v2:Balance_4:gpt:image_only,Balance_4,gpt,image_only,Balance_4:containment,containment,B,B,1,1,,1,
task_asset_vqa_v2:Balance_4:gpt:image_only,Balance_4,gpt,image_only,Balance_4:movable_object_relation,movable_object_relation,C,C,1,1,,1,
task_asset_vqa_v2:Balance_7:gpt:json_only,Balance_7,gpt,json_only,Balance_7:red_shape,shape,C,C,1,1,,1,
task_asset_vqa_v2:Balance_7:gpt:json_only,Balance_7,gpt,json_only,Balance_7:goal_shape,shape,D,D,1,1,,1,
task_asset_vqa_v2:Balance_7:gpt:json_only,Balance_7,gpt,json_only,Balance_7:blue_count,count_color,A,A,1,1,,1,
task_asset_vqa_v2:Balance_7:gpt:json_only,Balance_7,gpt,json_only,Balance_7:colored_count,count_color,F,F,1,1,,1,
task_asset_vqa_v2:Balance_7:gpt:json_only,Balance_7,gpt,json_only,Balance_7:movable_count,movability,A,A,1,1,,1,
task_asset_vqa_v2:Balance_7:gpt:json_only,Balance_7,gpt,json_only,Balance_7:horizontal_relation,relative_position,B,B,1,1,,1,
task_asset_vqa_v2:Balance_7:gpt:json_only,Balance_7,gpt,json_only,Balance_7:vertical_relation,relative_position,C,C,1,1,,1,
task_asset_vqa_v2:Balance_7:gpt:json_only,Balance_7,gpt,json_only,Balance_7:red_quadrant,coarse_location,B,B,1,1,,1,
task_asset_vqa_v2:Balance_7:gpt:json_only,Balance_7,gpt,json_only,Balance_7:goal_quadrant,coarse_location,C,C,1,1,,1,
task_asset_vqa_v2:Balance_7:gpt:json_only,Balance_7,gpt,json_only,Balance_7:containment,containment,B,B,1,1,,1,
task_asset_vqa_v2:Balance_7:gpt:json_only,Balance_7,gpt,json_only,Balance_7:movable_object_relation,movable_object_relation,A,A,1,1,,1,
task_asset_vqa_v2:Balance_8:gpt:json_only,Balance_8,gpt,json_only,Balance_8:red_shape,shape,B,B,1,1,,1,
task_asset_vqa_v2:Balance_8:gpt:json_only,Balance_8,gpt,json_only,Balance_8:goal_shape,shape,C,C,1,1,,1,
task_asset_vqa_v2:Balance_8:gpt:json_only,Balance_8,gpt,json_only,Balance_8:blue_count,count_color,D,D,1,1,,1,
task_asset_vqa_v2:Balance_8:gpt:json_only,Balance_8,gpt,json_only,Balance_8:colored_count,count_color,E,E,1,1,,1,
task_asset_vqa_v2:Balance_8:gpt:json_only,Balance_8,gpt,json_only,Balance_8:movable_count,movability,F,F,1,1,,1,
task_asset_vqa_v2:Balance_8:gpt:json_only,Balance_8,gpt,json_only,Balance_8:horizontal_relation,relative_position,A,A,1,1,,1,
task_asset_vqa_v2:Balance_8:gpt:json_only,Balance_8,gpt,json_only,Balance_8:vertical_relation,relative_position,B,B,1,1,,1,
task_asset_vqa_v2:Balance_8:gpt:json_only,Balance_8,gpt,json_only,Balance_8:red_quadrant,coarse_location,A,A,1,1,,1,
task_asset_vqa_v2:Balance_8:gpt:json_only,Balance_8,gpt,json_only,Balance_8:goal_quadrant,coarse_location,B,B,1,0,within_60px_of_x_or_y_divider,1,
task_asset_vqa_v2:Balance_8:gpt:json_only,Balance_8,gpt,json_only,Balance_8:containment,containment,A,A,1,1,,1,
task_asset_vqa_v2:Balance_8:gpt:json_only,Balance_8,gpt,json_only,Balance_8:movable_object_relation,movable_object_relation,C,C,1,1,,1,
task_asset_vqa_v2:Basic_1:gpt:json_only,Basic_1,gpt,json_only,Basic_1:red_shape,shape,A,A,1,1,,1,
task_asset_vqa_v2:Basic_1:gpt:json_only,Basic_1,gpt,json_only,Basic_1:goal_shape,shape,B,B,1,1,,1,
task_asset_vqa_v2:Basic_1:gpt:json_only,Basic_1,gpt,json_only,Basic_1:blue_count,count_color,C,C,1,1,,1,
task_asset_vqa_v2:Basic_1:gpt:json_only,Basic_1,gpt,json_only,Basic_1:colored_count,count_color,D,D,1,1,,1,
task_asset_vqa_v2:Basic_1:gpt:json_only,Basic_1,gpt,json_only,Basic_1:movable_count,movability,E,E,1,1,,1,
task_asset_vqa_v2:Basic_1:gpt:json_only,Basic_1,gpt,json_only,Basic_1:horizontal_relation,relative_position,C,C,1,1,,1,
task_asset_vqa_v2:Basic_1:gpt:json_only,Basic_1,gpt,json_only,Basic_1:vertical_relation,relative_position,A,A,1,1,,1,
task_asset_vqa_v2:Basic_1:gpt:json_only,Basic_1,gpt,json_only,Basic_1:red_quadrant,coarse_location,D,D,1,1,,1,
task_asset_vqa_v2:Basic_1:gpt:json_only,Basic_1,gpt,json_only,Basic_1:goal_quadrant,coarse_location,A,A,1,1,,1,
task_asset_vqa_v2:Basic_1:gpt:json_only,Basic_1,gpt,json_only,Basic_1:containment,containment,B,B,1,1,,1,
task_asset_vqa_v2:Basic_1:gpt:json_only,Basic_1,gpt,json_only,Basic_1:movable_object_relation,movable_object_relation,E,E,1,1,,1,
task_asset_vqa_v2:Balance_8:gpt:image_only,Balance_8,gpt,image_only,Balance_8:red_shape,shape,B,B,1,1,,1,
task_asset_vqa_v2:Balance_8:gpt:image_only,Balance_8,gpt,image_only,Balance_8:goal_shape,shape,C,C,1,1,,1,
task_asset_vqa_v2:Balance_8:gpt:image_only,Balance_8,gpt,image_only,Balance_8:blue_count,count_color,D,D,1,1,,1,
task_asset_vqa_v2:Balance_8:gpt:image_only,Balance_8,gpt,image_only,Balance_8:colored_count,count_color,E,E,1,1,,1,
task_asset_vqa_v2:Balance_8:gpt:image_only,Balance_8,gpt,image_only,Balance_8:movable_count,movability,F,F,1,1,,1,
task_asset_vqa_v2:Balance_8:gpt:image_only,Balance_8,gpt,image_only,Balance_8:horizontal_relation,relative_position,A,A,1,1,,1,
task_asset_vqa_v2:Balance_8:gpt:image_only,Balance_8,gpt,image_only,Balance_8:vertical_relation,relative_position,B,B,1,1,,1,
task_asset_vqa_v2:Balance_8:gpt:image_only,Balance_8,gpt,image_only,Balance_8:red_quadrant,coarse_location,A,A,1,1,,1,
task_asset_vqa_v2:Balance_8:gpt:image_only,Balance_8,gpt,image_only,Balance_8:goal_quadrant,coarse_location,A,B,0,0,within_60px_of_x_or_y_divider,1,
task_asset_vqa_v2:Balance_8:gpt:image_only,Balance_8,gpt,image_only,Balance_8:containment,containment,A,A,1,1,,1,
task_asset_vqa_v2:Balance_8:gpt:image_only,Balance_8,gpt,image_only,Balance_8:movable_object_relation,movable_object_relation,C,C,1,1,,1,
task_asset_vqa_v2:Basic_10:gpt:json_only,Basic_10,gpt,json_only,Basic_10:red_shape,shape,D,D,1,1,,1,
task_asset_vqa_v2:Basic_10:gpt:json_only,Basic_10,gpt,json_only,Basic_10:goal_shape,shape,A,A,1,1,,1,
task_asset_vqa_v2:Basic_10:gpt:json_only,Basic_10,gpt,json_only,Basic_10:blue_count,count_color,B,B,1,1,,1,
task_asset_vqa_v2:Basic_10:gpt:json_only,Basic_10,gpt,json_only,Basic_10:colored_count,count_color,C,C,1,1,,1,
task_asset_vqa_v2:Basic_10:gpt:json_only,Basic_10,gpt,json_only,Basic_10:movable_count,movability,D,D,1,1,,1,
task_asset_vqa_v2:Basic_10:gpt:json_only,Basic_10,gpt,json_only,Basic_10:horizontal_relation,relative_position,A,B,0,1,,1,
task_asset_vqa_v2:Basic_10:gpt:json_only,Basic_10,gpt,json_only,Basic_10:vertical_relation,relative_position,C,C,1,1,,1,
task_asset_vqa_v2:Basic_10:gpt:json_only,Basic_10,gpt,json_only,Basic_10:red_quadrant,coarse_location,C,C,1,1,,1,
task_asset_vqa_v2:Basic_10:gpt:json_only,Basic_10,gpt,json_only,Basic_10:goal_quadrant,coarse_location,D,D,1,1,,1,
task_asset_vqa_v2:Basic_10:gpt:json_only,Basic_10,gpt,json_only,Basic_10:containment,containment,A,A,1,1,,1,
task_asset_vqa_v2:Basic_10:gpt:json_only,Basic_10,gpt,json_only,Basic_10:movable_object_relation,movable_object_relation,D,G,0,1,,1,
task_asset_vqa_v2:Basic_2:gpt:image_only,Basic_2,gpt,image_only,Basic_2:red_shape,shape,C,C,1,1,,1,
task_asset_vqa_v2:Basic_2:gpt:image_only,Basic_2,gpt,image_only,Basic_2:goal_shape,shape,C,D,0,1,,1,
task_asset_vqa_v2:Basic_2:gpt:image_only,Basic_2,gpt,image_only,Basic_2:blue_count,count_color,A,A,1,1,,1,
task_asset_vqa_v2:Basic_2:gpt:image_only,Basic_2,gpt,image_only,Basic_2:colored_count,count_color,B,B,1,1,,1,
task_asset_vqa_v2:Basic_2:gpt:image_only,Basic_2,gpt,image_only,Basic_2:movable_count,movability,C,C,1,1,,1,
task_asset_vqa_v2:Basic_2:gpt:image_only,Basic_2,gpt,image_only,Basic_2:horizontal_relation,relative_position,A,A,1,1,,1,
task_asset_vqa_v2:Basic_2:gpt:image_only,Basic_2,gpt,image_only,Basic_2:vertical_relation,relative_position,B,B,1,1,,1,
task_asset_vqa_v2:Basic_2:gpt:image_only,Basic_2,gpt,image_only,Basic_2:red_quadrant,coarse_location,B,B,1,1,,1,
task_asset_vqa_v2:Basic_2:gpt:image_only,Basic_2,gpt,image_only,Basic_2:goal_quadrant,coarse_location,C,C,1,0,within_60px_of_x_or_y_divider,1,
task_asset_vqa_v2:Basic_2:gpt:image_only,Basic_2,gpt,image_only,Basic_2:containment,containment,B,B,1,1,,1,
task_asset_vqa_v2:Basic_2:gpt:image_only,Basic_2,gpt,image_only,Basic_2:movable_object_relation,movable_object_relation,I,I,1,1,,1,
task_asset_vqa_v2:Basic_10:gpt:image_only,Basic_10,gpt,image_only,Basic_10:red_shape,shape,D,D,1,1,,1,
task_asset_vqa_v2:Basic_10:gpt:image_only,Basic_10,gpt,image_only,Basic_10:goal_shape,shape,A,A,1,1,,1,
task_asset_vqa_v2:Basic_10:gpt:image_only,Basic_10,gpt,image_only,Basic_10:blue_count,count_color,B,B,1,1,,1,
task_asset_vqa_v2:Basic_10:gpt:image_only,Basic_10,gpt,image_only,Basic_10:colored_count,count_color,C,C,1,1,,1,
task_asset_vqa_v2:Basic_10:gpt:image_only,Basic_10,gpt,image_only,Basic_10:movable_count,movability,D,D,1,1,,1,
task_asset_vqa_v2:Basic_10:gpt:image_only,Basic_10,gpt,image_only,Basic_10:horizontal_relation,relative_position,B,B,1,1,,1,
task_asset_vqa_v2:Basic_10:gpt:image_only,Basic_10,gpt,image_only,Basic_10:vertical_relation,relative_position,C,C,1,1,,1,
task_asset_vqa_v2:Basic_10:gpt:image_only,Basic_10,gpt,image_only,Basic_10:red_quadrant,coarse_location,C,C,1,1,,1,
task_asset_vqa_v2:Basic_10:gpt:image_only,Basic_10,gpt,image_only,Basic_10:goal_quadrant,coarse_location,D,D,1,1,,1,
task_asset_vqa_v2:Basic_10:gpt:image_only,Basic_10,gpt,image_only,Basic_10:containment,containment,A,A,1,1,,1,
task_asset_vqa_v2:Basic_10:gpt:image_only,Basic_10,gpt,image_only,Basic_10:movable_object_relation,movable_object_relation,G,G,1,1,,1,
task_asset_vqa_v2:Basic_1:gpt:image_only,Basic_1,gpt,image_only,Basic_1:red_shape,shape,A,A,1,1,,1,
task_asset_vqa_v2:Basic_1:gpt:image_only,Basic_1,gpt,image_only,Basic_1:goal_shape,shape,B,B,1,1,,1,
task_asset_vqa_v2:Basic_1:gpt:image_only,Basic_1,gpt,image_only,Basic_1:blue_count,count_color,C,C,1,1,,1,
task_asset_vqa_v2:Basic_1:gpt:image_only,Basic_1,gpt,image_only,Basic_1:colored_count,count_color,D,D,1,1,,1,
task_asset_vqa_v2:Basic_1:gpt:image_only,Basic_1,gpt,image_only,Basic_1:movable_count,movability,E,E,1,1,,1,
task_asset_vqa_v2:Basic_1:gpt:image_only,Basic_1,gpt,image_only,Basic_1:horizontal_relation,relative_position,C,C,1,1,,1,
task_asset_vqa_v2:Basic_1:gpt:image_only,Basic_1,gpt,image_only,Basic_1:vertical_relation,relative_position,A,A,1,1,,1,
task_asset_vqa_v2:Basic_1:gpt:image_only,Basic_1,gpt,image_only,Basic_1:red_quadrant,coarse_location,D,D,1,1,,1,
task_asset_vqa_v2:Basic_1:gpt:image_only,Basic_1,gpt,image_only,Basic_1:goal_quadrant,coarse_location,A,A,1,1,,1,
task_asset_vqa_v2:Basic_1:gpt:image_only,Basic_1,gpt,image_only,Basic_1:containment,containment,B,B,1,1,,1,
task_asset_vqa_v2:Basic_1:gpt:image_only,Basic_1,gpt,image_only,Basic_1:movable_object_relation,movable_object_relation,E,E,1,1,,1,
task_asset_vqa_v2:Basic_2:gpt:json_only,Basic_2,gpt,json_only,Basic_2:red_shape,shape,C,C,1,1,,1,
task_asset_vqa_v2:Basic_2:gpt:json_only,Basic_2,gpt,json_only,Basic_2:goal_shape,shape,D,D,1,1,,1,
task_asset_vqa_v2:Basic_2:gpt:json_only,Basic_2,gpt,json_only,Basic_2:blue_count,count_color,A,A,1,1,,1,
task_asset_vqa_v2:Basic_2:gpt:json_only,Basic_2,gpt,json_only,Basic_2:colored_count,count_color,B,B,1,1,,1,
task_asset_vqa_v2:Basic_2:gpt:json_only,Basic_2,gpt,json_only,Basic_2:movable_count,movability,C,C,1,1,,1,
task_asset_vqa_v2:Basic_2:gpt:json_only,Basic_2,gpt,json_only,Basic_2:horizontal_relation,relative_position,A,A,1,1,,1,
task_asset_vqa_v2:Basic_2:gpt:json_only,Basic_2,gpt,json_only,Basic_2:vertical_relation,relative_position,B,B,1,1,,1,
task_asset_vqa_v2:Basic_2:gpt:json_only,Basic_2,gpt,json_only,Basic_2:red_quadrant,coarse_location,B,B,1,1,,1,
task_asset_vqa_v2:Basic_2:gpt:json_only,Basic_2,gpt,json_only,Basic_2:goal_quadrant,coarse_location,C,C,1,0,within_60px_of_x_or_y_divider,1,
task_asset_vqa_v2:Basic_2:gpt:json_only,Basic_2,gpt,json_only,Basic_2:containment,containment,B,B,1,1,,1,
task_asset_vqa_v2:Basic_2:gpt:json_only,Basic_2,gpt,json_only,Basic_2:movable_object_relation,movable_object_relation,I,I,1,1,,1,
task_asset_vqa_v2:Basic_6:gpt:image_only,Basic_6,gpt,image_only,Basic_6:red_shape,shape,B,B,1,1,,1,
task_asset_vqa_v2:Basic_6:gpt:image_only,Basic_6,gpt,image_only,Basic_6:goal_shape,shape,C,C,1,1,,1,
task_asset_vqa_v2:Basic_6:gpt:image_only,Basic_6,gpt,image_only,Basic_6:blue_count,count_color,D,D,1,1,,1,
task_asset_vqa_v2:Basic_6:gpt:image_only,Basic_6,gpt,image_only,Basic_6:colored_count,count_color,A,A,1,1,,1,
task_asset_vqa_v2:Basic_6:gpt:image_only,Basic_6,gpt,image_only,Basic_6:movable_count,movability,B,B,1,1,,1,
task_asset_vqa_v2:Basic_6:gpt:image_only,Basic_6,gpt,image_only,Basic_6:horizontal_relation,relative_position,C,C,1,1,,1,
task_asset_vqa_v2:Basic_6:gpt:image_only,Basic_6,gpt,image_only,Basic_6:vertical_relation,relative_position,A,A,1,1,,1,
task_asset_vqa_v2:Basic_6:gpt:image_only,Basic_6,gpt,image_only,Basic_6:red_quadrant,coarse_location,A,A,1,1,,1,
task_asset_vqa_v2:Basic_6:gpt:image_only,Basic_6,gpt,image_only,Basic_6:goal_quadrant,coarse_location,B,B,1,0,within_60px_of_x_or_y_divider,1,
task_asset_vqa_v2:Basic_6:gpt:image_only,Basic_6,gpt,image_only,Basic_6:containment,containment,A,A,1,1,,1,
task_asset_vqa_v2:Basic_6:gpt:image_only,Basic_6,gpt,image_only,Basic_6:movable_object_relation,movable_object_relation,B,B,1,1,,1,
task_asset_vqa_v2:Basic_7:gpt:json_only,Basic_7,gpt,json_only,Basic_7:red_shape,shape,A,A,1,1,,1,
task_asset_vqa_v2:Basic_7:gpt:json_only,Basic_7,gpt,json_only,Basic_7:goal_shape,shape,B,B,1,1,,1,
task_asset_vqa_v2:Basic_7:gpt:json_only,Basic_7,gpt,json_only,Basic_7:blue_count,count_color,C,C,1,1,,1,
task_asset_vqa_v2:Basic_7:gpt:json_only,Basic_7,gpt,json_only,Basic_7:colored_count,count_color,F,F,1,1,,1,
task_asset_vqa_v2:Basic_7:gpt:json_only,Basic_7,gpt,json_only,Basic_7:movable_count,movability,A,A,1,1,,1,
task_asset_vqa_v2:Basic_7:gpt:json_only,Basic_7,gpt,json_only,Basic_7:horizontal_relation,relative_position,B,B,1,1,,1,
task_asset_vqa_v2:Basic_7:gpt:json_only,Basic_7,gpt,json_only,Basic_7:vertical_relation,relative_position,C,C,1,1,,1,
task_asset_vqa_v2:Basic_7:gpt:json_only,Basic_7,gpt,json_only,Basic_7:red_quadrant,coarse_location,D,D,1,1,,1,
task_asset_vqa_v2:Basic_7:gpt:json_only,Basic_7,gpt,json_only,Basic_7:goal_quadrant,coarse_location,A,A,1,0,within_60px_of_x_or_y_divider,1,
task_asset_vqa_v2:Basic_7:gpt:json_only,Basic_7,gpt,json_only,Basic_7:containment,containment,B,B,1,1,,1,
task_asset_vqa_v2:Basic_7:gpt:json_only,Basic_7,gpt,json_only,Basic_7:movable_object_relation,movable_object_relation,D,D,1,1,,1,
task_asset_vqa_v2:Balance_7:gpt:image_only,Balance_7,gpt,image_only,Balance_7:red_shape,shape,C,C,1,1,,1,
task_asset_vqa_v2:Balance_7:gpt:image_only,Balance_7,gpt,image_only,Balance_7:goal_shape,shape,D,D,1,1,,1,
task_asset_vqa_v2:Balance_7:gpt:image_only,Balance_7,gpt,image_only,Balance_7:blue_count,count_color,A,A,1,1,,1,
task_asset_vqa_v2:Balance_7:gpt:image_only,Balance_7,gpt,image_only,Balance_7:colored_count,count_color,F,F,1,1,,1,
task_asset_vqa_v2:Balance_7:gpt:image_only,Balance_7,gpt,image_only,Balance_7:movable_count,movability,A,A,1,1,,1,
task_asset_vqa_v2:Balance_7:gpt:image_only,Balance_7,gpt,image_only,Balance_7:horizontal_relation,relative_position,B,B,1,1,,1,
task_asset_vqa_v2:Balance_7:gpt:image_only,Balance_7,gpt,image_only,Balance_7:vertical_relation,relative_position,C,C,1,1,,1,
task_asset_vqa_v2:Balance_7:gpt:image_only,Balance_7,gpt,image_only,Balance_7:red_quadrant,coarse_location,B,B,1,1,,1,
task_asset_vqa_v2:Balance_7:gpt:image_only,Balance_7,gpt,image_only,Balance_7:goal_quadrant,coarse_location,C,C,1,1,,1,
task_asset_vqa_v2:Balance_7:gpt:image_only,Balance_7,gpt,image_only,Balance_7:containment,containment,B,B,1,1,,1,
task_asset_vqa_v2:Balance_7:gpt:image_only,Balance_7,gpt,image_only,Balance_7:movable_object_relation,movable_object_relation,A,A,1,1,,1,
task_asset_vqa_v2:Basic_6:gpt:json_only,Basic_6,gpt,json_only,Basic_6:red_shape,shape,B,B,1,1,,1,
task_asset_vqa_v2:Basic_6:gpt:json_only,Basic_6,gpt,json_only,Basic_6:goal_shape,shape,C,C,1,1,,1,
task_asset_vqa_v2:Basic_6:gpt:json_only,Basic_6,gpt,json_only,Basic_6:blue_count,count_color,D,D,1,1,,1,
task_asset_vqa_v2:Basic_6:gpt:json_only,Basic_6,gpt,json_only,Basic_6:colored_count,count_color,A,A,1,1,,1,
task_asset_vqa_v2:Basic_6:gpt:json_only,Basic_6,gpt,json_only,Basic_6:movable_count,movability,B,B,1,1,,1,
task_asset_vqa_v2:Basic_6:gpt:json_only,Basic_6,gpt,json_only,Basic_6:horizontal_relation,relative_position,C,C,1,1,,1,
task_asset_vqa_v2:Basic_6:gpt:json_only,Basic_6,gpt,json_only,Basic_6:vertical_relation,relative_position,A,A,1,1,,1,
task_asset_vqa_v2:Basic_6:gpt:json_only,Basic_6,gpt,json_only,Basic_6:red_quadrant,coarse_location,A,A,1,1,,1,
task_asset_vqa_v2:Basic_6:gpt:json_only,Basic_6,gpt,json_only,Basic_6:goal_quadrant,coarse_location,B,B,1,0,within_60px_of_x_or_y_divider,1,
task_asset_vqa_v2:Basic_6:gpt:json_only,Basic_6,gpt,json_only,Basic_6:containment,containment,A,A,1,1,,1,
task_asset_vqa_v2:Basic_6:gpt:json_only,Basic_6,gpt,json_only,Basic_6:movable_object_relation,movable_object_relation,B,B,1,1,,1,
task_asset_vqa_v2:Basic_7:gpt:image_only,Basic_7,gpt,image_only,Basic_7:red_shape,shape,A,A,1,1,,1,
task_asset_vqa_v2:Basic_7:gpt:image_only,Basic_7,gpt,image_only,Basic_7:goal_shape,shape,B,B,1,1,,1,
task_asset_vqa_v2:Basic_7:gpt:image_only,Basic_7,gpt,image_only,Basic_7:blue_count,count_color,C,C,1,1,,1,
task_asset_vqa_v2:Basic_7:gpt:image_only,Basic_7,gpt,image_only,Basic_7:colored_count,count_color,F,F,1,1,,1,
task_asset_vqa_v2:Basic_7:gpt:image_only,Basic_7,gpt,image_only,Basic_7:movable_count,movability,A,A,1,1,,1,
task_asset_vqa_v2:Basic_7:gpt:image_only,Basic_7,gpt,image_only,Basic_7:horizontal_relation,relative_position,B,B,1,1,,1,
task_asset_vqa_v2:Basic_7:gpt:image_only,Basic_7,gpt,image_only,Basic_7:vertical_relation,relative_position,C,C,1,1,,1,
task_asset_vqa_v2:Basic_7:gpt:image_only,Basic_7,gpt,image_only,Basic_7:red_quadrant,coarse_location,D,D,1,1,,1,
task_asset_vqa_v2:Basic_7:gpt:image_only,Basic_7,gpt,image_only,Basic_7:goal_quadrant,coarse_location,A,A,1,0,within_60px_of_x_or_y_divider,1,
task_asset_vqa_v2:Basic_7:gpt:image_only,Basic_7,gpt,image_only,Basic_7:containment,containment,B,B,1,1,,1,
task_asset_vqa_v2:Basic_7:gpt:image_only,Basic_7,gpt,image_only,Basic_7:movable_object_relation,movable_object_relation,D,D,1,1,,1,
task_asset_vqa_v2:Basic_8:gpt:json_only,Basic_8,gpt,json_only,Basic_8:red_shape,shape,D,D,1,1,,1,
task_asset_vqa_v2:Basic_8:gpt:json_only,Basic_8,gpt,json_only,Basic_8:goal_shape,shape,A,A,1,1,,1,
task_asset_vqa_v2:Basic_8:gpt:json_only,Basic_8,gpt,json_only,Basic_8:blue_count,count_color,B,B,1,1,,1,
task_asset_vqa_v2:Basic_8:gpt:json_only,Basic_8,gpt,json_only,Basic_8:colored_count,count_color,E,E,1,1,,1,
task_asset_vqa_v2:Basic_8:gpt:json_only,Basic_8,gpt,json_only,Basic_8:movable_count,movability,F,F,1,1,,1,
task_asset_vqa_v2:Basic_8:gpt:json_only,Basic_8,gpt,json_only,Basic_8:horizontal_relation,relative_position,A,A,1,1,,1,
task_asset_vqa_v2:Basic_8:gpt:json_only,Basic_8,gpt,json_only,Basic_8:vertical_relation,relative_position,B,B,1,1,,1,
task_asset_vqa_v2:Basic_8:gpt:json_only,Basic_8,gpt,json_only,Basic_8:red_quadrant,coarse_location,C,C,1,1,,1,
task_asset_vqa_v2:Basic_8:gpt:json_only,Basic_8,gpt,json_only,Basic_8:goal_quadrant,coarse_location,D,D,1,0,within_60px_of_x_or_y_divider,1,
task_asset_vqa_v2:Basic_8:gpt:json_only,Basic_8,gpt,json_only,Basic_8:containment,containment,A,A,1,1,,1,
task_asset_vqa_v2:Basic_8:gpt:json_only,Basic_8,gpt,json_only,Basic_8:movable_object_relation,movable_object_relation,F,F,1,1,,1,
task_asset_vqa_v2:Basic_9:gpt:json_only,Basic_9,gpt,json_only,Basic_9:red_shape,shape,C,C,1,1,,1,
task_asset_vqa_v2:Basic_9:gpt:json_only,Basic_9,gpt,json_only,Basic_9:goal_shape,shape,D,D,1,1,,1,
task_asset_vqa_v2:Basic_9:gpt:json_only,Basic_9,gpt,json_only,Basic_9:blue_count,count_color,A,A,1,1,,1,
task_asset_vqa_v2:Basic_9:gpt:json_only,Basic_9,gpt,json_only,Basic_9:colored_count,count_color,D,D,1,1,,1,
task_asset_vqa_v2:Basic_9:gpt:json_only,Basic_9,gpt,json_only,Basic_9:movable_count,movability,E,E,1,1,,1,
task_asset_vqa_v2:Basic_9:gpt:json_only,Basic_9,gpt,json_only,Basic_9:horizontal_relation,relative_position,C,C,1,1,,1,
task_asset_vqa_v2:Basic_9:gpt:json_only,Basic_9,gpt,json_only,Basic_9:vertical_relation,relative_position,A,A,1,1,,1,
task_asset_vqa_v2:Basic_9:gpt:json_only,Basic_9,gpt,json_only,Basic_9:red_quadrant,coarse_location,B,B,1,0,within_60px_of_x_or_y_divider,1,
task_asset_vqa_v2:Basic_9:gpt:json_only,Basic_9,gpt,json_only,Basic_9:goal_quadrant,coarse_location,C,C,1,0,within_60px_of_x_or_y_divider,1,
task_asset_vqa_v2:Basic_9:gpt:json_only,Basic_9,gpt,json_only,Basic_9:containment,containment,B,B,1,1,,1,
task_asset_vqa_v2:Basic_9:gpt:json_only,Basic_9,gpt,json_only,Basic_9:movable_object_relation,movable_object_relation,H,H,1,1,,1,
task_asset_vqa_v2:Basic_8:gpt:image_only,Basic_8,gpt,image_only,Basic_8:red_shape,shape,D,D,1,1,,1,
task_asset_vqa_v2:Basic_8:gpt:image_only,Basic_8,gpt,image_only,Basic_8:goal_shape,shape,A,A,1,1,,1,
task_asset_vqa_v2:Basic_8:gpt:image_only,Basic_8,gpt,image_only,Basic_8:blue_count,count_color,B,B,1,1,,1,
task_asset_vqa_v2:Basic_8:gpt:image_only,Basic_8,gpt,image_only,Basic_8:colored_count,count_color,E,E,1,1,,1,
task_asset_vqa_v2:Basic_8:gpt:image_only,Basic_8,gpt,image_only,Basic_8:movable_count,movability,F,F,1,1,,1,
task_asset_vqa_v2:Basic_8:gpt:image_only,Basic_8,gpt,image_only,Basic_8:horizontal_relation,relative_position,A,A,1,1,,1,
task_asset_vqa_v2:Basic_8:gpt:image_only,Basic_8,gpt,image_only,Basic_8:vertical_relation,relative_position,B,B,1,1,,1,
task_asset_vqa_v2:Basic_8:gpt:image_only,Basic_8,gpt,image_only,Basic_8:red_quadrant,coarse_location,C,C,1,1,,1,
task_asset_vqa_v2:Basic_8:gpt:image_only,Basic_8,gpt,image_only,Basic_8:goal_quadrant,coarse_location,A,D,0,0,within_60px_of_x_or_y_divider,1,
task_asset_vqa_v2:Basic_8:gpt:image_only,Basic_8,gpt,image_only,Basic_8:containment,containment,A,A,1,1,,1,
task_asset_vqa_v2:Basic_8:gpt:image_only,Basic_8,gpt,image_only,Basic_8:movable_object_relation,movable_object_relation,F,F,1,1,,1,
task_asset_vqa_v2:Basic_9:gpt:image_only,Basic_9,gpt,image_only,Basic_9:red_shape,shape,C,C,1,1,,1,
task_asset_vqa_v2:Basic_9:gpt:image_only,Basic_9,gpt,image_only,Basic_9:goal_shape,shape,C,D,0,1,,1,
task_asset_vqa_v2:Basic_9:gpt:image_only,Basic_9,gpt,image_only,Basic_9:blue_count,count_color,A,A,1,1,,1,
task_asset_vqa_v2:Basic_9:gpt:image_only,Basic_9,gpt,image_only,Basic_9:colored_count,count_color,D,D,1,1,,1,
task_asset_vqa_v2:Basic_9:gpt:image_only,Basic_9,gpt,image_only,Basic_9:movable_count,movability,E,E,1,1,,1,
task_asset_vqa_v2:Basic_9:gpt:image_only,Basic_9,gpt,image_only,Basic_9:horizontal_relation,relative_position,C,C,1,1,,1,
task_asset_vqa_v2:Basic_9:gpt:image_only,Basic_9,gpt,image_only,Basic_9:vertical_relation,relative_position,A,A,1,1,,1,
task_asset_vqa_v2:Basic_9:gpt:image_only,Basic_9,gpt,image_only,Basic_9:red_quadrant,coarse_location,B,B,1,0,within_60px_of_x_or_y_divider,1,
task_asset_vqa_v2:Basic_9:gpt:image_only,Basic_9,gpt,image_only,Basic_9:goal_quadrant,coarse_location,B,C,0,0,within_60px_of_x_or_y_divider,1,
task_asset_vqa_v2:Basic_9:gpt:image_only,Basic_9,gpt,image_only,Basic_9:containment,containment,B,B,1,1,,1,
task_asset_vqa_v2:Basic_9:gpt:image_only,Basic_9,gpt,image_only,Basic_9:movable_object_relation,movable_object_relation,H,H,1,1,,1,
task_asset_vqa_v2:FallingAlt_1:gpt:json_only,FallingAlt_1,gpt,json_only,FallingAlt_1:red_shape,shape,B,B,1,1,,1,
task_asset_vqa_v2:FallingAlt_1:gpt:json_only,FallingAlt_1,gpt,json_only,FallingAlt_1:goal_shape,shape,C,C,1,1,,1,
task_asset_vqa_v2:FallingAlt_1:gpt:json_only,FallingAlt_1,gpt,json_only,FallingAlt_1:blue_count,count_color,D,D,1,1,,1,
task_asset_vqa_v2:FallingAlt_1:gpt:json_only,FallingAlt_1,gpt,json_only,FallingAlt_1:colored_count,count_color,C,C,1,1,,1,
task_asset_vqa_v2:FallingAlt_1:gpt:json_only,FallingAlt_1,gpt,json_only,FallingAlt_1:movable_count,movability,D,D,1,1,,1,
task_asset_vqa_v2:FallingAlt_1:gpt:json_only,FallingAlt_1,gpt,json_only,FallingAlt_1:horizontal_relation,relative_position,B,B,1,1,,1,
task_asset_vqa_v2:FallingAlt_1:gpt:json_only,FallingAlt_1,gpt,json_only,FallingAlt_1:vertical_relation,relative_position,C,C,1,1,,1,
task_asset_vqa_v2:FallingAlt_1:gpt:json_only,FallingAlt_1,gpt,json_only,FallingAlt_1:red_quadrant,coarse_location,A,A,1,0,within_60px_of_x_or_y_divider,1,
task_asset_vqa_v2:FallingAlt_1:gpt:json_only,FallingAlt_1,gpt,json_only,FallingAlt_1:goal_quadrant,coarse_location,B,B,1,1,,1,
task_asset_vqa_v2:FallingAlt_1:gpt:json_only,FallingAlt_1,gpt,json_only,FallingAlt_1:containment,containment,A,A,1,1,,1,
task_asset_vqa_v2:FallingAlt_1:gpt:json_only,FallingAlt_1,gpt,json_only,FallingAlt_1:movable_object_relation,movable_object_relation,A,A,1,1,,1,
task_asset_vqa_v2:FallingAlt_10:gpt:json_only,FallingAlt_10,gpt,json_only,FallingAlt_10:red_shape,shape,A,A,1,1,,1,
task_asset_vqa_v2:FallingAlt_10:gpt:json_only,FallingAlt_10,gpt,json_only,FallingAlt_10:goal_shape,shape,B,B,1,1,,1,
task_asset_vqa_v2:FallingAlt_10:gpt:json_only,FallingAlt_10,gpt,json_only,FallingAlt_10:blue_count,count_color,C,C,1,1,,1,
task_asset_vqa_v2:FallingAlt_10:gpt:json_only,FallingAlt_10,gpt,json_only,FallingAlt_10:colored_count,count_color,B,B,1,1,,1,
task_asset_vqa_v2:FallingAlt_10:gpt:json_only,FallingAlt_10,gpt,json_only,FallingAlt_10:movable_count,movability,C,C,1,1,,1,
task_asset_vqa_v2:FallingAlt_10:gpt:json_only,FallingAlt_10,gpt,json_only,FallingAlt_10:horizontal_relation,relative_position,A,A,1,1,,1,
task_asset_vqa_v2:FallingAlt_10:gpt:json_only,FallingAlt_10,gpt,json_only,FallingAlt_10:vertical_relation,relative_position,B,B,1,1,,1,
task_asset_vqa_v2:FallingAlt_10:gpt:json_only,FallingAlt_10,gpt,json_only,FallingAlt_10:red_quadrant,coarse_location,D,D,1,1,,1,
task_asset_vqa_v2:FallingAlt_10:gpt:json_only,FallingAlt_10,gpt,json_only,FallingAlt_10:goal_quadrant,coarse_location,A,A,1,1,,1,
task_asset_vqa_v2:FallingAlt_10:gpt:json_only,FallingAlt_10,gpt,json_only,FallingAlt_10:containment,containment,B,B,1,1,,1,
task_asset_vqa_v2:FallingAlt_10:gpt:json_only,FallingAlt_10,gpt,json_only,FallingAlt_10:movable_object_relation,movable_object_relation,C,C,1,1,,1,
task_asset_vqa_v2:FallingAlt_10:gpt:image_only,FallingAlt_10,gpt,image_only,FallingAlt_10:red_shape,shape,A,A,1,1,,1,
task_asset_vqa_v2:FallingAlt_10:gpt:image_only,FallingAlt_10,gpt,image_only,FallingAlt_10:goal_shape,shape,B,B,1,1,,1,
task_asset_vqa_v2:FallingAlt_10:gpt:image_only,FallingAlt_10,gpt,image_only,FallingAlt_10:blue_count,count_color,C,C,1,1,,1,
task_asset_vqa_v2:FallingAlt_10:gpt:image_only,FallingAlt_10,gpt,image_only,FallingAlt_10:colored_count,count_color,B,B,1,1,,1,
task_asset_vqa_v2:FallingAlt_10:gpt:image_only,FallingAlt_10,gpt,image_only,FallingAlt_10:movable_count,movability,C,C,1,1,,1,
task_asset_vqa_v2:FallingAlt_10:gpt:image_only,FallingAlt_10,gpt,image_only,FallingAlt_10:horizontal_relation,relative_position,A,A,1,1,,1,
task_asset_vqa_v2:FallingAlt_10:gpt:image_only,FallingAlt_10,gpt,image_only,FallingAlt_10:vertical_relation,relative_position,B,B,1,1,,1,
task_asset_vqa_v2:FallingAlt_10:gpt:image_only,FallingAlt_10,gpt,image_only,FallingAlt_10:red_quadrant,coarse_location,D,D,1,1,,1,
task_asset_vqa_v2:FallingAlt_10:gpt:image_only,FallingAlt_10,gpt,image_only,FallingAlt_10:goal_quadrant,coarse_location,A,A,1,1,,1,
task_asset_vqa_v2:FallingAlt_10:gpt:image_only,FallingAlt_10,gpt,image_only,FallingAlt_10:containment,containment,B,B,1,1,,1,
task_asset_vqa_v2:FallingAlt_10:gpt:image_only,FallingAlt_10,gpt,image_only,FallingAlt_10:movable_object_relation,movable_object_relation,C,C,1,1,,1,
task_asset_vqa_v2:FallingAlt_1:gpt:image_only,FallingAlt_1,gpt,image_only,FallingAlt_1:red_shape,shape,B,B,1,1,,1,
task_asset_vqa_v2:FallingAlt_1:gpt:image_only,FallingAlt_1,gpt,image_only,FallingAlt_1:goal_shape,shape,C,C,1,1,,1,
task_asset_vqa_v2:FallingAlt_1:gpt:image_only,FallingAlt_1,gpt,image_only,FallingAlt_1:blue_count,count_color,D,D,1,1,,1,
task_asset_vqa_v2:FallingAlt_1:gpt:image_only,FallingAlt_1,gpt,image_only,FallingAlt_1:colored_count,count_color,C,C,1,1,,1,
task_asset_vqa_v2:FallingAlt_1:gpt:image_only,FallingAlt_1,gpt,image_only,FallingAlt_1:movable_count,movability,D,D,1,1,,1,
task_asset_vqa_v2:FallingAlt_1:gpt:image_only,FallingAlt_1,gpt,image_only,FallingAlt_1:horizontal_relation,relative_position,B,B,1,1,,1,
task_asset_vqa_v2:FallingAlt_1:gpt:image_only,FallingAlt_1,gpt,image_only,FallingAlt_1:vertical_relation,relative_position,C,C,1,1,,1,
task_asset_vqa_v2:FallingAlt_1:gpt:image_only,FallingAlt_1,gpt,image_only,FallingAlt_1:red_quadrant,coarse_location,A,A,1,0,within_60px_of_x_or_y_divider,1,
task_asset_vqa_v2:FallingAlt_1:gpt:image_only,FallingAlt_1,gpt,image_only,FallingAlt_1:goal_quadrant,coarse_location,B,B,1,1,,1,
task_asset_vqa_v2:FallingAlt_1:gpt:image_only,FallingAlt_1,gpt,image_only,FallingAlt_1:containment,containment,A,A,1,1,,1,
task_asset_vqa_v2:FallingAlt_1:gpt:image_only,FallingAlt_1,gpt,image_only,FallingAlt_1:movable_object_relation,movable_object_relation,A,A,1,1,,1,
task_asset_vqa_v2:FallingAlt_2:gpt:json_only,FallingAlt_2,gpt,json_only,FallingAlt_2:red_shape,shape,D,D,1,1,,1,
task_asset_vqa_v2:FallingAlt_2:gpt:json_only,FallingAlt_2,gpt,json_only,FallingAlt_2:goal_shape,shape,A,A,1,1,,1,
task_asset_vqa_v2:FallingAlt_2:gpt:json_only,FallingAlt_2,gpt,json_only,FallingAlt_2:blue_count,count_color,B,B,1,1,,1,
task_asset_vqa_v2:FallingAlt_2:gpt:json_only,FallingAlt_2,gpt,json_only,FallingAlt_2:colored_count,count_color,A,A,1,1,,1,
task_asset_vqa_v2:FallingAlt_2:gpt:json_only,FallingAlt_2,gpt,json_only,FallingAlt_2:movable_count,movability,B,B,1,1,,1,
task_asset_vqa_v2:FallingAlt_2:gpt:json_only,FallingAlt_2,gpt,json_only,FallingAlt_2:horizontal_relation,relative_position,C,C,1,1,,1,
task_asset_vqa_v2:FallingAlt_2:gpt:json_only,FallingAlt_2,gpt,json_only,FallingAlt_2:vertical_relation,relative_position,A,A,1,1,,1,
task_asset_vqa_v2:FallingAlt_2:gpt:json_only,FallingAlt_2,gpt,json_only,FallingAlt_2:red_quadrant,coarse_location,C,C,1,1,,1,
task_asset_vqa_v2:FallingAlt_2:gpt:json_only,FallingAlt_2,gpt,json_only,FallingAlt_2:goal_quadrant,coarse_location,D,D,1,1,,1,
task_asset_vqa_v2:FallingAlt_2:gpt:json_only,FallingAlt_2,gpt,json_only,FallingAlt_2:containment,containment,A,A,1,1,,1,
task_asset_vqa_v2:FallingAlt_2:gpt:json_only,FallingAlt_2,gpt,json_only,FallingAlt_2:movable_object_relation,movable_object_relation,B,B,1,1,,1,
task_asset_vqa_v2:FallingAlt_4:gpt:json_only,FallingAlt_4,gpt,json_only,FallingAlt_4:red_shape,shape,B,B,1,1,,1,
task_asset_vqa_v2:FallingAlt_4:gpt:json_only,FallingAlt_4,gpt,json_only,FallingAlt_4:goal_shape,shape,C,C,1,1,,1,
task_asset_vqa_v2:FallingAlt_4:gpt:json_only,FallingAlt_4,gpt,json_only,FallingAlt_4:blue_count,count_color,D,D,1,1,,1,
task_asset_vqa_v2:FallingAlt_4:gpt:json_only,FallingAlt_4,gpt,json_only,FallingAlt_4:colored_count,count_color,E,E,1,1,,1,
task_asset_vqa_v2:FallingAlt_4:gpt:json_only,FallingAlt_4,gpt,json_only,FallingAlt_4:movable_count,movability,F,F,1,1,,1,
task_asset_vqa_v2:FallingAlt_4:gpt:json_only,FallingAlt_4,gpt,json_only,FallingAlt_4:horizontal_relation,relative_position,A,A,1,1,,1,
task_asset_vqa_v2:FallingAlt_4:gpt:json_only,FallingAlt_4,gpt,json_only,FallingAlt_4:vertical_relation,relative_position,B,B,1,1,,1,
task_asset_vqa_v2:FallingAlt_4:gpt:json_only,FallingAlt_4,gpt,json_only,FallingAlt_4:red_quadrant,coarse_location,A,A,1,0,within_60px_of_x_or_y_divider,1,
task_asset_vqa_v2:FallingAlt_4:gpt:json_only,FallingAlt_4,gpt,json_only,FallingAlt_4:goal_quadrant,coarse_location,B,B,1,1,,1,
task_asset_vqa_v2:FallingAlt_4:gpt:json_only,FallingAlt_4,gpt,json_only,FallingAlt_4:containment,containment,A,A,1,1,,1,
task_asset_vqa_v2:FallingAlt_4:gpt:json_only,FallingAlt_4,gpt,json_only,FallingAlt_4:movable_object_relation,movable_object_relation,C,C,1,1,,1,
task_asset_vqa_v2:FallingAlt_3:gpt:json_only,FallingAlt_3,gpt,json_only,FallingAlt_3:red_shape,shape,C,C,1,1,,1,
task_asset_vqa_v2:FallingAlt_3:gpt:json_only,FallingAlt_3,gpt,json_only,FallingAlt_3:goal_shape,shape,D,D,1,1,,1,
task_asset_vqa_v2:FallingAlt_3:gpt:json_only,FallingAlt_3,gpt,json_only,FallingAlt_3:blue_count,count_color,A,A,1,1,,1,
task_asset_vqa_v2:FallingAlt_3:gpt:json_only,FallingAlt_3,gpt,json_only,FallingAlt_3:colored_count,count_color,F,F,1,1,,1,
task_asset_vqa_v2:FallingAlt_3:gpt:json_only,FallingAlt_3,gpt,json_only,FallingAlt_3:movable_count,movability,A,A,1,1,,1,
task_asset_vqa_v2:FallingAlt_3:gpt:json_only,FallingAlt_3,gpt,json_only,FallingAlt_3:horizontal_relation,relative_position,B,B,1,1,,1,
task_asset_vqa_v2:FallingAlt_3:gpt:json_only,FallingAlt_3,gpt,json_only,FallingAlt_3:vertical_relation,relative_position,C,C,1,1,,1,
task_asset_vqa_v2:FallingAlt_3:gpt:json_only,FallingAlt_3,gpt,json_only,FallingAlt_3:red_quadrant,coarse_location,B,B,1,0,within_60px_of_x_or_y_divider,1,
task_asset_vqa_v2:FallingAlt_3:gpt:json_only,FallingAlt_3,gpt,json_only,FallingAlt_3:goal_quadrant,coarse_location,C,C,1,1,,1,
task_asset_vqa_v2:FallingAlt_3:gpt:json_only,FallingAlt_3,gpt,json_only,FallingAlt_3:containment,containment,B,B,1,1,,1,
task_asset_vqa_v2:FallingAlt_3:gpt:json_only,FallingAlt_3,gpt,json_only,FallingAlt_3:movable_object_relation,movable_object_relation,A,A,1,1,,1,
task_asset_vqa_v2:FallingAlt_3:gpt:image_only,FallingAlt_3,gpt,image_only,FallingAlt_3:red_shape,shape,C,C,1,1,,1,
task_asset_vqa_v2:FallingAlt_3:gpt:image_only,FallingAlt_3,gpt,image_only,FallingAlt_3:goal_shape,shape,D,D,1,1,,1,
task_asset_vqa_v2:FallingAlt_3:gpt:image_only,FallingAlt_3,gpt,image_only,FallingAlt_3:blue_count,count_color,A,A,1,1,,1,
task_asset_vqa_v2:FallingAlt_3:gpt:image_only,FallingAlt_3,gpt,image_only,FallingAlt_3:colored_count,count_color,F,F,1,1,,1,
task_asset_vqa_v2:FallingAlt_3:gpt:image_only,FallingAlt_3,gpt,image_only,FallingAlt_3:movable_count,movability,A,A,1,1,,1,
task_asset_vqa_v2:FallingAlt_3:gpt:image_only,FallingAlt_3,gpt,image_only,FallingAlt_3:horizontal_relation,relative_position,B,B,1,1,,1,
task_asset_vqa_v2:FallingAlt_3:gpt:image_only,FallingAlt_3,gpt,image_only,FallingAlt_3:vertical_relation,relative_position,C,C,1,1,,1,
task_asset_vqa_v2:FallingAlt_3:gpt:image_only,FallingAlt_3,gpt,image_only,FallingAlt_3:red_quadrant,coarse_location,B,B,1,0,within_60px_of_x_or_y_divider,1,
task_asset_vqa_v2:FallingAlt_3:gpt:image_only,FallingAlt_3,gpt,image_only,FallingAlt_3:goal_quadrant,coarse_location,C,C,1,1,,1,
task_asset_vqa_v2:FallingAlt_3:gpt:image_only,FallingAlt_3,gpt,image_only,FallingAlt_3:containment,containment,B,B,1,1,,1,
task_asset_vqa_v2:FallingAlt_3:gpt:image_only,FallingAlt_3,gpt,image_only,FallingAlt_3:movable_object_relation,movable_object_relation,A,A,1,1,,1,
task_asset_vqa_v2:FallingAlt_4:gpt:image_only,FallingAlt_4,gpt,image_only,FallingAlt_4:red_shape,shape,B,B,1,1,,1,
task_asset_vqa_v2:FallingAlt_4:gpt:image_only,FallingAlt_4,gpt,image_only,FallingAlt_4:goal_shape,shape,C,C,1,1,,1,
task_asset_vqa_v2:FallingAlt_4:gpt:image_only,FallingAlt_4,gpt,image_only,FallingAlt_4:blue_count,count_color,D,D,1,1,,1,
task_asset_vqa_v2:FallingAlt_4:gpt:image_only,FallingAlt_4,gpt,image_only,FallingAlt_4:colored_count,count_color,E,E,1,1,,1,
task_asset_vqa_v2:FallingAlt_4:gpt:image_only,FallingAlt_4,gpt,image_only,FallingAlt_4:movable_count,movability,F,F,1,1,,1,
task_asset_vqa_v2:FallingAlt_4:gpt:image_only,FallingAlt_4,gpt,image_only,FallingAlt_4:horizontal_relation,relative_position,A,A,1,1,,1,
task_asset_vqa_v2:FallingAlt_4:gpt:image_only,FallingAlt_4,gpt,image_only,FallingAlt_4:vertical_relation,relative_position,B,B,1,1,,1,
task_asset_vqa_v2:FallingAlt_4:gpt:image_only,FallingAlt_4,gpt,image_only,FallingAlt_4:red_quadrant,coarse_location,A,A,1,0,within_60px_of_x_or_y_divider,1,
task_asset_vqa_v2:FallingAlt_4:gpt:image_only,FallingAlt_4,gpt,image_only,FallingAlt_4:goal_quadrant,coarse_location,B,B,1,1,,1,
task_asset_vqa_v2:FallingAlt_4:gpt:image_only,FallingAlt_4,gpt,image_only,FallingAlt_4:containment,containment,A,A,1,1,,1,
task_asset_vqa_v2:FallingAlt_4:gpt:image_only,FallingAlt_4,gpt,image_only,FallingAlt_4:movable_object_relation,movable_object_relation,C,C,1,1,,1,
task_asset_vqa_v2:FallingAlt_2:gpt:image_only,FallingAlt_2,gpt,image_only,FallingAlt_2:red_shape,shape,D,D,1,1,,1,
task_asset_vqa_v2:FallingAlt_2:gpt:image_only,FallingAlt_2,gpt,image_only,FallingAlt_2:goal_shape,shape,A,A,1,1,,1,
task_asset_vqa_v2:FallingAlt_2:gpt:image_only,FallingAlt_2,gpt,image_only,FallingAlt_2:blue_count,count_color,B,B,1,1,,1,
task_asset_vqa_v2:FallingAlt_2:gpt:image_only,FallingAlt_2,gpt,image_only,FallingAlt_2:colored_count,count_color,A,A,1,1,,1,
task_asset_vqa_v2:FallingAlt_2:gpt:image_only,FallingAlt_2,gpt,image_only,FallingAlt_2:movable_count,movability,B,B,1,1,,1,
task_asset_vqa_v2:FallingAlt_2:gpt:image_only,FallingAlt_2,gpt,image_only,FallingAlt_2:horizontal_relation,relative_position,C,C,1,1,,1,
task_asset_vqa_v2:FallingAlt_2:gpt:image_only,FallingAlt_2,gpt,image_only,FallingAlt_2:vertical_relation,relative_position,A,A,1,1,,1,
task_asset_vqa_v2:FallingAlt_2:gpt:image_only,FallingAlt_2,gpt,image_only,FallingAlt_2:red_quadrant,coarse_location,C,C,1,1,,1,
task_asset_vqa_v2:FallingAlt_2:gpt:image_only,FallingAlt_2,gpt,image_only,FallingAlt_2:goal_quadrant,coarse_location,D,D,1,1,,1,
task_asset_vqa_v2:FallingAlt_2:gpt:image_only,FallingAlt_2,gpt,image_only,FallingAlt_2:containment,containment,A,A,1,1,,1,
task_asset_vqa_v2:FallingAlt_2:gpt:image_only,FallingAlt_2,gpt,image_only,FallingAlt_2:movable_object_relation,movable_object_relation,B,B,1,1,,1,
task_asset_vqa_v2:FallingAlt_5:gpt:image_only,FallingAlt_5,gpt,image_only,FallingAlt_5:red_shape,shape,A,A,1,1,,1,
task_asset_vqa_v2:FallingAlt_5:gpt:image_only,FallingAlt_5,gpt,image_only,FallingAlt_5:goal_shape,shape,B,B,1,1,,1,
task_asset_vqa_v2:FallingAlt_5:gpt:image_only,FallingAlt_5,gpt,image_only,FallingAlt_5:blue_count,count_color,C,C,1,1,,1,
task_asset_vqa_v2:FallingAlt_5:gpt:image_only,FallingAlt_5,gpt,image_only,FallingAlt_5:colored_count,count_color,D,D,1,1,,1,
task_asset_vqa_v2:FallingAlt_5:gpt:image_only,FallingAlt_5,gpt,image_only,FallingAlt_5:movable_count,movability,E,E,1,1,,1,
task_asset_vqa_v2:FallingAlt_5:gpt:image_only,FallingAlt_5,gpt,image_only,FallingAlt_5:horizontal_relation,relative_position,C,C,1,1,,1,
task_asset_vqa_v2:FallingAlt_5:gpt:image_only,FallingAlt_5,gpt,image_only,FallingAlt_5:vertical_relation,relative_position,A,A,1,1,,1,
task_asset_vqa_v2:FallingAlt_5:gpt:image_only,FallingAlt_5,gpt,image_only,FallingAlt_5:red_quadrant,coarse_location,D,D,1,1,,1,
task_asset_vqa_v2:FallingAlt_5:gpt:image_only,FallingAlt_5,gpt,image_only,FallingAlt_5:goal_quadrant,coarse_location,A,A,1,1,,1,
task_asset_vqa_v2:FallingAlt_5:gpt:image_only,FallingAlt_5,gpt,image_only,FallingAlt_5:containment,containment,B,B,1,1,,1,
task_asset_vqa_v2:FallingAlt_5:gpt:image_only,FallingAlt_5,gpt,image_only,FallingAlt_5:movable_object_relation,movable_object_relation,B,B,1,1,,1,
task_asset_vqa_v2:FallingAlt_6:gpt:image_only,FallingAlt_6,gpt,image_only,FallingAlt_6:red_shape,shape,D,D,1,1,,1,
task_asset_vqa_v2:FallingAlt_6:gpt:image_only,FallingAlt_6,gpt,image_only,FallingAlt_6:goal_shape,shape,D,A,0,1,,1,
task_asset_vqa_v2:FallingAlt_6:gpt:image_only,FallingAlt_6,gpt,image_only,FallingAlt_6:blue_count,count_color,B,B,1,1,,1,
task_asset_vqa_v2:FallingAlt_6:gpt:image_only,FallingAlt_6,gpt,image_only,FallingAlt_6:colored_count,count_color,C,C,1,1,,1,
task_asset_vqa_v2:FallingAlt_6:gpt:image_only,FallingAlt_6,gpt,image_only,FallingAlt_6:movable_count,movability,D,D,1,1,,1,
task_asset_vqa_v2:FallingAlt_6:gpt:image_only,FallingAlt_6,gpt,image_only,FallingAlt_6:horizontal_relation,relative_position,B,B,1,1,,1,
task_asset_vqa_v2:FallingAlt_6:gpt:image_only,FallingAlt_6,gpt,image_only,FallingAlt_6:vertical_relation,relative_position,C,C,1,1,,1,
task_asset_vqa_v2:FallingAlt_6:gpt:image_only,FallingAlt_6,gpt,image_only,FallingAlt_6:red_quadrant,coarse_location,C,C,1,0,within_60px_of_x_or_y_divider,1,
task_asset_vqa_v2:FallingAlt_6:gpt:image_only,FallingAlt_6,gpt,image_only,FallingAlt_6:goal_quadrant,coarse_location,D,D,1,1,,1,
task_asset_vqa_v2:FallingAlt_6:gpt:image_only,FallingAlt_6,gpt,image_only,FallingAlt_6:containment,containment,A,A,1,1,,1,
task_asset_vqa_v2:FallingAlt_6:gpt:image_only,FallingAlt_6,gpt,image_only,FallingAlt_6:movable_object_relation,movable_object_relation,A,A,1,1,,1,
task_asset_vqa_v2:FallingAlt_7:gpt:json_only,FallingAlt_7,gpt,json_only,FallingAlt_7:red_shape,shape,C,C,1,1,,1,
task_asset_vqa_v2:FallingAlt_7:gpt:json_only,FallingAlt_7,gpt,json_only,FallingAlt_7:goal_shape,shape,D,D,1,1,,1,
task_asset_vqa_v2:FallingAlt_7:gpt:json_only,FallingAlt_7,gpt,json_only,FallingAlt_7:blue_count,count_color,A,A,1,1,,1,
task_asset_vqa_v2:FallingAlt_7:gpt:json_only,FallingAlt_7,gpt,json_only,FallingAlt_7:colored_count,count_color,B,B,1,1,,1,
task_asset_vqa_v2:FallingAlt_7:gpt:json_only,FallingAlt_7,gpt,json_only,FallingAlt_7:movable_count,movability,C,C,1,1,,1,
task_asset_vqa_v2:FallingAlt_7:gpt:json_only,FallingAlt_7,gpt,json_only,FallingAlt_7:horizontal_relation,relative_position,A,A,1,1,,1,
task_asset_vqa_v2:FallingAlt_7:gpt:json_only,FallingAlt_7,gpt,json_only,FallingAlt_7:vertical_relation,relative_position,B,B,1,1,,1,
task_asset_vqa_v2:FallingAlt_7:gpt:json_only,FallingAlt_7,gpt,json_only,FallingAlt_7:red_quadrant,coarse_location,B,B,1,0,within_60px_of_x_or_y_divider,1,
task_asset_vqa_v2:FallingAlt_7:gpt:json_only,FallingAlt_7,gpt,json_only,FallingAlt_7:goal_quadrant,coarse_location,C,C,1,1,,1,
task_asset_vqa_v2:FallingAlt_7:gpt:json_only,FallingAlt_7,gpt,json_only,FallingAlt_7:containment,containment,B,B,1,1,,1,
task_asset_vqa_v2:FallingAlt_7:gpt:json_only,FallingAlt_7,gpt,json_only,FallingAlt_7:movable_object_relation,movable_object_relation,C,C,1,1,,1,
task_asset_vqa_v2:FallingAlt_6:gpt:json_only,FallingAlt_6,gpt,json_only,FallingAlt_6:red_shape,shape,D,D,1,1,,1,
task_asset_vqa_v2:FallingAlt_6:gpt:json_only,FallingAlt_6,gpt,json_only,FallingAlt_6:goal_shape,shape,A,A,1,1,,1,
task_asset_vqa_v2:FallingAlt_6:gpt:json_only,FallingAlt_6,gpt,json_only,FallingAlt_6:blue_count,count_color,B,B,1,1,,1,
task_asset_vqa_v2:FallingAlt_6:gpt:json_only,FallingAlt_6,gpt,json_only,FallingAlt_6:colored_count,count_color,C,C,1,1,,1,
task_asset_vqa_v2:FallingAlt_6:gpt:json_only,FallingAlt_6,gpt,json_only,FallingAlt_6:movable_count,movability,D,D,1,1,,1,
task_asset_vqa_v2:FallingAlt_6:gpt:json_only,FallingAlt_6,gpt,json_only,FallingAlt_6:horizontal_relation,relative_position,B,B,1,1,,1,
task_asset_vqa_v2:FallingAlt_6:gpt:json_only,FallingAlt_6,gpt,json_only,FallingAlt_6:vertical_relation,relative_position,C,C,1,1,,1,
task_asset_vqa_v2:FallingAlt_6:gpt:json_only,FallingAlt_6,gpt,json_only,FallingAlt_6:red_quadrant,coarse_location,C,C,1,0,within_60px_of_x_or_y_divider,1,
task_asset_vqa_v2:FallingAlt_6:gpt:json_only,FallingAlt_6,gpt,json_only,FallingAlt_6:goal_quadrant,coarse_location,D,D,1,1,,1,
task_asset_vqa_v2:FallingAlt_6:gpt:json_only,FallingAlt_6,gpt,json_only,FallingAlt_6:containment,containment,A,A,1,1,,1,
task_asset_vqa_v2:FallingAlt_6:gpt:json_only,FallingAlt_6,gpt,json_only,FallingAlt_6:movable_object_relation,movable_object_relation,A,A,1,1,,1,
task_asset_vqa_v2:FallingAlt_8:gpt:json_only,FallingAlt_8,gpt,json_only,FallingAlt_8:red_shape,shape,B,B,1,1,,1,
task_asset_vqa_v2:FallingAlt_8:gpt:json_only,FallingAlt_8,gpt,json_only,FallingAlt_8:goal_shape,shape,C,C,1,1,,1,
task_asset_vqa_v2:FallingAlt_8:gpt:json_only,FallingAlt_8,gpt,json_only,FallingAlt_8:blue_count,count_color,D,D,1,1,,1,
task_asset_vqa_v2:FallingAlt_8:gpt:json_only,FallingAlt_8,gpt,json_only,FallingAlt_8:colored_count,count_color,A,A,1,1,,1,
task_asset_vqa_v2:FallingAlt_8:gpt:json_only,FallingAlt_8,gpt,json_only,FallingAlt_8:movable_count,movability,B,B,1,1,,1,
task_asset_vqa_v2:FallingAlt_8:gpt:json_only,FallingAlt_8,gpt,json_only,FallingAlt_8:horizontal_relation,relative_position,C,C,1,1,,1,
task_asset_vqa_v2:FallingAlt_8:gpt:json_only,FallingAlt_8,gpt,json_only,FallingAlt_8:vertical_relation,relative_position,A,A,1,1,,1,
task_asset_vqa_v2:FallingAlt_8:gpt:json_only,FallingAlt_8,gpt,json_only,FallingAlt_8:red_quadrant,coarse_location,A,A,1,0,within_60px_of_x_or_y_divider,1,
task_asset_vqa_v2:FallingAlt_8:gpt:json_only,FallingAlt_8,gpt,json_only,FallingAlt_8:goal_quadrant,coarse_location,B,B,1,1,,1,
task_asset_vqa_v2:FallingAlt_8:gpt:json_only,FallingAlt_8,gpt,json_only,FallingAlt_8:containment,containment,A,A,1,1,,1,
task_asset_vqa_v2:FallingAlt_8:gpt:json_only,FallingAlt_8,gpt,json_only,FallingAlt_8:movable_object_relation,movable_object_relation,B,B,1,1,,1,
task_asset_vqa_v2:FallingAlt_8:gpt:image_only,FallingAlt_8,gpt,image_only,FallingAlt_8:red_shape,shape,B,B,1,1,,1,
task_asset_vqa_v2:FallingAlt_8:gpt:image_only,FallingAlt_8,gpt,image_only,FallingAlt_8:goal_shape,shape,C,C,1,1,,1,
task_asset_vqa_v2:FallingAlt_8:gpt:image_only,FallingAlt_8,gpt,image_only,FallingAlt_8:blue_count,count_color,D,D,1,1,,1,
task_asset_vqa_v2:FallingAlt_8:gpt:image_only,FallingAlt_8,gpt,image_only,FallingAlt_8:colored_count,count_color,A,A,1,1,,1,
task_asset_vqa_v2:FallingAlt_8:gpt:image_only,FallingAlt_8,gpt,image_only,FallingAlt_8:movable_count,movability,B,B,1,1,,1,
task_asset_vqa_v2:FallingAlt_8:gpt:image_only,FallingAlt_8,gpt,image_only,FallingAlt_8:horizontal_relation,relative_position,C,C,1,1,,1,
task_asset_vqa_v2:FallingAlt_8:gpt:image_only,FallingAlt_8,gpt,image_only,FallingAlt_8:vertical_relation,relative_position,A,A,1,1,,1,
task_asset_vqa_v2:FallingAlt_8:gpt:image_only,FallingAlt_8,gpt,image_only,FallingAlt_8:red_quadrant,coarse_location,A,A,1,0,within_60px_of_x_or_y_divider,1,
task_asset_vqa_v2:FallingAlt_8:gpt:image_only,FallingAlt_8,gpt,image_only,FallingAlt_8:goal_quadrant,coarse_location,B,B,1,1,,1,
task_asset_vqa_v2:FallingAlt_8:gpt:image_only,FallingAlt_8,gpt,image_only,FallingAlt_8:containment,containment,A,A,1,1,,1,
task_asset_vqa_v2:FallingAlt_8:gpt:image_only,FallingAlt_8,gpt,image_only,FallingAlt_8:movable_object_relation,movable_object_relation,B,B,1,1,,1,
task_asset_vqa_v2:FallingAlt_7:gpt:image_only,FallingAlt_7,gpt,image_only,FallingAlt_7:red_shape,shape,C,C,1,1,,1,
task_asset_vqa_v2:FallingAlt_7:gpt:image_only,FallingAlt_7,gpt,image_only,FallingAlt_7:goal_shape,shape,D,D,1,1,,1,
task_asset_vqa_v2:FallingAlt_7:gpt:image_only,FallingAlt_7,gpt,image_only,FallingAlt_7:blue_count,count_color,A,A,1,1,,1,
task_asset_vqa_v2:FallingAlt_7:gpt:image_only,FallingAlt_7,gpt,image_only,FallingAlt_7:colored_count,count_color,B,B,1,1,,1,
task_asset_vqa_v2:FallingAlt_7:gpt:image_only,FallingAlt_7,gpt,image_only,FallingAlt_7:movable_count,movability,C,C,1,1,,1,
task_asset_vqa_v2:FallingAlt_7:gpt:image_only,FallingAlt_7,gpt,image_only,FallingAlt_7:horizontal_relation,relative_position,A,A,1,1,,1,
task_asset_vqa_v2:FallingAlt_7:gpt:image_only,FallingAlt_7,gpt,image_only,FallingAlt_7:vertical_relation,relative_position,B,B,1,1,,1,
task_asset_vqa_v2:FallingAlt_7:gpt:image_only,FallingAlt_7,gpt,image_only,FallingAlt_7:red_quadrant,coarse_location,B,B,1,0,within_60px_of_x_or_y_divider,1,
task_asset_vqa_v2:FallingAlt_7:gpt:image_only,FallingAlt_7,gpt,image_only,FallingAlt_7:goal_quadrant,coarse_location,C,C,1,1,,1,
task_asset_vqa_v2:FallingAlt_7:gpt:image_only,FallingAlt_7,gpt,image_only,FallingAlt_7:containment,containment,B,B,1,1,,1,
task_asset_vqa_v2:FallingAlt_7:gpt:image_only,FallingAlt_7,gpt,image_only,FallingAlt_7:movable_object_relation,movable_object_relation,C,C,1,1,,1,
task_asset_vqa_v2:FallingAlt_9:gpt:json_only,FallingAlt_9,gpt,json_only,FallingAlt_9:red_shape,shape,A,A,1,1,,1,
task_asset_vqa_v2:FallingAlt_9:gpt:json_only,FallingAlt_9,gpt,json_only,FallingAlt_9:goal_shape,shape,B,B,1,1,,1,
task_asset_vqa_v2:FallingAlt_9:gpt:json_only,FallingAlt_9,gpt,json_only,FallingAlt_9:blue_count,count_color,C,C,1,1,,1,
task_asset_vqa_v2:FallingAlt_9:gpt:json_only,FallingAlt_9,gpt,json_only,FallingAlt_9:colored_count,count_color,F,F,1,1,,1,
task_asset_vqa_v2:FallingAlt_9:gpt:json_only,FallingAlt_9,gpt,json_only,FallingAlt_9:movable_count,movability,A,A,1,1,,1,
task_asset_vqa_v2:FallingAlt_9:gpt:json_only,FallingAlt_9,gpt,json_only,FallingAlt_9:horizontal_relation,relative_position,B,B,1,1,,1,
task_asset_vqa_v2:FallingAlt_9:gpt:json_only,FallingAlt_9,gpt,json_only,FallingAlt_9:vertical_relation,relative_position,C,C,1,1,,1,
task_asset_vqa_v2:FallingAlt_9:gpt:json_only,FallingAlt_9,gpt,json_only,FallingAlt_9:red_quadrant,coarse_location,D,D,1,1,,1,
task_asset_vqa_v2:FallingAlt_9:gpt:json_only,FallingAlt_9,gpt,json_only,FallingAlt_9:goal_quadrant,coarse_location,A,A,1,1,,1,
task_asset_vqa_v2:FallingAlt_9:gpt:json_only,FallingAlt_9,gpt,json_only,FallingAlt_9:containment,containment,B,B,1,1,,1,
task_asset_vqa_v2:FallingAlt_9:gpt:json_only,FallingAlt_9,gpt,json_only,FallingAlt_9:movable_object_relation,movable_object_relation,A,A,1,1,,1,
task_asset_vqa_v2:Falling_1:gpt:image_only,Falling_1,gpt,image_only,Falling_1:red_shape,shape,D,D,1,1,,1,
task_asset_vqa_v2:Falling_1:gpt:image_only,Falling_1,gpt,image_only,Falling_1:goal_shape,shape,D,A,0,1,,1,
task_asset_vqa_v2:Falling_1:gpt:image_only,Falling_1,gpt,image_only,Falling_1:blue_count,count_color,B,B,1,1,,1,
task_asset_vqa_v2:Falling_1:gpt:image_only,Falling_1,gpt,image_only,Falling_1:colored_count,count_color,E,E,1,1,,1,
task_asset_vqa_v2:Falling_1:gpt:image_only,Falling_1,gpt,image_only,Falling_1:movable_count,movability,F,F,1,1,,1,
task_asset_vqa_v2:Falling_1:gpt:image_only,Falling_1,gpt,image_only,Falling_1:horizontal_relation,relative_position,C,A,0,1,,1,
task_asset_vqa_v2:Falling_1:gpt:image_only,Falling_1,gpt,image_only,Falling_1:vertical_relation,relative_position,B,B,1,1,,1,
task_asset_vqa_v2:Falling_1:gpt:image_only,Falling_1,gpt,image_only,Falling_1:red_quadrant,coarse_location,C,C,1,0,within_60px_of_x_or_y_divider,1,
task_asset_vqa_v2:Falling_1:gpt:image_only,Falling_1,gpt,image_only,Falling_1:goal_quadrant,coarse_location,D,D,1,0,within_60px_of_x_or_y_divider,1,
task_asset_vqa_v2:Falling_1:gpt:image_only,Falling_1,gpt,image_only,Falling_1:containment,containment,A,A,1,1,,1,
task_asset_vqa_v2:Falling_1:gpt:image_only,Falling_1,gpt,image_only,Falling_1:movable_object_relation,movable_object_relation,C,C,1,1,,1,
task_asset_vqa_v2:Falling_1:gpt:json_only,Falling_1,gpt,json_only,Falling_1:red_shape,shape,D,D,1,1,,1,
task_asset_vqa_v2:Falling_1:gpt:json_only,Falling_1,gpt,json_only,Falling_1:goal_shape,shape,A,A,1,1,,1,
task_asset_vqa_v2:Falling_1:gpt:json_only,Falling_1,gpt,json_only,Falling_1:blue_count,count_color,B,B,1,1,,1,
task_asset_vqa_v2:Falling_1:gpt:json_only,Falling_1,gpt,json_only,Falling_1:colored_count,count_color,E,E,1,1,,1,
task_asset_vqa_v2:Falling_1:gpt:json_only,Falling_1,gpt,json_only,Falling_1:movable_count,movability,F,F,1,1,,1,
task_asset_vqa_v2:Falling_1:gpt:json_only,Falling_1,gpt,json_only,Falling_1:horizontal_relation,relative_position,A,A,1,1,,1,
task_asset_vqa_v2:Falling_1:gpt:json_only,Falling_1,gpt,json_only,Falling_1:vertical_relation,relative_position,B,B,1,1,,1,
task_asset_vqa_v2:Falling_1:gpt:json_only,Falling_1,gpt,json_only,Falling_1:red_quadrant,coarse_location,C,C,1,0,within_60px_of_x_or_y_divider,1,
task_asset_vqa_v2:Falling_1:gpt:json_only,Falling_1,gpt,json_only,Falling_1:goal_quadrant,coarse_location,D,D,1,0,within_60px_of_x_or_y_divider,1,
task_asset_vqa_v2:Falling_1:gpt:json_only,Falling_1,gpt,json_only,Falling_1:containment,containment,A,A,1,1,,1,
task_asset_vqa_v2:Falling_1:gpt:json_only,Falling_1,gpt,json_only,Falling_1:movable_object_relation,movable_object_relation,A,C,0,1,,1,
task_asset_vqa_v2:Falling_3:gpt:json_only,Falling_3,gpt,json_only,Falling_3:red_shape,shape,A,A,1,1,,1,
task_asset_vqa_v2:Falling_3:gpt:json_only,Falling_3,gpt,json_only,Falling_3:goal_shape,shape,B,B,1,1,,1,
task_asset_vqa_v2:Falling_3:gpt:json_only,Falling_3,gpt,json_only,Falling_3:blue_count,count_color,C,C,1,1,,1,
task_asset_vqa_v2:Falling_3:gpt:json_only,Falling_3,gpt,json_only,Falling_3:colored_count,count_color,B,B,1,1,,1,
task_asset_vqa_v2:Falling_3:gpt:json_only,Falling_3,gpt,json_only,Falling_3:movable_count,movability,C,C,1,1,,1,
task_asset_vqa_v2:Falling_3:gpt:json_only,Falling_3,gpt,json_only,Falling_3:horizontal_relation,relative_position,A,A,1,1,,1,
task_asset_vqa_v2:Falling_3:gpt:json_only,Falling_3,gpt,json_only,Falling_3:vertical_relation,relative_position,B,B,1,1,,1,
task_asset_vqa_v2:Falling_3:gpt:json_only,Falling_3,gpt,json_only,Falling_3:red_quadrant,coarse_location,D,D,1,0,within_60px_of_x_or_y_divider,1,
task_asset_vqa_v2:Falling_3:gpt:json_only,Falling_3,gpt,json_only,Falling_3:goal_quadrant,coarse_location,A,A,1,0,within_60px_of_x_or_y_divider,1,
task_asset_vqa_v2:Falling_3:gpt:json_only,Falling_3,gpt,json_only,Falling_3:containment,containment,B,B,1,1,,1,
task_asset_vqa_v2:Falling_3:gpt:json_only,Falling_3,gpt,json_only,Falling_3:movable_object_relation,movable_object_relation,A,C,0,1,,1,
task_asset_vqa_v2:Falling_10:gpt:json_only,Falling_10,gpt,json_only,Falling_10:red_shape,shape,C,C,1,1,,1,
task_asset_vqa_v2:Falling_10:gpt:json_only,Falling_10,gpt,json_only,Falling_10:goal_shape,shape,D,D,1,1,,1,
task_asset_vqa_v2:Falling_10:gpt:json_only,Falling_10,gpt,json_only,Falling_10:blue_count,count_color,A,A,1,1,,1,
task_asset_vqa_v2:Falling_10:gpt:json_only,Falling_10,gpt,json_only,Falling_10:colored_count,count_color,D,D,1,1,,1,
task_asset_vqa_v2:Falling_10:gpt:json_only,Falling_10,gpt,json_only,Falling_10:movable_count,movability,E,E,1,1,,1,
task_asset_vqa_v2:Falling_10:gpt:json_only,Falling_10,gpt,json_only,Falling_10:horizontal_relation,relative_position,C,C,1,1,,1,
task_asset_vqa_v2:Falling_10:gpt:json_only,Falling_10,gpt,json_only,Falling_10:vertical_relation,relative_position,A,A,1,1,,1,
task_asset_vqa_v2:Falling_10:gpt:json_only,Falling_10,gpt,json_only,Falling_10:red_quadrant,coarse_location,B,B,1,0,within_60px_of_x_or_y_divider,1,
task_asset_vqa_v2:Falling_10:gpt:json_only,Falling_10,gpt,json_only,Falling_10:goal_quadrant,coarse_location,C,C,1,1,,1,
task_asset_vqa_v2:Falling_10:gpt:json_only,Falling_10,gpt,json_only,Falling_10:containment,containment,B,B,1,1,,1,
task_asset_vqa_v2:Falling_10:gpt:json_only,Falling_10,gpt,json_only,Falling_10:movable_object_relation,movable_object_relation,B,B,1,1,,1,
task_asset_vqa_v2:FallingAlt_5:gpt:json_only,FallingAlt_5,gpt,json_only,FallingAlt_5:red_shape,shape,A,A,1,1,,1,
task_asset_vqa_v2:FallingAlt_5:gpt:json_only,FallingAlt_5,gpt,json_only,FallingAlt_5:goal_shape,shape,B,B,1,1,,1,
task_asset_vqa_v2:FallingAlt_5:gpt:json_only,FallingAlt_5,gpt,json_only,FallingAlt_5:blue_count,count_color,C,C,1,1,,1,
task_asset_vqa_v2:FallingAlt_5:gpt:json_only,FallingAlt_5,gpt,json_only,FallingAlt_5:colored_count,count_color,D,D,1,1,,1,
task_asset_vqa_v2:FallingAlt_5:gpt:json_only,FallingAlt_5,gpt,json_only,FallingAlt_5:movable_count,movability,E,E,1,1,,1,
task_asset_vqa_v2:FallingAlt_5:gpt:json_only,FallingAlt_5,gpt,json_only,FallingAlt_5:horizontal_relation,relative_position,C,C,1,1,,1,
task_asset_vqa_v2:FallingAlt_5:gpt:json_only,FallingAlt_5,gpt,json_only,FallingAlt_5:vertical_relation,relative_position,A,A,1,1,,1,
task_asset_vqa_v2:FallingAlt_5:gpt:json_only,FallingAlt_5,gpt,json_only,FallingAlt_5:red_quadrant,coarse_location,D,D,1,1,,1,
task_asset_vqa_v2:FallingAlt_5:gpt:json_only,FallingAlt_5,gpt,json_only,FallingAlt_5:goal_quadrant,coarse_location,A,A,1,1,,1,
task_asset_vqa_v2:FallingAlt_5:gpt:json_only,FallingAlt_5,gpt,json_only,FallingAlt_5:containment,containment,B,B,1,1,,1,
task_asset_vqa_v2:FallingAlt_5:gpt:json_only,FallingAlt_5,gpt,json_only,FallingAlt_5:movable_object_relation,movable_object_relation,B,B,1,1,,1,
task_asset_vqa_v2:Falling_2:gpt:image_only,Falling_2,gpt,image_only,Falling_2:red_shape,shape,B,B,1,1,,1,
task_asset_vqa_v2:Falling_2:gpt:image_only,Falling_2,gpt,image_only,Falling_2:goal_shape,shape,C,C,1,1,,1,
task_asset_vqa_v2:Falling_2:gpt:image_only,Falling_2,gpt,image_only,Falling_2:blue_count,count_color,D,D,1,1,,1,
task_asset_vqa_v2:Falling_2:gpt:image_only,Falling_2,gpt,image_only,Falling_2:colored_count,count_color,C,C,1,1,,1,
task_asset_vqa_v2:Falling_2:gpt:image_only,Falling_2,gpt,image_only,Falling_2:movable_count,movability,D,D,1,1,,1,
task_asset_vqa_v2:Falling_2:gpt:image_only,Falling_2,gpt,image_only,Falling_2:horizontal_relation,relative_position,B,B,1,1,,1,
task_asset_vqa_v2:Falling_2:gpt:image_only,Falling_2,gpt,image_only,Falling_2:vertical_relation,relative_position,C,C,1,1,,1,
task_asset_vqa_v2:Falling_2:gpt:image_only,Falling_2,gpt,image_only,Falling_2:red_quadrant,coarse_location,A,A,1,0,within_60px_of_x_or_y_divider,1,
task_asset_vqa_v2:Falling_2:gpt:image_only,Falling_2,gpt,image_only,Falling_2:goal_quadrant,coarse_location,B,B,1,1,,1,
task_asset_vqa_v2:Falling_2:gpt:image_only,Falling_2,gpt,image_only,Falling_2:containment,containment,A,A,1,1,,1,
task_asset_vqa_v2:Falling_2:gpt:image_only,Falling_2,gpt,image_only,Falling_2:movable_object_relation,movable_object_relation,B,A,0,1,,1,
task_asset_vqa_v2:Falling_10:gpt:image_only,Falling_10,gpt,image_only,Falling_10:red_shape,shape,C,C,1,1,,1,
task_asset_vqa_v2:Falling_10:gpt:image_only,Falling_10,gpt,image_only,Falling_10:goal_shape,shape,D,D,1,1,,1,
task_asset_vqa_v2:Falling_10:gpt:image_only,Falling_10,gpt,image_only,Falling_10:blue_count,count_color,A,A,1,1,,1,
task_asset_vqa_v2:Falling_10:gpt:image_only,Falling_10,gpt,image_only,Falling_10:colored_count,count_color,D,D,1,1,,1,
task_asset_vqa_v2:Falling_10:gpt:image_only,Falling_10,gpt,image_only,Falling_10:movable_count,movability,E,E,1,1,,1,
task_asset_vqa_v2:Falling_10:gpt:image_only,Falling_10,gpt,image_only,Falling_10:horizontal_relation,relative_position,C,C,1,1,,1,
task_asset_vqa_v2:Falling_10:gpt:image_only,Falling_10,gpt,image_only,Falling_10:vertical_relation,relative_position,A,A,1,1,,1,
task_asset_vqa_v2:Falling_10:gpt:image_only,Falling_10,gpt,image_only,Falling_10:red_quadrant,coarse_location,B,B,1,0,within_60px_of_x_or_y_divider,1,
task_asset_vqa_v2:Falling_10:gpt:image_only,Falling_10,gpt,image_only,Falling_10:goal_quadrant,coarse_location,C,C,1,1,,1,
task_asset_vqa_v2:Falling_10:gpt:image_only,Falling_10,gpt,image_only,Falling_10:containment,containment,B,B,1,1,,1,
task_asset_vqa_v2:Falling_10:gpt:image_only,Falling_10,gpt,image_only,Falling_10:movable_object_relation,movable_object_relation,B,B,1,1,,1,
task_asset_vqa_v2:Falling_5:gpt:json_only,Falling_5,gpt,json_only,Falling_5:red_shape,shape,D,D,1,1,,1,
task_asset_vqa_v2:Falling_5:gpt:json_only,Falling_5,gpt,json_only,Falling_5:goal_shape,shape,A,A,1,1,,1,
task_asset_vqa_v2:Falling_5:gpt:json_only,Falling_5,gpt,json_only,Falling_5:blue_count,count_color,B,B,1,1,,1,
task_asset_vqa_v2:Falling_5:gpt:json_only,Falling_5,gpt,json_only,Falling_5:colored_count,count_color,A,A,1,1,,1,
task_asset_vqa_v2:Falling_5:gpt:json_only,Falling_5,gpt,json_only,Falling_5:movable_count,movability,B,B,1,1,,1,
task_asset_vqa_v2:Falling_5:gpt:json_only,Falling_5,gpt,json_only,Falling_5:horizontal_relation,relative_position,C,C,1,1,,1,
task_asset_vqa_v2:Falling_5:gpt:json_only,Falling_5,gpt,json_only,Falling_5:vertical_relation,relative_position,A,A,1,1,,1,
task_asset_vqa_v2:Falling_5:gpt:json_only,Falling_5,gpt,json_only,Falling_5:red_quadrant,coarse_location,C,C,1,0,within_60px_of_x_or_y_divider,1,
task_asset_vqa_v2:Falling_5:gpt:json_only,Falling_5,gpt,json_only,Falling_5:goal_quadrant,coarse_location,D,D,1,1,,1,
task_asset_vqa_v2:Falling_5:gpt:json_only,Falling_5,gpt,json_only,Falling_5:containment,containment,A,A,1,1,,1,
task_asset_vqa_v2:Falling_5:gpt:json_only,Falling_5,gpt,json_only,Falling_5:movable_object_relation,movable_object_relation,A,B,0,1,,1,
task_asset_vqa_v2:FallingAlt_9:gpt:image_only,FallingAlt_9,gpt,image_only,FallingAlt_9:red_shape,shape,A,A,1,1,,1,
task_asset_vqa_v2:FallingAlt_9:gpt:image_only,FallingAlt_9,gpt,image_only,FallingAlt_9:goal_shape,shape,B,B,1,1,,1,
task_asset_vqa_v2:FallingAlt_9:gpt:image_only,FallingAlt_9,gpt,image_only,FallingAlt_9:blue_count,count_color,C,C,1,1,,1,
task_asset_vqa_v2:FallingAlt_9:gpt:image_only,FallingAlt_9,gpt,image_only,FallingAlt_9:colored_count,count_color,F,F,1,1,,1,
task_asset_vqa_v2:FallingAlt_9:gpt:image_only,FallingAlt_9,gpt,image_only,FallingAlt_9:movable_count,movability,A,A,1,1,,1,
task_asset_vqa_v2:FallingAlt_9:gpt:image_only,FallingAlt_9,gpt,image_only,FallingAlt_9:horizontal_relation,relative_position,B,B,1,1,,1,
task_asset_vqa_v2:FallingAlt_9:gpt:image_only,FallingAlt_9,gpt,image_only,FallingAlt_9:vertical_relation,relative_position,C,C,1,1,,1,
task_asset_vqa_v2:FallingAlt_9:gpt:image_only,FallingAlt_9,gpt,image_only,FallingAlt_9:red_quadrant,coarse_location,D,D,1,1,,1,
task_asset_vqa_v2:FallingAlt_9:gpt:image_only,FallingAlt_9,gpt,image_only,FallingAlt_9:goal_quadrant,coarse_location,A,A,1,1,,1,
task_asset_vqa_v2:FallingAlt_9:gpt:image_only,FallingAlt_9,gpt,image_only,FallingAlt_9:containment,containment,B,B,1,1,,1,
task_asset_vqa_v2:FallingAlt_9:gpt:image_only,FallingAlt_9,gpt,image_only,FallingAlt_9:movable_object_relation,movable_object_relation,A,A,1,1,,1,
task_asset_vqa_v2:Falling_6:gpt:image_only,Falling_6,gpt,image_only,Falling_6:red_shape,shape,C,C,1,1,,1,
task_asset_vqa_v2:Falling_6:gpt:image_only,Falling_6,gpt,image_only,Falling_6:goal_shape,shape,C,D,0,1,,1,
task_asset_vqa_v2:Falling_6:gpt:image_only,Falling_6,gpt,image_only,Falling_6:blue_count,count_color,A,A,1,1,,1,
task_asset_vqa_v2:Falling_6:gpt:image_only,Falling_6,gpt,image_only,Falling_6:colored_count,count_color,F,F,1,1,,1,
task_asset_vqa_v2:Falling_6:gpt:image_only,Falling_6,gpt,image_only,Falling_6:movable_count,movability,A,A,1,1,,1,
task_asset_vqa_v2:Falling_6:gpt:image_only,Falling_6,gpt,image_only,Falling_6:horizontal_relation,relative_position,B,B,1,1,,1,
task_asset_vqa_v2:Falling_6:gpt:image_only,Falling_6,gpt,image_only,Falling_6:vertical_relation,relative_position,C,C,1,1,,1,
task_asset_vqa_v2:Falling_6:gpt:image_only,Falling_6,gpt,image_only,Falling_6:red_quadrant,coarse_location,B,B,1,0,within_60px_of_x_or_y_divider,1,
task_asset_vqa_v2:Falling_6:gpt:image_only,Falling_6,gpt,image_only,Falling_6:goal_quadrant,coarse_location,C,C,1,1,,1,
task_asset_vqa_v2:Falling_6:gpt:image_only,Falling_6,gpt,image_only,Falling_6:containment,containment,B,B,1,1,,1,
task_asset_vqa_v2:Falling_6:gpt:image_only,Falling_6,gpt,image_only,Falling_6:movable_object_relation,movable_object_relation,A,A,1,1,,1,
task_asset_vqa_v2:Falling_2:gpt:json_only,Falling_2,gpt,json_only,Falling_2:red_shape,shape,B,B,1,1,,1,
task_asset_vqa_v2:Falling_2:gpt:json_only,Falling_2,gpt,json_only,Falling_2:goal_shape,shape,C,C,1,1,,1,
task_asset_vqa_v2:Falling_2:gpt:json_only,Falling_2,gpt,json_only,Falling_2:blue_count,count_color,D,D,1,1,,1,
task_asset_vqa_v2:Falling_2:gpt:json_only,Falling_2,gpt,json_only,Falling_2:colored_count,count_color,C,C,1,1,,1,
task_asset_vqa_v2:Falling_2:gpt:json_only,Falling_2,gpt,json_only,Falling_2:movable_count,movability,D,D,1,1,,1,
task_asset_vqa_v2:Falling_2:gpt:json_only,Falling_2,gpt,json_only,Falling_2:horizontal_relation,relative_position,B,B,1,1,,1,
task_asset_vqa_v2:Falling_2:gpt:json_only,Falling_2,gpt,json_only,Falling_2:vertical_relation,relative_position,C,C,1,1,,1,
task_asset_vqa_v2:Falling_2:gpt:json_only,Falling_2,gpt,json_only,Falling_2:red_quadrant,coarse_location,A,A,1,0,within_60px_of_x_or_y_divider,1,
task_asset_vqa_v2:Falling_2:gpt:json_only,Falling_2,gpt,json_only,Falling_2:goal_quadrant,coarse_location,B,B,1,1,,1,
task_asset_vqa_v2:Falling_2:gpt:json_only,Falling_2,gpt,json_only,Falling_2:containment,containment,A,A,1,1,,1,
task_asset_vqa_v2:Falling_2:gpt:json_only,Falling_2,gpt,json_only,Falling_2:movable_object_relation,movable_object_relation,B,A,0,1,,1,
task_asset_vqa_v2:Falling_5:gpt:image_only,Falling_5,gpt,image_only,Falling_5:red_shape,shape,D,D,1,1,,1,
task_asset_vqa_v2:Falling_5:gpt:image_only,Falling_5,gpt,image_only,Falling_5:goal_shape,shape,D,A,0,1,,1,
task_asset_vqa_v2:Falling_5:gpt:image_only,Falling_5,gpt,image_only,Falling_5:blue_count,count_color,B,B,1,1,,1,
task_asset_vqa_v2:Falling_5:gpt:image_only,Falling_5,gpt,image_only,Falling_5:colored_count,count_color,A,A,1,1,,1,
task_asset_vqa_v2:Falling_5:gpt:image_only,Falling_5,gpt,image_only,Falling_5:movable_count,movability,B,B,1,1,,1,
task_asset_vqa_v2:Falling_5:gpt:image_only,Falling_5,gpt,image_only,Falling_5:horizontal_relation,relative_position,C,C,1,1,,1,
task_asset_vqa_v2:Falling_5:gpt:image_only,Falling_5,gpt,image_only,Falling_5:vertical_relation,relative_position,A,A,1,1,,1,
task_asset_vqa_v2:Falling_5:gpt:image_only,Falling_5,gpt,image_only,Falling_5:red_quadrant,coarse_location,C,C,1,0,within_60px_of_x_or_y_divider,1,
task_asset_vqa_v2:Falling_5:gpt:image_only,Falling_5,gpt,image_only,Falling_5:goal_quadrant,coarse_location,D,D,1,1,,1,
task_asset_vqa_v2:Falling_5:gpt:image_only,Falling_5,gpt,image_only,Falling_5:containment,containment,A,A,1,1,,1,
task_asset_vqa_v2:Falling_5:gpt:image_only,Falling_5,gpt,image_only,Falling_5:movable_object_relation,movable_object_relation,B,B,1,1,,1,
task_asset_vqa_v2:Falling_7:gpt:json_only,Falling_7,gpt,json_only,Falling_7:red_shape,shape,B,B,1,1,,1,
task_asset_vqa_v2:Falling_7:gpt:json_only,Falling_7,gpt,json_only,Falling_7:goal_shape,shape,C,C,1,1,,1,
task_asset_vqa_v2:Falling_7:gpt:json_only,Falling_7,gpt,json_only,Falling_7:blue_count,count_color,D,D,1,1,,1,
task_asset_vqa_v2:Falling_7:gpt:json_only,Falling_7,gpt,json_only,Falling_7:colored_count,count_color,E,E,1,1,,1,
task_asset_vqa_v2:Falling_7:gpt:json_only,Falling_7,gpt,json_only,Falling_7:movable_count,movability,F,F,1,1,,1,
task_asset_vqa_v2:Falling_7:gpt:json_only,Falling_7,gpt,json_only,Falling_7:horizontal_relation,relative_position,A,A,1,1,,1,
task_asset_vqa_v2:Falling_7:gpt:json_only,Falling_7,gpt,json_only,Falling_7:vertical_relation,relative_position,B,B,1,1,,1,
task_asset_vqa_v2:Falling_7:gpt:json_only,Falling_7,gpt,json_only,Falling_7:red_quadrant,coarse_location,A,A,1,1,,1,
task_asset_vqa_v2:Falling_7:gpt:json_only,Falling_7,gpt,json_only,Falling_7:goal_quadrant,coarse_location,B,B,1,1,,1,
task_asset_vqa_v2:Falling_7:gpt:json_only,Falling_7,gpt,json_only,Falling_7:containment,containment,A,A,1,1,,1,
task_asset_vqa_v2:Falling_7:gpt:json_only,Falling_7,gpt,json_only,Falling_7:movable_object_relation,movable_object_relation,C,C,1,1,,1,
task_asset_vqa_v2:Falling_9:gpt:image_only,Falling_9,gpt,image_only,Falling_9:red_shape,shape,D,D,1,1,,1,
task_asset_vqa_v2:Falling_9:gpt:image_only,Falling_9,gpt,image_only,Falling_9:goal_shape,shape,D,A,0,1,,1,
task_asset_vqa_v2:Falling_9:gpt:image_only,Falling_9,gpt,image_only,Falling_9:blue_count,count_color,B,B,1,1,,1,
task_asset_vqa_v2:Falling_9:gpt:image_only,Falling_9,gpt,image_only,Falling_9:colored_count,count_color,C,C,1,1,,1,
task_asset_vqa_v2:Falling_9:gpt:image_only,Falling_9,gpt,image_only,Falling_9:movable_count,movability,D,D,1,1,,1,
task_asset_vqa_v2:Falling_9:gpt:image_only,Falling_9,gpt,image_only,Falling_9:horizontal_relation,relative_position,B,B,1,1,,1,
task_asset_vqa_v2:Falling_9:gpt:image_only,Falling_9,gpt,image_only,Falling_9:vertical_relation,relative_position,C,C,1,1,,1,
task_asset_vqa_v2:Falling_9:gpt:image_only,Falling_9,gpt,image_only,Falling_9:red_quadrant,coarse_location,C,C,1,1,,1,
task_asset_vqa_v2:Falling_9:gpt:image_only,Falling_9,gpt,image_only,Falling_9:goal_quadrant,coarse_location,D,D,1,1,,1,
task_asset_vqa_v2:Falling_9:gpt:image_only,Falling_9,gpt,image_only,Falling_9:containment,containment,A,A,1,1,,1,
task_asset_vqa_v2:Falling_9:gpt:image_only,Falling_9,gpt,image_only,Falling_9:movable_object_relation,movable_object_relation,A,A,1,1,,1,
task_asset_vqa_v2:Falling_7:gpt:image_only,Falling_7,gpt,image_only,Falling_7:red_shape,shape,B,B,1,1,,1,
task_asset_vqa_v2:Falling_7:gpt:image_only,Falling_7,gpt,image_only,Falling_7:goal_shape,shape,A,C,0,1,,1,
task_asset_vqa_v2:Falling_7:gpt:image_only,Falling_7,gpt,image_only,Falling_7:blue_count,count_color,D,D,1,1,,1,
task_asset_vqa_v2:Falling_7:gpt:image_only,Falling_7,gpt,image_only,Falling_7:colored_count,count_color,E,E,1,1,,1,
task_asset_vqa_v2:Falling_7:gpt:image_only,Falling_7,gpt,image_only,Falling_7:movable_count,movability,F,F,1,1,,1,
task_asset_vqa_v2:Falling_7:gpt:image_only,Falling_7,gpt,image_only,Falling_7:horizontal_relation,relative_position,A,A,1,1,,1,
task_asset_vqa_v2:Falling_7:gpt:image_only,Falling_7,gpt,image_only,Falling_7:vertical_relation,relative_position,B,B,1,1,,1,
task_asset_vqa_v2:Falling_7:gpt:image_only,Falling_7,gpt,image_only,Falling_7:red_quadrant,coarse_location,A,A,1,1,,1,
task_asset_vqa_v2:Falling_7:gpt:image_only,Falling_7,gpt,image_only,Falling_7:goal_quadrant,coarse_location,B,B,1,1,,1,
task_asset_vqa_v2:Falling_7:gpt:image_only,Falling_7,gpt,image_only,Falling_7:containment,containment,A,A,1,1,,1,
task_asset_vqa_v2:Falling_7:gpt:image_only,Falling_7,gpt,image_only,Falling_7:movable_object_relation,movable_object_relation,C,C,1,1,,1,
task_asset_vqa_v2:Falling_8:gpt:json_only,Falling_8,gpt,json_only,Falling_8:red_shape,shape,A,A,1,1,,1,
task_asset_vqa_v2:Falling_8:gpt:json_only,Falling_8,gpt,json_only,Falling_8:goal_shape,shape,B,B,1,1,,1,
task_asset_vqa_v2:Falling_8:gpt:json_only,Falling_8,gpt,json_only,Falling_8:blue_count,count_color,C,C,1,1,,1,
task_asset_vqa_v2:Falling_8:gpt:json_only,Falling_8,gpt,json_only,Falling_8:colored_count,count_color,D,D,1,1,,1,
task_asset_vqa_v2:Falling_8:gpt:json_only,Falling_8,gpt,json_only,Falling_8:movable_count,movability,E,E,1,1,,1,
task_asset_vqa_v2:Falling_8:gpt:json_only,Falling_8,gpt,json_only,Falling_8:horizontal_relation,relative_position,C,C,1,1,,1,
task_asset_vqa_v2:Falling_8:gpt:json_only,Falling_8,gpt,json_only,Falling_8:vertical_relation,relative_position,A,A,1,1,,1,
task_asset_vqa_v2:Falling_8:gpt:json_only,Falling_8,gpt,json_only,Falling_8:red_quadrant,coarse_location,D,D,1,1,,1,
task_asset_vqa_v2:Falling_8:gpt:json_only,Falling_8,gpt,json_only,Falling_8:goal_quadrant,coarse_location,A,A,1,1,,1,
task_asset_vqa_v2:Falling_8:gpt:json_only,Falling_8,gpt,json_only,Falling_8:containment,containment,B,B,1,1,,1,
task_asset_vqa_v2:Falling_8:gpt:json_only,Falling_8,gpt,json_only,Falling_8:movable_object_relation,movable_object_relation,B,B,1,1,,1,
task_asset_vqa_v2:Prevention_1:gpt:image_only,Prevention_1,gpt,image_only,Prevention_1:red_shape,shape,C,C,1,1,,1,
task_asset_vqa_v2:Prevention_1:gpt:image_only,Prevention_1,gpt,image_only,Prevention_1:goal_shape,shape,D,D,1,1,,1,
task_asset_vqa_v2:Prevention_1:gpt:image_only,Prevention_1,gpt,image_only,Prevention_1:blue_count,count_color,A,A,1,1,,1,
task_asset_vqa_v2:Prevention_1:gpt:image_only,Prevention_1,gpt,image_only,Prevention_1:colored_count,count_color,B,B,1,1,,1,
task_asset_vqa_v2:Prevention_1:gpt:image_only,Prevention_1,gpt,image_only,Prevention_1:movable_count,movability,C,C,1,1,,1,
task_asset_vqa_v2:Prevention_1:gpt:image_only,Prevention_1,gpt,image_only,Prevention_1:horizontal_relation,relative_position,A,A,1,1,,1,
task_asset_vqa_v2:Prevention_1:gpt:image_only,Prevention_1,gpt,image_only,Prevention_1:vertical_relation,relative_position,B,B,1,1,,1,
task_asset_vqa_v2:Prevention_1:gpt:image_only,Prevention_1,gpt,image_only,Prevention_1:red_quadrant,coarse_location,B,B,1,1,,1,
task_asset_vqa_v2:Prevention_1:gpt:image_only,Prevention_1,gpt,image_only,Prevention_1:goal_quadrant,coarse_location,C,C,1,1,,1,
task_asset_vqa_v2:Prevention_1:gpt:image_only,Prevention_1,gpt,image_only,Prevention_1:containment,containment,B,B,1,1,,1,
task_asset_vqa_v2:Prevention_1:gpt:image_only,Prevention_1,gpt,image_only,Prevention_1:movable_object_relation,movable_object_relation,C,C,1,1,,1,
task_asset_vqa_v2:Prevention_10:gpt:json_only,Prevention_10,gpt,json_only,Prevention_10:red_shape,shape,B,B,1,1,,1,
task_asset_vqa_v2:Prevention_10:gpt:json_only,Prevention_10,gpt,json_only,Prevention_10:goal_shape,shape,C,C,1,1,,1,
task_asset_vqa_v2:Prevention_10:gpt:json_only,Prevention_10,gpt,json_only,Prevention_10:blue_count,count_color,D,D,1,1,,1,
task_asset_vqa_v2:Prevention_10:gpt:json_only,Prevention_10,gpt,json_only,Prevention_10:colored_count,count_color,A,A,1,1,,1,
task_asset_vqa_v2:Prevention_10:gpt:json_only,Prevention_10,gpt,json_only,Prevention_10:movable_count,movability,B,B,1,1,,1,
task_asset_vqa_v2:Prevention_10:gpt:json_only,Prevention_10,gpt,json_only,Prevention_10:horizontal_relation,relative_position,C,C,1,1,,1,
task_asset_vqa_v2:Prevention_10:gpt:json_only,Prevention_10,gpt,json_only,Prevention_10:vertical_relation,relative_position,A,A,1,1,,1,
task_asset_vqa_v2:Prevention_10:gpt:json_only,Prevention_10,gpt,json_only,Prevention_10:red_quadrant,coarse_location,A,A,1,0,within_60px_of_x_or_y_divider,1,
task_asset_vqa_v2:Prevention_10:gpt:json_only,Prevention_10,gpt,json_only,Prevention_10:goal_quadrant,coarse_location,B,B,1,1,,1,
task_asset_vqa_v2:Prevention_10:gpt:json_only,Prevention_10,gpt,json_only,Prevention_10:containment,containment,A,A,1,1,,1,
task_asset_vqa_v2:Prevention_10:gpt:json_only,Prevention_10,gpt,json_only,Prevention_10:movable_object_relation,movable_object_relation,B,B,1,1,,1,
task_asset_vqa_v2:Falling_9:gpt:json_only,Falling_9,gpt,json_only,Falling_9:red_shape,shape,D,D,1,1,,1,
task_asset_vqa_v2:Falling_9:gpt:json_only,Falling_9,gpt,json_only,Falling_9:goal_shape,shape,A,A,1,1,,1,
task_asset_vqa_v2:Falling_9:gpt:json_only,Falling_9,gpt,json_only,Falling_9:blue_count,count_color,B,B,1,1,,1,
task_asset_vqa_v2:Falling_9:gpt:json_only,Falling_9,gpt,json_only,Falling_9:colored_count,count_color,C,C,1,1,,1,
task_asset_vqa_v2:Falling_9:gpt:json_only,Falling_9,gpt,json_only,Falling_9:movable_count,movability,D,D,1,1,,1,
task_asset_vqa_v2:Falling_9:gpt:json_only,Falling_9,gpt,json_only,Falling_9:horizontal_relation,relative_position,B,B,1,1,,1,
task_asset_vqa_v2:Falling_9:gpt:json_only,Falling_9,gpt,json_only,Falling_9:vertical_relation,relative_position,C,C,1,1,,1,
task_asset_vqa_v2:Falling_9:gpt:json_only,Falling_9,gpt,json_only,Falling_9:red_quadrant,coarse_location,C,C,1,1,,1,
task_asset_vqa_v2:Falling_9:gpt:json_only,Falling_9,gpt,json_only,Falling_9:goal_quadrant,coarse_location,D,D,1,1,,1,
task_asset_vqa_v2:Falling_9:gpt:json_only,Falling_9,gpt,json_only,Falling_9:containment,containment,A,A,1,1,,1,
task_asset_vqa_v2:Falling_9:gpt:json_only,Falling_9,gpt,json_only,Falling_9:movable_object_relation,movable_object_relation,A,A,1,1,,1,
task_asset_vqa_v2:Prevention_1:gpt:json_only,Prevention_1,gpt,json_only,Prevention_1:red_shape,shape,C,C,1,1,,1,
task_asset_vqa_v2:Prevention_1:gpt:json_only,Prevention_1,gpt,json_only,Prevention_1:goal_shape,shape,D,D,1,1,,1,
task_asset_vqa_v2:Prevention_1:gpt:json_only,Prevention_1,gpt,json_only,Prevention_1:blue_count,count_color,A,A,1,1,,1,
task_asset_vqa_v2:Prevention_1:gpt:json_only,Prevention_1,gpt,json_only,Prevention_1:colored_count,count_color,B,B,1,1,,1,
task_asset_vqa_v2:Prevention_1:gpt:json_only,Prevention_1,gpt,json_only,Prevention_1:movable_count,movability,C,C,1,1,,1,
task_asset_vqa_v2:Prevention_1:gpt:json_only,Prevention_1,gpt,json_only,Prevention_1:horizontal_relation,relative_position,A,A,1,1,,1,
task_asset_vqa_v2:Prevention_1:gpt:json_only,Prevention_1,gpt,json_only,Prevention_1:vertical_relation,relative_position,B,B,1,1,,1,
task_asset_vqa_v2:Prevention_1:gpt:json_only,Prevention_1,gpt,json_only,Prevention_1:red_quadrant,coarse_location,B,B,1,1,,1,
task_asset_vqa_v2:Prevention_1:gpt:json_only,Prevention_1,gpt,json_only,Prevention_1:goal_quadrant,coarse_location,C,C,1,1,,1,
task_asset_vqa_v2:Prevention_1:gpt:json_only,Prevention_1,gpt,json_only,Prevention_1:containment,containment,B,B,1,1,,1,
task_asset_vqa_v2:Prevention_1:gpt:json_only,Prevention_1,gpt,json_only,Prevention_1:movable_object_relation,movable_object_relation,C,C,1,1,,1,
task_asset_vqa_v2:Falling_8:gpt:image_only,Falling_8,gpt,image_only,Falling_8:red_shape,shape,A,A,1,1,,1,
task_asset_vqa_v2:Falling_8:gpt:image_only,Falling_8,gpt,image_only,Falling_8:goal_shape,shape,B,B,1,1,,1,
task_asset_vqa_v2:Falling_8:gpt:image_only,Falling_8,gpt,image_only,Falling_8:blue_count,count_color,C,C,1,1,,1,
task_asset_vqa_v2:Falling_8:gpt:image_only,Falling_8,gpt,image_only,Falling_8:colored_count,count_color,D,D,1,1,,1,
task_asset_vqa_v2:Falling_8:gpt:image_only,Falling_8,gpt,image_only,Falling_8:movable_count,movability,E,E,1,1,,1,
task_asset_vqa_v2:Falling_8:gpt:image_only,Falling_8,gpt,image_only,Falling_8:horizontal_relation,relative_position,C,C,1,1,,1,
task_asset_vqa_v2:Falling_8:gpt:image_only,Falling_8,gpt,image_only,Falling_8:vertical_relation,relative_position,A,A,1,1,,1,
task_asset_vqa_v2:Falling_8:gpt:image_only,Falling_8,gpt,image_only,Falling_8:red_quadrant,coarse_location,D,D,1,1,,1,
task_asset_vqa_v2:Falling_8:gpt:image_only,Falling_8,gpt,image_only,Falling_8:goal_quadrant,coarse_location,A,A,1,1,,1,
task_asset_vqa_v2:Falling_8:gpt:image_only,Falling_8,gpt,image_only,Falling_8:containment,containment,B,B,1,1,,1,
task_asset_vqa_v2:Falling_8:gpt:image_only,Falling_8,gpt,image_only,Falling_8:movable_object_relation,movable_object_relation,B,B,1,1,,1,
task_asset_vqa_v2:Falling_3:gpt:image_only,Falling_3,gpt,image_only,Falling_3:red_shape,shape,A,A,1,1,,1,
task_asset_vqa_v2:Falling_3:gpt:image_only,Falling_3,gpt,image_only,Falling_3:goal_shape,shape,C,B,0,1,,1,
task_asset_vqa_v2:Falling_3:gpt:image_only,Falling_3,gpt,image_only,Falling_3:blue_count,count_color,C,C,1,1,,1,
task_asset_vqa_v2:Falling_3:gpt:image_only,Falling_3,gpt,image_only,Falling_3:colored_count,count_color,B,B,1,1,,1,
task_asset_vqa_v2:Falling_3:gpt:image_only,Falling_3,gpt,image_only,Falling_3:movable_count,movability,C,C,1,1,,1,
task_asset_vqa_v2:Falling_3:gpt:image_only,Falling_3,gpt,image_only,Falling_3:horizontal_relation,relative_position,A,A,1,1,,1,
task_asset_vqa_v2:Falling_3:gpt:image_only,Falling_3,gpt,image_only,Falling_3:vertical_relation,relative_position,B,B,1,1,,1,
task_asset_vqa_v2:Falling_3:gpt:image_only,Falling_3,gpt,image_only,Falling_3:red_quadrant,coarse_location,D,D,1,0,within_60px_of_x_or_y_divider,1,
task_asset_vqa_v2:Falling_3:gpt:image_only,Falling_3,gpt,image_only,Falling_3:goal_quadrant,coarse_location,C,A,0,0,within_60px_of_x_or_y_divider,1,
task_asset_vqa_v2:Falling_3:gpt:image_only,Falling_3,gpt,image_only,Falling_3:containment,containment,B,B,1,1,,1,
task_asset_vqa_v2:Falling_3:gpt:image_only,Falling_3,gpt,image_only,Falling_3:movable_object_relation,movable_object_relation,C,C,1,1,,1,
task_asset_vqa_v2:Prevention_4:gpt:json_only,Prevention_4,gpt,json_only,Prevention_4:red_shape,shape,C,C,1,1,,1,
task_asset_vqa_v2:Prevention_4:gpt:json_only,Prevention_4,gpt,json_only,Prevention_4:goal_shape,shape,D,D,1,1,,1,
task_asset_vqa_v2:Prevention_4:gpt:json_only,Prevention_4,gpt,json_only,Prevention_4:blue_count,count_color,A,A,1,1,,1,
task_asset_vqa_v2:Prevention_4:gpt:json_only,Prevention_4,gpt,json_only,Prevention_4:colored_count,count_color,D,D,1,1,,1,
task_asset_vqa_v2:Prevention_4:gpt:json_only,Prevention_4,gpt,json_only,Prevention_4:movable_count,movability,E,E,1,1,,1,
task_asset_vqa_v2:Prevention_4:gpt:json_only,Prevention_4,gpt,json_only,Prevention_4:horizontal_relation,relative_position,C,C,1,1,,1,
task_asset_vqa_v2:Prevention_4:gpt:json_only,Prevention_4,gpt,json_only,Prevention_4:vertical_relation,relative_position,A,A,1,1,,1,
task_asset_vqa_v2:Prevention_4:gpt:json_only,Prevention_4,gpt,json_only,Prevention_4:red_quadrant,coarse_location,B,B,1,1,,1,
task_asset_vqa_v2:Prevention_4:gpt:json_only,Prevention_4,gpt,json_only,Prevention_4:goal_quadrant,coarse_location,C,C,1,1,,1,
task_asset_vqa_v2:Prevention_4:gpt:json_only,Prevention_4,gpt,json_only,Prevention_4:containment,containment,B,B,1,1,,1,
task_asset_vqa_v2:Prevention_4:gpt:json_only,Prevention_4,gpt,json_only,Prevention_4:movable_object_relation,movable_object_relation,B,B,1,1,,1,
task_asset_vqa_v2:Prevention_2:gpt:json_only,Prevention_2,gpt,json_only,Prevention_2:red_shape,shape,A,A,1,1,,1,
task_asset_vqa_v2:Prevention_2:gpt:json_only,Prevention_2,gpt,json_only,Prevention_2:goal_shape,shape,B,B,1,1,,1,
task_asset_vqa_v2:Prevention_2:gpt:json_only,Prevention_2,gpt,json_only,Prevention_2:blue_count,count_color,C,C,1,1,,1,
task_asset_vqa_v2:Prevention_2:gpt:json_only,Prevention_2,gpt,json_only,Prevention_2:colored_count,count_color,F,F,1,1,,1,
task_asset_vqa_v2:Prevention_2:gpt:json_only,Prevention_2,gpt,json_only,Prevention_2:movable_count,movability,A,A,1,1,,1,
task_asset_vqa_v2:Prevention_2:gpt:json_only,Prevention_2,gpt,json_only,Prevention_2:horizontal_relation,relative_position,B,B,1,1,,1,
task_asset_vqa_v2:Prevention_2:gpt:json_only,Prevention_2,gpt,json_only,Prevention_2:vertical_relation,relative_position,C,C,1,1,,1,
task_asset_vqa_v2:Prevention_2:gpt:json_only,Prevention_2,gpt,json_only,Prevention_2:red_quadrant,coarse_location,D,D,1,1,,1,
task_asset_vqa_v2:Prevention_2:gpt:json_only,Prevention_2,gpt,json_only,Prevention_2:goal_quadrant,coarse_location,A,A,1,1,,1,
task_asset_vqa_v2:Prevention_2:gpt:json_only,Prevention_2,gpt,json_only,Prevention_2:containment,containment,B,B,1,1,,1,
task_asset_vqa_v2:Prevention_2:gpt:json_only,Prevention_2,gpt,json_only,Prevention_2:movable_object_relation,movable_object_relation,B,A,0,1,,1,
task_asset_vqa_v2:Prevention_2:gpt:image_only,Prevention_2,gpt,image_only,Prevention_2:red_shape,shape,A,A,1,1,,1,
task_asset_vqa_v2:Prevention_2:gpt:image_only,Prevention_2,gpt,image_only,Prevention_2:goal_shape,shape,C,B,0,1,,1,
task_asset_vqa_v2:Prevention_2:gpt:image_only,Prevention_2,gpt,image_only,Prevention_2:blue_count,count_color,C,C,1,1,,1,
task_asset_vqa_v2:Prevention_2:gpt:image_only,Prevention_2,gpt,image_only,Prevention_2:colored_count,count_color,F,F,1,1,,1,
task_asset_vqa_v2:Prevention_2:gpt:image_only,Prevention_2,gpt,image_only,Prevention_2:movable_count,movability,A,A,1,1,,1,
task_asset_vqa_v2:Prevention_2:gpt:image_only,Prevention_2,gpt,image_only,Prevention_2:horizontal_relation,relative_position,B,B,1,1,,1,
task_asset_vqa_v2:Prevention_2:gpt:image_only,Prevention_2,gpt,image_only,Prevention_2:vertical_relation,relative_position,C,C,1,1,,1,
task_asset_vqa_v2:Prevention_2:gpt:image_only,Prevention_2,gpt,image_only,Prevention_2:red_quadrant,coarse_location,D,D,1,1,,1,
task_asset_vqa_v2:Prevention_2:gpt:image_only,Prevention_2,gpt,image_only,Prevention_2:goal_quadrant,coarse_location,A,A,1,1,,1,
task_asset_vqa_v2:Prevention_2:gpt:image_only,Prevention_2,gpt,image_only,Prevention_2:containment,containment,B,B,1,1,,1,
task_asset_vqa_v2:Prevention_2:gpt:image_only,Prevention_2,gpt,image_only,Prevention_2:movable_object_relation,movable_object_relation,B,A,0,1,,1,
task_asset_vqa_v2:Prevention_3:gpt:json_only,Prevention_3,gpt,json_only,Prevention_3:red_shape,shape,D,D,1,1,,1,
task_asset_vqa_v2:Prevention_3:gpt:json_only,Prevention_3,gpt,json_only,Prevention_3:goal_shape,shape,A,A,1,1,,1,
task_asset_vqa_v2:Prevention_3:gpt:json_only,Prevention_3,gpt,json_only,Prevention_3:blue_count,count_color,B,B,1,1,,1,
task_asset_vqa_v2:Prevention_3:gpt:json_only,Prevention_3,gpt,json_only,Prevention_3:colored_count,count_color,E,E,1,1,,1,
task_asset_vqa_v2:Prevention_3:gpt:json_only,Prevention_3,gpt,json_only,Prevention_3:movable_count,movability,F,F,1,1,,1,
task_asset_vqa_v2:Prevention_3:gpt:json_only,Prevention_3,gpt,json_only,Prevention_3:horizontal_relation,relative_position,A,A,1,1,,1,
task_asset_vqa_v2:Prevention_3:gpt:json_only,Prevention_3,gpt,json_only,Prevention_3:vertical_relation,relative_position,B,B,1,1,,1,
task_asset_vqa_v2:Prevention_3:gpt:json_only,Prevention_3,gpt,json_only,Prevention_3:red_quadrant,coarse_location,C,C,1,1,,1,
task_asset_vqa_v2:Prevention_3:gpt:json_only,Prevention_3,gpt,json_only,Prevention_3:goal_quadrant,coarse_location,D,D,1,1,,1,
task_asset_vqa_v2:Prevention_3:gpt:json_only,Prevention_3,gpt,json_only,Prevention_3:containment,containment,A,A,1,1,,1,
task_asset_vqa_v2:Prevention_3:gpt:json_only,Prevention_3,gpt,json_only,Prevention_3:movable_object_relation,movable_object_relation,C,C,1,1,,1,
task_asset_vqa_v2:Prevention_3:gpt:image_only,Prevention_3,gpt,image_only,Prevention_3:red_shape,shape,D,D,1,1,,1,
task_asset_vqa_v2:Prevention_3:gpt:image_only,Prevention_3,gpt,image_only,Prevention_3:goal_shape,shape,D,A,0,1,,1,
task_asset_vqa_v2:Prevention_3:gpt:image_only,Prevention_3,gpt,image_only,Prevention_3:blue_count,count_color,B,B,1,1,,1,
task_asset_vqa_v2:Prevention_3:gpt:image_only,Prevention_3,gpt,image_only,Prevention_3:colored_count,count_color,E,E,1,1,,1,
task_asset_vqa_v2:Prevention_3:gpt:image_only,Prevention_3,gpt,image_only,Prevention_3:movable_count,movability,F,F,1,1,,1,
task_asset_vqa_v2:Prevention_3:gpt:image_only,Prevention_3,gpt,image_only,Prevention_3:horizontal_relation,relative_position,B,A,0,1,,1,
task_asset_vqa_v2:Prevention_3:gpt:image_only,Prevention_3,gpt,image_only,Prevention_3:vertical_relation,relative_position,B,B,1,1,,1,
task_asset_vqa_v2:Prevention_3:gpt:image_only,Prevention_3,gpt,image_only,Prevention_3:red_quadrant,coarse_location,C,C,1,1,,1,
task_asset_vqa_v2:Prevention_3:gpt:image_only,Prevention_3,gpt,image_only,Prevention_3:goal_quadrant,coarse_location,D,D,1,1,,1,
task_asset_vqa_v2:Prevention_3:gpt:image_only,Prevention_3,gpt,image_only,Prevention_3:containment,containment,A,A,1,1,,1,
task_asset_vqa_v2:Prevention_3:gpt:image_only,Prevention_3,gpt,image_only,Prevention_3:movable_object_relation,movable_object_relation,C,C,1,1,,1,
task_asset_vqa_v2:Prevention_10:gpt:image_only,Prevention_10,gpt,image_only,Prevention_10:red_shape,shape,B,B,1,1,,1,
task_asset_vqa_v2:Prevention_10:gpt:image_only,Prevention_10,gpt,image_only,Prevention_10:goal_shape,shape,A,C,0,1,,1,
task_asset_vqa_v2:Prevention_10:gpt:image_only,Prevention_10,gpt,image_only,Prevention_10:blue_count,count_color,D,D,1,1,,1,
task_asset_vqa_v2:Prevention_10:gpt:image_only,Prevention_10,gpt,image_only,Prevention_10:colored_count,count_color,A,A,1,1,,1,
task_asset_vqa_v2:Prevention_10:gpt:image_only,Prevention_10,gpt,image_only,Prevention_10:movable_count,movability,B,B,1,1,,1,
task_asset_vqa_v2:Prevention_10:gpt:image_only,Prevention_10,gpt,image_only,Prevention_10:horizontal_relation,relative_position,C,C,1,1,,1,
task_asset_vqa_v2:Prevention_10:gpt:image_only,Prevention_10,gpt,image_only,Prevention_10:vertical_relation,relative_position,A,A,1,1,,1,
task_asset_vqa_v2:Prevention_10:gpt:image_only,Prevention_10,gpt,image_only,Prevention_10:red_quadrant,coarse_location,B,A,0,0,within_60px_of_x_or_y_divider,1,
task_asset_vqa_v2:Prevention_10:gpt:image_only,Prevention_10,gpt,image_only,Prevention_10:goal_quadrant,coarse_location,B,B,1,1,,1,
task_asset_vqa_v2:Prevention_10:gpt:image_only,Prevention_10,gpt,image_only,Prevention_10:containment,containment,A,A,1,1,,1,
task_asset_vqa_v2:Prevention_10:gpt:image_only,Prevention_10,gpt,image_only,Prevention_10:movable_object_relation,movable_object_relation,B,B,1,1,,1,
task_asset_vqa_v2:Prevention_5:gpt:json_only,Prevention_5,gpt,json_only,Prevention_5:red_shape,shape,B,B,1,1,,1,
task_asset_vqa_v2:Prevention_5:gpt:json_only,Prevention_5,gpt,json_only,Prevention_5:goal_shape,shape,C,C,1,1,,1,
task_asset_vqa_v2:Prevention_5:gpt:json_only,Prevention_5,gpt,json_only,Prevention_5:blue_count,count_color,D,D,1,1,,1,
task_asset_vqa_v2:Prevention_5:gpt:json_only,Prevention_5,gpt,json_only,Prevention_5:colored_count,count_color,C,C,1,1,,1,
task_asset_vqa_v2:Prevention_5:gpt:json_only,Prevention_5,gpt,json_only,Prevention_5:movable_count,movability,D,D,1,1,,1,
task_asset_vqa_v2:Prevention_5:gpt:json_only,Prevention_5,gpt,json_only,Prevention_5:horizontal_relation,relative_position,A,B,0,1,,1,
task_asset_vqa_v2:Prevention_5:gpt:json_only,Prevention_5,gpt,json_only,Prevention_5:vertical_relation,relative_position,C,C,1,1,,1,
task_asset_vqa_v2:Prevention_5:gpt:json_only,Prevention_5,gpt,json_only,Prevention_5:red_quadrant,coarse_location,A,A,1,1,,1,
task_asset_vqa_v2:Prevention_5:gpt:json_only,Prevention_5,gpt,json_only,Prevention_5:goal_quadrant,coarse_location,B,B,1,1,,1,
task_asset_vqa_v2:Prevention_5:gpt:json_only,Prevention_5,gpt,json_only,Prevention_5:containment,containment,A,A,1,1,,1,
task_asset_vqa_v2:Prevention_5:gpt:json_only,Prevention_5,gpt,json_only,Prevention_5:movable_object_relation,movable_object_relation,A,A,1,1,,1,
task_asset_vqa_v2:Prevention_7:gpt:json_only,Prevention_7,gpt,json_only,Prevention_7:red_shape,shape,A,A,1,1,,1,
task_asset_vqa_v2:Prevention_7:gpt:json_only,Prevention_7,gpt,json_only,Prevention_7:goal_shape,shape,B,B,1,1,,1,
task_asset_vqa_v2:Prevention_7:gpt:json_only,Prevention_7,gpt,json_only,Prevention_7:blue_count,count_color,C,C,1,1,,1,
task_asset_vqa_v2:Prevention_7:gpt:json_only,Prevention_7,gpt,json_only,Prevention_7:colored_count,count_color,B,B,1,1,,1,
task_asset_vqa_v2:Prevention_7:gpt:json_only,Prevention_7,gpt,json_only,Prevention_7:movable_count,movability,C,C,1,1,,1,
task_asset_vqa_v2:Prevention_7:gpt:json_only,Prevention_7,gpt,json_only,Prevention_7:horizontal_relation,relative_position,A,A,1,1,,1,
task_asset_vqa_v2:Prevention_7:gpt:json_only,Prevention_7,gpt,json_only,Prevention_7:vertical_relation,relative_position,B,B,1,1,,1,
task_asset_vqa_v2:Prevention_7:gpt:json_only,Prevention_7,gpt,json_only,Prevention_7:red_quadrant,coarse_location,D,D,1,0,within_60px_of_x_or_y_divider,1,
task_asset_vqa_v2:Prevention_7:gpt:json_only,Prevention_7,gpt,json_only,Prevention_7:goal_quadrant,coarse_location,A,A,1,1,,1,
task_asset_vqa_v2:Prevention_7:gpt:json_only,Prevention_7,gpt,json_only,Prevention_7:containment,containment,B,B,1,1,,1,
task_asset_vqa_v2:Prevention_7:gpt:json_only,Prevention_7,gpt,json_only,Prevention_7:movable_object_relation,movable_object_relation,C,C,1,1,,1,
task_asset_vqa_v2:Prevention_8:gpt:image_only,Prevention_8,gpt,image_only,Prevention_8:red_shape,shape,D,D,1,1,,1,
task_asset_vqa_v2:Prevention_8:gpt:image_only,Prevention_8,gpt,image_only,Prevention_8:goal_shape,shape,D,A,0,1,,1,
task_asset_vqa_v2:Prevention_8:gpt:image_only,Prevention_8,gpt,image_only,Prevention_8:blue_count,count_color,B,B,1,1,,1,
task_asset_vqa_v2:Prevention_8:gpt:image_only,Prevention_8,gpt,image_only,Prevention_8:colored_count,count_color,A,A,1,1,,1,
task_asset_vqa_v2:Prevention_8:gpt:image_only,Prevention_8,gpt,image_only,Prevention_8:movable_count,movability,B,B,1,1,,1,
task_asset_vqa_v2:Prevention_8:gpt:image_only,Prevention_8,gpt,image_only,Prevention_8:horizontal_relation,relative_position,C,C,1,1,,1,
task_asset_vqa_v2:Prevention_8:gpt:image_only,Prevention_8,gpt,image_only,Prevention_8:vertical_relation,relative_position,A,A,1,1,,1,
task_asset_vqa_v2:Prevention_8:gpt:image_only,Prevention_8,gpt,image_only,Prevention_8:red_quadrant,coarse_location,C,C,1,1,,1,
task_asset_vqa_v2:Prevention_8:gpt:image_only,Prevention_8,gpt,image_only,Prevention_8:goal_quadrant,coarse_location,D,D,1,1,,1,
task_asset_vqa_v2:Prevention_8:gpt:image_only,Prevention_8,gpt,image_only,Prevention_8:containment,containment,A,A,1,1,,1,
task_asset_vqa_v2:Prevention_8:gpt:image_only,Prevention_8,gpt,image_only,Prevention_8:movable_object_relation,movable_object_relation,B,B,1,1,,1,
task_asset_vqa_v2:Prevention_8:gpt:json_only,Prevention_8,gpt,json_only,Prevention_8:red_shape,shape,D,D,1,1,,1,
task_asset_vqa_v2:Prevention_8:gpt:json_only,Prevention_8,gpt,json_only,Prevention_8:goal_shape,shape,A,A,1,1,,1,
task_asset_vqa_v2:Prevention_8:gpt:json_only,Prevention_8,gpt,json_only,Prevention_8:blue_count,count_color,B,B,1,1,,1,
task_asset_vqa_v2:Prevention_8:gpt:json_only,Prevention_8,gpt,json_only,Prevention_8:colored_count,count_color,A,A,1,1,,1,
task_asset_vqa_v2:Prevention_8:gpt:json_only,Prevention_8,gpt,json_only,Prevention_8:movable_count,movability,B,B,1,1,,1,
task_asset_vqa_v2:Prevention_8:gpt:json_only,Prevention_8,gpt,json_only,Prevention_8:horizontal_relation,relative_position,C,C,1,1,,1,
task_asset_vqa_v2:Prevention_8:gpt:json_only,Prevention_8,gpt,json_only,Prevention_8:vertical_relation,relative_position,A,A,1,1,,1,
task_asset_vqa_v2:Prevention_8:gpt:json_only,Prevention_8,gpt,json_only,Prevention_8:red_quadrant,coarse_location,C,C,1,1,,1,
task_asset_vqa_v2:Prevention_8:gpt:json_only,Prevention_8,gpt,json_only,Prevention_8:goal_quadrant,coarse_location,D,D,1,1,,1,
task_asset_vqa_v2:Prevention_8:gpt:json_only,Prevention_8,gpt,json_only,Prevention_8:containment,containment,A,A,1,1,,1,
task_asset_vqa_v2:Prevention_8:gpt:json_only,Prevention_8,gpt,json_only,Prevention_8:movable_object_relation,movable_object_relation,B,B,1,1,,1,
task_asset_vqa_v2:Remove_1:gpt:image_only,Remove_1,gpt,image_only,Remove_1:red_shape,shape,C,C,1,1,,1,
task_asset_vqa_v2:Remove_1:gpt:image_only,Remove_1,gpt,image_only,Remove_1:goal_shape,shape,D,D,1,1,,1,
task_asset_vqa_v2:Remove_1:gpt:image_only,Remove_1,gpt,image_only,Remove_1:blue_count,count_color,A,A,1,1,,1,
task_asset_vqa_v2:Remove_1:gpt:image_only,Remove_1,gpt,image_only,Remove_1:colored_count,count_color,F,F,1,1,,1,
task_asset_vqa_v2:Remove_1:gpt:image_only,Remove_1,gpt,image_only,Remove_1:movable_count,movability,A,A,1,1,,1,
task_asset_vqa_v2:Remove_1:gpt:image_only,Remove_1,gpt,image_only,Remove_1:horizontal_relation,relative_position,B,B,1,1,,1,
task_asset_vqa_v2:Remove_1:gpt:image_only,Remove_1,gpt,image_only,Remove_1:vertical_relation,relative_position,C,C,1,1,,1,
task_asset_vqa_v2:Remove_1:gpt:image_only,Remove_1,gpt,image_only,Remove_1:red_quadrant,coarse_location,B,B,1,1,,1,
task_asset_vqa_v2:Remove_1:gpt:image_only,Remove_1,gpt,image_only,Remove_1:goal_quadrant,coarse_location,C,C,1,1,,1,
task_asset_vqa_v2:Remove_1:gpt:image_only,Remove_1,gpt,image_only,Remove_1:containment,containment,B,B,1,1,,1,
task_asset_vqa_v2:Remove_1:gpt:image_only,Remove_1,gpt,image_only,Remove_1:movable_object_relation,movable_object_relation,A,A,1,1,,1,
task_asset_vqa_v2:Prevention_5:gpt:image_only,Prevention_5,gpt,image_only,Prevention_5:red_shape,shape,B,B,1,1,,1,
task_asset_vqa_v2:Prevention_5:gpt:image_only,Prevention_5,gpt,image_only,Prevention_5:goal_shape,shape,A,C,0,1,,1,
task_asset_vqa_v2:Prevention_5:gpt:image_only,Prevention_5,gpt,image_only,Prevention_5:blue_count,count_color,D,D,1,1,,1,
task_asset_vqa_v2:Prevention_5:gpt:image_only,Prevention_5,gpt,image_only,Prevention_5:colored_count,count_color,C,C,1,1,,1,
task_asset_vqa_v2:Prevention_5:gpt:image_only,Prevention_5,gpt,image_only,Prevention_5:movable_count,movability,D,D,1,1,,1,
task_asset_vqa_v2:Prevention_5:gpt:image_only,Prevention_5,gpt,image_only,Prevention_5:horizontal_relation,relative_position,A,B,0,1,,1,
task_asset_vqa_v2:Prevention_5:gpt:image_only,Prevention_5,gpt,image_only,Prevention_5:vertical_relation,relative_position,C,C,1,1,,1,
task_asset_vqa_v2:Prevention_5:gpt:image_only,Prevention_5,gpt,image_only,Prevention_5:red_quadrant,coarse_location,A,A,1,1,,1,
task_asset_vqa_v2:Prevention_5:gpt:image_only,Prevention_5,gpt,image_only,Prevention_5:goal_quadrant,coarse_location,B,B,1,1,,1,
task_asset_vqa_v2:Prevention_5:gpt:image_only,Prevention_5,gpt,image_only,Prevention_5:containment,containment,A,A,1,1,,1,
task_asset_vqa_v2:Prevention_5:gpt:image_only,Prevention_5,gpt,image_only,Prevention_5:movable_object_relation,movable_object_relation,A,A,1,1,,1,
task_asset_vqa_v2:Remove_1:gpt:json_only,Remove_1,gpt,json_only,Remove_1:red_shape,shape,C,C,1,1,,1,
task_asset_vqa_v2:Remove_1:gpt:json_only,Remove_1,gpt,json_only,Remove_1:goal_shape,shape,D,D,1,1,,1,
task_asset_vqa_v2:Remove_1:gpt:json_only,Remove_1,gpt,json_only,Remove_1:blue_count,count_color,A,A,1,1,,1,
task_asset_vqa_v2:Remove_1:gpt:json_only,Remove_1,gpt,json_only,Remove_1:colored_count,count_color,F,F,1,1,,1,
task_asset_vqa_v2:Remove_1:gpt:json_only,Remove_1,gpt,json_only,Remove_1:movable_count,movability,A,A,1,1,,1,
task_asset_vqa_v2:Remove_1:gpt:json_only,Remove_1,gpt,json_only,Remove_1:horizontal_relation,relative_position,B,B,1,1,,1,
task_asset_vqa_v2:Remove_1:gpt:json_only,Remove_1,gpt,json_only,Remove_1:vertical_relation,relative_position,C,C,1,1,,1,
task_asset_vqa_v2:Remove_1:gpt:json_only,Remove_1,gpt,json_only,Remove_1:red_quadrant,coarse_location,B,B,1,1,,1,
task_asset_vqa_v2:Remove_1:gpt:json_only,Remove_1,gpt,json_only,Remove_1:goal_quadrant,coarse_location,C,C,1,1,,1,
task_asset_vqa_v2:Remove_1:gpt:json_only,Remove_1,gpt,json_only,Remove_1:containment,containment,B,B,1,1,,1,
task_asset_vqa_v2:Remove_1:gpt:json_only,Remove_1,gpt,json_only,Remove_1:movable_object_relation,movable_object_relation,A,A,1,1,,1,
task_asset_vqa_v2:Remove_10:gpt:json_only,Remove_10,gpt,json_only,Remove_10:red_shape,shape,B,B,1,1,,1,
task_asset_vqa_v2:Remove_10:gpt:json_only,Remove_10,gpt,json_only,Remove_10:goal_shape,shape,C,C,1,1,,1,
task_asset_vqa_v2:Remove_10:gpt:json_only,Remove_10,gpt,json_only,Remove_10:blue_count,count_color,D,D,1,1,,1,
task_asset_vqa_v2:Remove_10:gpt:json_only,Remove_10,gpt,json_only,Remove_10:colored_count,count_color,E,E,1,1,,1,
task_asset_vqa_v2:Remove_10:gpt:json_only,Remove_10,gpt,json_only,Remove_10:movable_count,movability,F,F,1,1,,1,
task_asset_vqa_v2:Remove_10:gpt:json_only,Remove_10,gpt,json_only,Remove_10:horizontal_relation,relative_position,A,A,1,1,,1,
task_asset_vqa_v2:Remove_10:gpt:json_only,Remove_10,gpt,json_only,Remove_10:vertical_relation,relative_position,B,B,1,1,,1,
task_asset_vqa_v2:Remove_10:gpt:json_only,Remove_10,gpt,json_only,Remove_10:red_quadrant,coarse_location,A,A,1,0,within_60px_of_x_or_y_divider,1,
task_asset_vqa_v2:Remove_10:gpt:json_only,Remove_10,gpt,json_only,Remove_10:goal_quadrant,coarse_location,B,B,1,0,within_60px_of_x_or_y_divider,1,
task_asset_vqa_v2:Remove_10:gpt:json_only,Remove_10,gpt,json_only,Remove_10:containment,containment,A,A,1,1,,1,
task_asset_vqa_v2:Remove_10:gpt:json_only,Remove_10,gpt,json_only,Remove_10:movable_object_relation,movable_object_relation,C,C,1,1,,1,
task_asset_vqa_v2:Remove_2:gpt:image_only,Remove_2,gpt,image_only,Remove_2:red_shape,shape,A,A,1,1,,1,
task_asset_vqa_v2:Remove_2:gpt:image_only,Remove_2,gpt,image_only,Remove_2:goal_shape,shape,B,B,1,1,,1,
task_asset_vqa_v2:Remove_2:gpt:image_only,Remove_2,gpt,image_only,Remove_2:blue_count,count_color,C,C,1,1,,1,
task_asset_vqa_v2:Remove_2:gpt:image_only,Remove_2,gpt,image_only,Remove_2:colored_count,count_color,D,D,1,1,,1,
task_asset_vqa_v2:Remove_2:gpt:image_only,Remove_2,gpt,image_only,Remove_2:movable_count,movability,E,E,1,1,,1,
task_asset_vqa_v2:Remove_2:gpt:image_only,Remove_2,gpt,image_only,Remove_2:horizontal_relation,relative_position,C,C,1,1,,1,
task_asset_vqa_v2:Remove_2:gpt:image_only,Remove_2,gpt,image_only,Remove_2:vertical_relation,relative_position,A,A,1,1,,1,
task_asset_vqa_v2:Remove_2:gpt:image_only,Remove_2,gpt,image_only,Remove_2:red_quadrant,coarse_location,D,D,1,1,,1,
task_asset_vqa_v2:Remove_2:gpt:image_only,Remove_2,gpt,image_only,Remove_2:goal_quadrant,coarse_location,A,A,1,1,,1,
task_asset_vqa_v2:Remove_2:gpt:image_only,Remove_2,gpt,image_only,Remove_2:containment,containment,B,B,1,1,,1,
task_asset_vqa_v2:Remove_2:gpt:image_only,Remove_2,gpt,image_only,Remove_2:movable_object_relation,movable_object_relation,B,B,1,1,,1,
task_asset_vqa_v2:Remove_2:gpt:json_only,Remove_2,gpt,json_only,Remove_2:red_shape,shape,A,A,1,1,,1,
task_asset_vqa_v2:Remove_2:gpt:json_only,Remove_2,gpt,json_only,Remove_2:goal_shape,shape,B,B,1,1,,1,
task_asset_vqa_v2:Remove_2:gpt:json_only,Remove_2,gpt,json_only,Remove_2:blue_count,count_color,C,C,1,1,,1,
task_asset_vqa_v2:Remove_2:gpt:json_only,Remove_2,gpt,json_only,Remove_2:colored_count,count_color,D,D,1,1,,1,
task_asset_vqa_v2:Remove_2:gpt:json_only,Remove_2,gpt,json_only,Remove_2:movable_count,movability,E,E,1,1,,1,
task_asset_vqa_v2:Remove_2:gpt:json_only,Remove_2,gpt,json_only,Remove_2:horizontal_relation,relative_position,C,C,1,1,,1,
task_asset_vqa_v2:Remove_2:gpt:json_only,Remove_2,gpt,json_only,Remove_2:vertical_relation,relative_position,A,A,1,1,,1,
task_asset_vqa_v2:Remove_2:gpt:json_only,Remove_2,gpt,json_only,Remove_2:red_quadrant,coarse_location,D,D,1,1,,1,
task_asset_vqa_v2:Remove_2:gpt:json_only,Remove_2,gpt,json_only,Remove_2:goal_quadrant,coarse_location,A,A,1,1,,1,
task_asset_vqa_v2:Remove_2:gpt:json_only,Remove_2,gpt,json_only,Remove_2:containment,containment,B,B,1,1,,1,
task_asset_vqa_v2:Remove_2:gpt:json_only,Remove_2,gpt,json_only,Remove_2:movable_object_relation,movable_object_relation,B,B,1,1,,1,
task_asset_vqa_v2:Prevention_7:gpt:image_only,Prevention_7,gpt,image_only,Prevention_7:red_shape,shape,A,A,1,1,,1,
task_asset_vqa_v2:Prevention_7:gpt:image_only,Prevention_7,gpt,image_only,Prevention_7:goal_shape,shape,C,B,0,1,,1,
task_asset_vqa_v2:Prevention_7:gpt:image_only,Prevention_7,gpt,image_only,Prevention_7:blue_count,count_color,C,C,1,1,,1,
task_asset_vqa_v2:Prevention_7:gpt:image_only,Prevention_7,gpt,image_only,Prevention_7:colored_count,count_color,B,B,1,1,,1,
task_asset_vqa_v2:Prevention_7:gpt:image_only,Prevention_7,gpt,image_only,Prevention_7:movable_count,movability,C,C,1,1,,1,
task_asset_vqa_v2:Prevention_7:gpt:image_only,Prevention_7,gpt,image_only,Prevention_7:horizontal_relation,relative_position,A,A,1,1,,1,
task_asset_vqa_v2:Prevention_7:gpt:image_only,Prevention_7,gpt,image_only,Prevention_7:vertical_relation,relative_position,B,B,1,1,,1,
task_asset_vqa_v2:Prevention_7:gpt:image_only,Prevention_7,gpt,image_only,Prevention_7:red_quadrant,coarse_location,D,D,1,0,within_60px_of_x_or_y_divider,1,
task_asset_vqa_v2:Prevention_7:gpt:image_only,Prevention_7,gpt,image_only,Prevention_7:goal_quadrant,coarse_location,A,A,1,1,,1,
task_asset_vqa_v2:Prevention_7:gpt:image_only,Prevention_7,gpt,image_only,Prevention_7:containment,containment,B,B,1,1,,1,
task_asset_vqa_v2:Prevention_7:gpt:image_only,Prevention_7,gpt,image_only,Prevention_7:movable_object_relation,movable_object_relation,C,C,1,1,,1,
task_asset_vqa_v2:Remove_5:gpt:image_only,Remove_5,gpt,image_only,Remove_5:red_shape,shape,D,D,1,1,,1,
task_asset_vqa_v2:Remove_5:gpt:image_only,Remove_5,gpt,image_only,Remove_5:goal_shape,shape,A,A,1,1,,1,
task_asset_vqa_v2:Remove_5:gpt:image_only,Remove_5,gpt,image_only,Remove_5:blue_count,count_color,B,B,1,1,,1,
task_asset_vqa_v2:Remove_5:gpt:image_only,Remove_5,gpt,image_only,Remove_5:colored_count,count_color,C,C,1,1,,1,
task_asset_vqa_v2:Remove_5:gpt:image_only,Remove_5,gpt,image_only,Remove_5:movable_count,movability,D,D,1,1,,1,
task_asset_vqa_v2:Remove_5:gpt:image_only,Remove_5,gpt,image_only,Remove_5:horizontal_relation,relative_position,B,B,1,1,,1,
task_asset_vqa_v2:Remove_5:gpt:image_only,Remove_5,gpt,image_only,Remove_5:vertical_relation,relative_position,C,C,1,1,,1,
task_asset_vqa_v2:Remove_5:gpt:image_only,Remove_5,gpt,image_only,Remove_5:red_quadrant,coarse_location,C,C,1,1,,1,
task_asset_vqa_v2:Remove_5:gpt:image_only,Remove_5,gpt,image_only,Remove_5:goal_quadrant,coarse_location,C,D,0,0,within_60px_of_x_or_y_divider,1,
task_asset_vqa_v2:Remove_5:gpt:image_only,Remove_5,gpt,image_only,Remove_5:containment,containment,A,A,1,1,,1,
task_asset_vqa_v2:Remove_5:gpt:image_only,Remove_5,gpt,image_only,Remove_5:movable_object_relation,movable_object_relation,A,A,1,1,,1,
task_asset_vqa_v2:Remove_10:gpt:image_only,Remove_10,gpt,image_only,Remove_10:red_shape,shape,B,B,1,1,,1,
task_asset_vqa_v2:Remove_10:gpt:image_only,Remove_10,gpt,image_only,Remove_10:goal_shape,shape,C,C,1,1,,1,
task_asset_vqa_v2:Remove_10:gpt:image_only,Remove_10,gpt,image_only,Remove_10:blue_count,count_color,D,D,1,1,,1,
task_asset_vqa_v2:Remove_10:gpt:image_only,Remove_10,gpt,image_only,Remove_10:colored_count,count_color,E,E,1,1,,1,
task_asset_vqa_v2:Remove_10:gpt:image_only,Remove_10,gpt,image_only,Remove_10:movable_count,movability,F,F,1,1,,1,
task_asset_vqa_v2:Remove_10:gpt:image_only,Remove_10,gpt,image_only,Remove_10:horizontal_relation,relative_position,A,A,1,1,,1,
task_asset_vqa_v2:Remove_10:gpt:image_only,Remove_10,gpt,image_only,Remove_10:vertical_relation,relative_position,B,B,1,1,,1,
task_asset_vqa_v2:Remove_10:gpt:image_only,Remove_10,gpt,image_only,Remove_10:red_quadrant,coarse_location,B,A,0,0,within_60px_of_x_or_y_divider,1,
task_asset_vqa_v2:Remove_10:gpt:image_only,Remove_10,gpt,image_only,Remove_10:goal_quadrant,coarse_location,C,B,0,0,within_60px_of_x_or_y_divider,1,
task_asset_vqa_v2:Remove_10:gpt:image_only,Remove_10,gpt,image_only,Remove_10:containment,containment,A,A,1,1,,1,
task_asset_vqa_v2:Remove_10:gpt:image_only,Remove_10,gpt,image_only,Remove_10:movable_object_relation,movable_object_relation,C,C,1,1,,1,
task_asset_vqa_v2:Remove_6:gpt:image_only,Remove_6,gpt,image_only,Remove_6:red_shape,shape,C,C,1,1,,1,
task_asset_vqa_v2:Remove_6:gpt:image_only,Remove_6,gpt,image_only,Remove_6:goal_shape,shape,D,D,1,1,,1,
task_asset_vqa_v2:Remove_6:gpt:image_only,Remove_6,gpt,image_only,Remove_6:blue_count,count_color,A,A,1,1,,1,
task_asset_vqa_v2:Remove_6:gpt:image_only,Remove_6,gpt,image_only,Remove_6:colored_count,count_color,B,B,1,1,,1,
task_asset_vqa_v2:Remove_6:gpt:image_only,Remove_6,gpt,image_only,Remove_6:movable_count,movability,C,C,1,1,,1,
task_asset_vqa_v2:Remove_6:gpt:image_only,Remove_6,gpt,image_only,Remove_6:horizontal_relation,relative_position,A,A,1,1,,1,
task_asset_vqa_v2:Remove_6:gpt:image_only,Remove_6,gpt,image_only,Remove_6:vertical_relation,relative_position,B,B,1,1,,1,
task_asset_vqa_v2:Remove_6:gpt:image_only,Remove_6,gpt,image_only,Remove_6:red_quadrant,coarse_location,B,B,1,1,,1,
task_asset_vqa_v2:Remove_6:gpt:image_only,Remove_6,gpt,image_only,Remove_6:goal_quadrant,coarse_location,D,C,0,0,within_60px_of_x_or_y_divider,1,
task_asset_vqa_v2:Remove_6:gpt:image_only,Remove_6,gpt,image_only,Remove_6:containment,containment,B,B,1,1,,1,
task_asset_vqa_v2:Remove_6:gpt:image_only,Remove_6,gpt,image_only,Remove_6:movable_object_relation,movable_object_relation,C,C,1,1,,1,
task_asset_vqa_v2:Remove_5:gpt:json_only,Remove_5,gpt,json_only,Remove_5:red_shape,shape,D,D,1,1,,1,
task_asset_vqa_v2:Remove_5:gpt:json_only,Remove_5,gpt,json_only,Remove_5:goal_shape,shape,A,A,1,1,,1,
task_asset_vqa_v2:Remove_5:gpt:json_only,Remove_5,gpt,json_only,Remove_5:blue_count,count_color,B,B,1,1,,1,
task_asset_vqa_v2:Remove_5:gpt:json_only,Remove_5,gpt,json_only,Remove_5:colored_count,count_color,C,C,1,1,,1,
task_asset_vqa_v2:Remove_5:gpt:json_only,Remove_5,gpt,json_only,Remove_5:movable_count,movability,D,D,1,1,,1,
task_asset_vqa_v2:Remove_5:gpt:json_only,Remove_5,gpt,json_only,Remove_5:horizontal_relation,relative_position,B,B,1,1,,1,
task_asset_vqa_v2:Remove_5:gpt:json_only,Remove_5,gpt,json_only,Remove_5:vertical_relation,relative_position,C,C,1,1,,1,
task_asset_vqa_v2:Remove_5:gpt:json_only,Remove_5,gpt,json_only,Remove_5:red_quadrant,coarse_location,C,C,1,1,,1,
task_asset_vqa_v2:Remove_5:gpt:json_only,Remove_5,gpt,json_only,Remove_5:goal_quadrant,coarse_location,D,D,1,0,within_60px_of_x_or_y_divider,1,
task_asset_vqa_v2:Remove_5:gpt:json_only,Remove_5,gpt,json_only,Remove_5:containment,containment,A,A,1,1,,1,
task_asset_vqa_v2:Remove_5:gpt:json_only,Remove_5,gpt,json_only,Remove_5:movable_object_relation,movable_object_relation,A,A,1,1,,1,
task_asset_vqa_v2:Remove_6:gpt:json_only,Remove_6,gpt,json_only,Remove_6:red_shape,shape,C,C,1,1,,1,
task_asset_vqa_v2:Remove_6:gpt:json_only,Remove_6,gpt,json_only,Remove_6:goal_shape,shape,D,D,1,1,,1,
task_asset_vqa_v2:Remove_6:gpt:json_only,Remove_6,gpt,json_only,Remove_6:blue_count,count_color,A,A,1,1,,1,
task_asset_vqa_v2:Remove_6:gpt:json_only,Remove_6,gpt,json_only,Remove_6:colored_count,count_color,B,B,1,1,,1,
task_asset_vqa_v2:Remove_6:gpt:json_only,Remove_6,gpt,json_only,Remove_6:movable_count,movability,C,C,1,1,,1,
task_asset_vqa_v2:Remove_6:gpt:json_only,Remove_6,gpt,json_only,Remove_6:horizontal_relation,relative_position,A,A,1,1,,1,
task_asset_vqa_v2:Remove_6:gpt:json_only,Remove_6,gpt,json_only,Remove_6:vertical_relation,relative_position,B,B,1,1,,1,
task_asset_vqa_v2:Remove_6:gpt:json_only,Remove_6,gpt,json_only,Remove_6:red_quadrant,coarse_location,B,B,1,1,,1,
task_asset_vqa_v2:Remove_6:gpt:json_only,Remove_6,gpt,json_only,Remove_6:goal_quadrant,coarse_location,C,C,1,0,within_60px_of_x_or_y_divider,1,
task_asset_vqa_v2:Remove_6:gpt:json_only,Remove_6,gpt,json_only,Remove_6:containment,containment,B,B,1,1,,1,
task_asset_vqa_v2:Remove_6:gpt:json_only,Remove_6,gpt,json_only,Remove_6:movable_object_relation,movable_object_relation,C,C,1,1,,1,
task_asset_vqa_v2:Falling_6:gpt:json_only,Falling_6,gpt,json_only,Falling_6:red_shape,shape,C,C,1,1,,1,
task_asset_vqa_v2:Falling_6:gpt:json_only,Falling_6,gpt,json_only,Falling_6:goal_shape,shape,D,D,1,1,,1,
task_asset_vqa_v2:Falling_6:gpt:json_only,Falling_6,gpt,json_only,Falling_6:blue_count,count_color,A,A,1,1,,1,
task_asset_vqa_v2:Falling_6:gpt:json_only,Falling_6,gpt,json_only,Falling_6:colored_count,count_color,F,F,1,1,,1,
task_asset_vqa_v2:Falling_6:gpt:json_only,Falling_6,gpt,json_only,Falling_6:movable_count,movability,A,A,1,1,,1,
task_asset_vqa_v2:Falling_6:gpt:json_only,Falling_6,gpt,json_only,Falling_6:horizontal_relation,relative_position,B,B,1,1,,1,
task_asset_vqa_v2:Falling_6:gpt:json_only,Falling_6,gpt,json_only,Falling_6:vertical_relation,relative_position,C,C,1,1,,1,
task_asset_vqa_v2:Falling_6:gpt:json_only,Falling_6,gpt,json_only,Falling_6:red_quadrant,coarse_location,B,B,1,0,within_60px_of_x_or_y_divider,1,
task_asset_vqa_v2:Falling_6:gpt:json_only,Falling_6,gpt,json_only,Falling_6:goal_quadrant,coarse_location,C,C,1,1,,1,
task_asset_vqa_v2:Falling_6:gpt:json_only,Falling_6,gpt,json_only,Falling_6:containment,containment,B,B,1,1,,1,
task_asset_vqa_v2:Falling_6:gpt:json_only,Falling_6,gpt,json_only,Falling_6:movable_object_relation,movable_object_relation,A,A,1,1,,1,
task_asset_vqa_v2:Remove_7:gpt:json_only,Remove_7,gpt,json_only,Remove_7:red_shape,shape,B,B,1,1,,1,
task_asset_vqa_v2:Remove_7:gpt:json_only,Remove_7,gpt,json_only,Remove_7:goal_shape,shape,C,C,1,1,,1,
task_asset_vqa_v2:Remove_7:gpt:json_only,Remove_7,gpt,json_only,Remove_7:blue_count,count_color,D,D,1,1,,1,
task_asset_vqa_v2:Remove_7:gpt:json_only,Remove_7,gpt,json_only,Remove_7:colored_count,count_color,A,A,1,1,,1,
task_asset_vqa_v2:Remove_7:gpt:json_only,Remove_7,gpt,json_only,Remove_7:movable_count,movability,B,B,1,1,,1,
task_asset_vqa_v2:Remove_7:gpt:json_only,Remove_7,gpt,json_only,Remove_7:horizontal_relation,relative_position,C,C,1,1,,1,
task_asset_vqa_v2:Remove_7:gpt:json_only,Remove_7,gpt,json_only,Remove_7:vertical_relation,relative_position,A,A,1,1,,1,
task_asset_vqa_v2:Remove_7:gpt:json_only,Remove_7,gpt,json_only,Remove_7:red_quadrant,coarse_location,A,A,1,1,,1,
task_asset_vqa_v2:Remove_7:gpt:json_only,Remove_7,gpt,json_only,Remove_7:goal_quadrant,coarse_location,B,B,1,1,,1,
task_asset_vqa_v2:Remove_7:gpt:json_only,Remove_7,gpt,json_only,Remove_7:containment,containment,A,A,1,1,,1,
task_asset_vqa_v2:Remove_7:gpt:json_only,Remove_7,gpt,json_only,Remove_7:movable_object_relation,movable_object_relation,B,B,1,1,,1,
task_asset_vqa_v2:Remove_8:gpt:json_only,Remove_8,gpt,json_only,Remove_8:red_shape,shape,A,A,1,1,,1,
task_asset_vqa_v2:Remove_8:gpt:json_only,Remove_8,gpt,json_only,Remove_8:goal_shape,shape,B,B,1,1,,1,
task_asset_vqa_v2:Remove_8:gpt:json_only,Remove_8,gpt,json_only,Remove_8:blue_count,count_color,C,C,1,1,,1,
task_asset_vqa_v2:Remove_8:gpt:json_only,Remove_8,gpt,json_only,Remove_8:colored_count,count_color,F,F,1,1,,1,
task_asset_vqa_v2:Remove_8:gpt:json_only,Remove_8,gpt,json_only,Remove_8:movable_count,movability,A,A,1,1,,1,
task_asset_vqa_v2:Remove_8:gpt:json_only,Remove_8,gpt,json_only,Remove_8:horizontal_relation,relative_position,B,B,1,1,,1,
task_asset_vqa_v2:Remove_8:gpt:json_only,Remove_8,gpt,json_only,Remove_8:vertical_relation,relative_position,C,C,1,1,,1,
task_asset_vqa_v2:Remove_8:gpt:json_only,Remove_8,gpt,json_only,Remove_8:red_quadrant,coarse_location,D,D,1,0,within_60px_of_x_or_y_divider,1,
task_asset_vqa_v2:Remove_8:gpt:json_only,Remove_8,gpt,json_only,Remove_8:goal_quadrant,coarse_location,A,A,1,0,within_60px_of_x_or_y_divider,1,
task_asset_vqa_v2:Remove_8:gpt:json_only,Remove_8,gpt,json_only,Remove_8:containment,containment,B,B,1,1,,1,
task_asset_vqa_v2:Remove_8:gpt:json_only,Remove_8,gpt,json_only,Remove_8:movable_object_relation,movable_object_relation,A,A,1,1,,1,
task_asset_vqa_v2:Remove_7:gpt:image_only,Remove_7,gpt,image_only,Remove_7:red_shape,shape,B,B,1,1,,1,
task_asset_vqa_v2:Remove_7:gpt:image_only,Remove_7,gpt,image_only,Remove_7:goal_shape,shape,C,C,1,1,,1,
task_asset_vqa_v2:Remove_7:gpt:image_only,Remove_7,gpt,image_only,Remove_7:blue_count,count_color,D,D,1,1,,1,
task_asset_vqa_v2:Remove_7:gpt:image_only,Remove_7,gpt,image_only,Remove_7:colored_count,count_color,A,A,1,1,,1,
task_asset_vqa_v2:Remove_7:gpt:image_only,Remove_7,gpt,image_only,Remove_7:movable_count,movability,B,B,1,1,,1,
task_asset_vqa_v2:Remove_7:gpt:image_only,Remove_7,gpt,image_only,Remove_7:horizontal_relation,relative_position,C,C,1,1,,1,
task_asset_vqa_v2:Remove_7:gpt:image_only,Remove_7,gpt,image_only,Remove_7:vertical_relation,relative_position,A,A,1,1,,1,
task_asset_vqa_v2:Remove_7:gpt:image_only,Remove_7,gpt,image_only,Remove_7:red_quadrant,coarse_location,A,A,1,1,,1,
task_asset_vqa_v2:Remove_7:gpt:image_only,Remove_7,gpt,image_only,Remove_7:goal_quadrant,coarse_location,B,B,1,1,,1,
task_asset_vqa_v2:Remove_7:gpt:image_only,Remove_7,gpt,image_only,Remove_7:containment,containment,A,A,1,1,,1,
task_asset_vqa_v2:Remove_7:gpt:image_only,Remove_7,gpt,image_only,Remove_7:movable_object_relation,movable_object_relation,B,B,1,1,,1,
task_asset_vqa_v2:Remove_8:gpt:image_only,Remove_8,gpt,image_only,Remove_8:red_shape,shape,A,A,1,1,,1,
task_asset_vqa_v2:Remove_8:gpt:image_only,Remove_8,gpt,image_only,Remove_8:goal_shape,shape,B,B,1,1,,1,
task_asset_vqa_v2:Remove_8:gpt:image_only,Remove_8,gpt,image_only,Remove_8:blue_count,count_color,C,C,1,1,,1,
task_asset_vqa_v2:Remove_8:gpt:image_only,Remove_8,gpt,image_only,Remove_8:colored_count,count_color,F,F,1,1,,1,
task_asset_vqa_v2:Remove_8:gpt:image_only,Remove_8,gpt,image_only,Remove_8:movable_count,movability,A,A,1,1,,1,
task_asset_vqa_v2:Remove_8:gpt:image_only,Remove_8,gpt,image_only,Remove_8:horizontal_relation,relative_position,B,B,1,1,,1,
task_asset_vqa_v2:Remove_8:gpt:image_only,Remove_8,gpt,image_only,Remove_8:vertical_relation,relative_position,C,C,1,1,,1,
task_asset_vqa_v2:Remove_8:gpt:image_only,Remove_8,gpt,image_only,Remove_8:red_quadrant,coarse_location,D,D,1,0,within_60px_of_x_or_y_divider,1,
task_asset_vqa_v2:Remove_8:gpt:image_only,Remove_8,gpt,image_only,Remove_8:goal_quadrant,coarse_location,D,A,0,0,within_60px_of_x_or_y_divider,1,
task_asset_vqa_v2:Remove_8:gpt:image_only,Remove_8,gpt,image_only,Remove_8:containment,containment,B,B,1,1,,1,
task_asset_vqa_v2:Remove_8:gpt:image_only,Remove_8,gpt,image_only,Remove_8:movable_object_relation,movable_object_relation,A,A,1,1,,1,
task_asset_vqa_v2:Remove_9:gpt:image_only,Remove_9,gpt,image_only,Remove_9:red_shape,shape,D,D,1,1,,1,
task_asset_vqa_v2:Remove_9:gpt:image_only,Remove_9,gpt,image_only,Remove_9:goal_shape,shape,A,A,1,1,,1,
task_asset_vqa_v2:Remove_9:gpt:image_only,Remove_9,gpt,image_only,Remove_9:blue_count,count_color,B,B,1,1,,1,
task_asset_vqa_v2:Remove_9:gpt:image_only,Remove_9,gpt,image_only,Remove_9:colored_count,count_color,E,E,1,1,,1,
task_asset_vqa_v2:Remove_9:gpt:image_only,Remove_9,gpt,image_only,Remove_9:movable_count,movability,F,F,1,1,,1,
task_asset_vqa_v2:Remove_9:gpt:image_only,Remove_9,gpt,image_only,Remove_9:horizontal_relation,relative_position,A,A,1,1,,1,
task_asset_vqa_v2:Remove_9:gpt:image_only,Remove_9,gpt,image_only,Remove_9:vertical_relation,relative_position,B,B,1,1,,1,
task_asset_vqa_v2:Remove_9:gpt:image_only,Remove_9,gpt,image_only,Remove_9:red_quadrant,coarse_location,C,C,1,1,,1,
task_asset_vqa_v2:Remove_9:gpt:image_only,Remove_9,gpt,image_only,Remove_9:goal_quadrant,coarse_location,C,D,0,0,within_60px_of_x_or_y_divider,1,
task_asset_vqa_v2:Remove_9:gpt:image_only,Remove_9,gpt,image_only,Remove_9:containment,containment,A,A,1,1,,1,
task_asset_vqa_v2:Remove_9:gpt:image_only,Remove_9,gpt,image_only,Remove_9:movable_object_relation,movable_object_relation,A,C,0,1,,1,
task_asset_vqa_v2:Remove_9:gpt:json_only,Remove_9,gpt,json_only,Remove_9:red_shape,shape,D,D,1,1,,1,
task_asset_vqa_v2:Remove_9:gpt:json_only,Remove_9,gpt,json_only,Remove_9:goal_shape,shape,A,A,1,1,,1,
task_asset_vqa_v2:Remove_9:gpt:json_only,Remove_9,gpt,json_only,Remove_9:blue_count,count_color,B,B,1,1,,1,
task_asset_vqa_v2:Remove_9:gpt:json_only,Remove_9,gpt,json_only,Remove_9:colored_count,count_color,E,E,1,1,,1,
task_asset_vqa_v2:Remove_9:gpt:json_only,Remove_9,gpt,json_only,Remove_9:movable_count,movability,F,F,1,1,,1,
task_asset_vqa_v2:Remove_9:gpt:json_only,Remove_9,gpt,json_only,Remove_9:horizontal_relation,relative_position,A,A,1,1,,1,
task_asset_vqa_v2:Remove_9:gpt:json_only,Remove_9,gpt,json_only,Remove_9:vertical_relation,relative_position,B,B,1,1,,1,
task_asset_vqa_v2:Remove_9:gpt:json_only,Remove_9,gpt,json_only,Remove_9:red_quadrant,coarse_location,C,C,1,1,,1,
task_asset_vqa_v2:Remove_9:gpt:json_only,Remove_9,gpt,json_only,Remove_9:goal_quadrant,coarse_location,D,D,1,0,within_60px_of_x_or_y_divider,1,
task_asset_vqa_v2:Remove_9:gpt:json_only,Remove_9,gpt,json_only,Remove_9:containment,containment,A,A,1,1,,1,
task_asset_vqa_v2:Remove_9:gpt:json_only,Remove_9,gpt,json_only,Remove_9:movable_object_relation,movable_object_relation,C,C,1,1,,1,
task_asset_vqa_v2:BackUp_10:qwen:image_only,BackUp_10,qwen,image_only,BackUp_10:red_shape,shape,A,A,1,1,,1,
task_asset_vqa_v2:BackUp_10:qwen:image_only,BackUp_10,qwen,image_only,BackUp_10:goal_shape,shape,B,B,1,1,,1,
task_asset_vqa_v2:BackUp_10:qwen:image_only,BackUp_10,qwen,image_only,BackUp_10:blue_count,count_color,C,C,1,1,,1,
task_asset_vqa_v2:BackUp_10:qwen:image_only,BackUp_10,qwen,image_only,BackUp_10:colored_count,count_color,D,D,1,1,,1,
task_asset_vqa_v2:BackUp_10:qwen:image_only,BackUp_10,qwen,image_only,BackUp_10:movable_count,movability,E,E,1,1,,1,
task_asset_vqa_v2:BackUp_10:qwen:image_only,BackUp_10,qwen,image_only,BackUp_10:horizontal_relation,relative_position,C,C,1,1,,1,
task_asset_vqa_v2:BackUp_10:qwen:image_only,BackUp_10,qwen,image_only,BackUp_10:vertical_relation,relative_position,A,A,1,1,,1,
task_asset_vqa_v2:BackUp_10:qwen:image_only,BackUp_10,qwen,image_only,BackUp_10:red_quadrant,coarse_location,D,D,1,1,,1,
task_asset_vqa_v2:BackUp_10:qwen:image_only,BackUp_10,qwen,image_only,BackUp_10:goal_quadrant,coarse_location,A,A,1,1,,1,
task_asset_vqa_v2:BackUp_10:qwen:image_only,BackUp_10,qwen,image_only,BackUp_10:containment,containment,B,B,1,1,,1,
task_asset_vqa_v2:BackUp_10:qwen:image_only,BackUp_10,qwen,image_only,BackUp_10:movable_object_relation,movable_object_relation,B,B,1,1,,1,
task_asset_vqa_v2:Prevention_4:gpt:image_only,Prevention_4,gpt,image_only,Prevention_4:red_shape,shape,C,C,1,1,,1,
task_asset_vqa_v2:Prevention_4:gpt:image_only,Prevention_4,gpt,image_only,Prevention_4:goal_shape,shape,C,D,0,1,,1,
task_asset_vqa_v2:Prevention_4:gpt:image_only,Prevention_4,gpt,image_only,Prevention_4:blue_count,count_color,A,A,1,1,,1,
task_asset_vqa_v2:Prevention_4:gpt:image_only,Prevention_4,gpt,image_only,Prevention_4:colored_count,count_color,D,D,1,1,,1,
task_asset_vqa_v2:Prevention_4:gpt:image_only,Prevention_4,gpt,image_only,Prevention_4:movable_count,movability,E,E,1,1,,1,
task_asset_vqa_v2:Prevention_4:gpt:image_only,Prevention_4,gpt,image_only,Prevention_4:horizontal_relation,relative_position,C,C,1,1,,1,
task_asset_vqa_v2:Prevention_4:gpt:image_only,Prevention_4,gpt,image_only,Prevention_4:vertical_relation,relative_position,A,A,1,1,,1,
task_asset_vqa_v2:Prevention_4:gpt:image_only,Prevention_4,gpt,image_only,Prevention_4:red_quadrant,coarse_location,B,B,1,1,,1,
task_asset_vqa_v2:Prevention_4:gpt:image_only,Prevention_4,gpt,image_only,Prevention_4:goal_quadrant,coarse_location,C,C,1,1,,1,
task_asset_vqa_v2:Prevention_4:gpt:image_only,Prevention_4,gpt,image_only,Prevention_4:containment,containment,B,B,1,1,,1,
task_asset_vqa_v2:Prevention_4:gpt:image_only,Prevention_4,gpt,image_only,Prevention_4:movable_object_relation,movable_object_relation,B,B,1,1,,1,
task_asset_vqa_v2:BackUp_10:qwen:json_only,BackUp_10,qwen,json_only,BackUp_10:red_shape,shape,A,A,1,1,,1,
task_asset_vqa_v2:BackUp_10:qwen:json_only,BackUp_10,qwen,json_only,BackUp_10:goal_shape,shape,B,B,1,1,,1,
task_asset_vqa_v2:BackUp_10:qwen:json_only,BackUp_10,qwen,json_only,BackUp_10:blue_count,count_color,C,C,1,1,,1,
task_asset_vqa_v2:BackUp_10:qwen:json_only,BackUp_10,qwen,json_only,BackUp_10:colored_count,count_color,D,D,1,1,,1,
task_asset_vqa_v2:BackUp_10:qwen:json_only,BackUp_10,qwen,json_only,BackUp_10:movable_count,movability,E,E,1,1,,1,
task_asset_vqa_v2:BackUp_10:qwen:json_only,BackUp_10,qwen,json_only,BackUp_10:horizontal_relation,relative_position,C,C,1,1,,1,
task_asset_vqa_v2:BackUp_10:qwen:json_only,BackUp_10,qwen,json_only,BackUp_10:vertical_relation,relative_position,A,A,1,1,,1,
task_asset_vqa_v2:BackUp_10:qwen:json_only,BackUp_10,qwen,json_only,BackUp_10:red_quadrant,coarse_location,D,D,1,1,,1,
task_asset_vqa_v2:BackUp_10:qwen:json_only,BackUp_10,qwen,json_only,BackUp_10:goal_quadrant,coarse_location,A,A,1,1,,1,
task_asset_vqa_v2:BackUp_10:qwen:json_only,BackUp_10,qwen,json_only,BackUp_10:containment,containment,B,B,1,1,,1,
task_asset_vqa_v2:BackUp_10:qwen:json_only,BackUp_10,qwen,json_only,BackUp_10:movable_object_relation,movable_object_relation,B,B,1,1,,1,
task_asset_vqa_v2:BackUp_2:qwen:json_only,BackUp_2,qwen,json_only,BackUp_2:red_shape,shape,D,D,1,1,,1,
task_asset_vqa_v2:BackUp_2:qwen:json_only,BackUp_2,qwen,json_only,BackUp_2:goal_shape,shape,A,A,1,1,,1,
task_asset_vqa_v2:BackUp_2:qwen:json_only,BackUp_2,qwen,json_only,BackUp_2:blue_count,count_color,B,B,1,1,,1,
task_asset_vqa_v2:BackUp_2:qwen:json_only,BackUp_2,qwen,json_only,BackUp_2:colored_count,count_color,C,C,1,1,,1,
task_asset_vqa_v2:BackUp_2:qwen:json_only,BackUp_2,qwen,json_only,BackUp_2:movable_count,movability,D,D,1,1,,1,
task_asset_vqa_v2:BackUp_2:qwen:json_only,BackUp_2,qwen,json_only,BackUp_2:horizontal_relation,relative_position,B,B,1,1,,1,
task_asset_vqa_v2:BackUp_2:qwen:json_only,BackUp_2,qwen,json_only,BackUp_2:vertical_relation,relative_position,C,C,1,1,,1,
task_asset_vqa_v2:BackUp_2:qwen:json_only,BackUp_2,qwen,json_only,BackUp_2:red_quadrant,coarse_location,C,C,1,0,within_60px_of_x_or_y_divider,1,
task_asset_vqa_v2:BackUp_2:qwen:json_only,BackUp_2,qwen,json_only,BackUp_2:goal_quadrant,coarse_location,D,D,1,1,,1,
task_asset_vqa_v2:BackUp_2:qwen:json_only,BackUp_2,qwen,json_only,BackUp_2:containment,containment,A,A,1,1,,1,
task_asset_vqa_v2:BackUp_2:qwen:json_only,BackUp_2,qwen,json_only,BackUp_2:movable_object_relation,movable_object_relation,D,D,1,1,,1,
task_asset_vqa_v2:BackUp_4:qwen:json_only,BackUp_4,qwen,json_only,BackUp_4:red_shape,shape,B,B,1,1,,1,
task_asset_vqa_v2:BackUp_4:qwen:json_only,BackUp_4,qwen,json_only,BackUp_4:goal_shape,shape,C,C,1,1,,1,
task_asset_vqa_v2:BackUp_4:qwen:json_only,BackUp_4,qwen,json_only,BackUp_4:blue_count,count_color,D,D,1,1,,1,
task_asset_vqa_v2:BackUp_4:qwen:json_only,BackUp_4,qwen,json_only,BackUp_4:colored_count,count_color,A,A,1,1,,1,
task_asset_vqa_v2:BackUp_4:qwen:json_only,BackUp_4,qwen,json_only,BackUp_4:movable_count,movability,B,B,1,1,,1,
task_asset_vqa_v2:BackUp_4:qwen:json_only,BackUp_4,qwen,json_only,BackUp_4:horizontal_relation,relative_position,C,C,1,1,,1,
task_asset_vqa_v2:BackUp_4:qwen:json_only,BackUp_4,qwen,json_only,BackUp_4:vertical_relation,relative_position,B,A,0,1,,1,
task_asset_vqa_v2:BackUp_4:qwen:json_only,BackUp_4,qwen,json_only,BackUp_4:red_quadrant,coarse_location,A,A,1,0,within_60px_of_x_or_y_divider,1,
task_asset_vqa_v2:BackUp_4:qwen:json_only,BackUp_4,qwen,json_only,BackUp_4:goal_quadrant,coarse_location,B,B,1,1,,1,
task_asset_vqa_v2:BackUp_4:qwen:json_only,BackUp_4,qwen,json_only,BackUp_4:containment,containment,A,A,1,1,,1,
task_asset_vqa_v2:BackUp_4:qwen:json_only,BackUp_4,qwen,json_only,BackUp_4:movable_object_relation,movable_object_relation,C,H,0,1,,1,
task_asset_vqa_v2:BackUp_2:qwen:image_only,BackUp_2,qwen,image_only,BackUp_2:red_shape,shape,D,D,1,1,,1,
task_asset_vqa_v2:BackUp_2:qwen:image_only,BackUp_2,qwen,image_only,BackUp_2:goal_shape,shape,A,A,1,1,,1,
task_asset_vqa_v2:BackUp_2:qwen:image_only,BackUp_2,qwen,image_only,BackUp_2:blue_count,count_color,B,B,1,1,,1,
task_asset_vqa_v2:BackUp_2:qwen:image_only,BackUp_2,qwen,image_only,BackUp_2:colored_count,count_color,C,C,1,1,,1,
task_asset_vqa_v2:BackUp_2:qwen:image_only,BackUp_2,qwen,image_only,BackUp_2:movable_count,movability,D,D,1,1,,1,
task_asset_vqa_v2:BackUp_2:qwen:image_only,BackUp_2,qwen,image_only,BackUp_2:horizontal_relation,relative_position,B,B,1,1,,1,
task_asset_vqa_v2:BackUp_2:qwen:image_only,BackUp_2,qwen,image_only,BackUp_2:vertical_relation,relative_position,C,C,1,1,,1,
task_asset_vqa_v2:BackUp_2:qwen:image_only,BackUp_2,qwen,image_only,BackUp_2:red_quadrant,coarse_location,C,C,1,0,within_60px_of_x_or_y_divider,1,
task_asset_vqa_v2:BackUp_2:qwen:image_only,BackUp_2,qwen,image_only,BackUp_2:goal_quadrant,coarse_location,D,D,1,1,,1,
task_asset_vqa_v2:BackUp_2:qwen:image_only,BackUp_2,qwen,image_only,BackUp_2:containment,containment,A,A,1,1,,1,
task_asset_vqa_v2:BackUp_2:qwen:image_only,BackUp_2,qwen,image_only,BackUp_2:movable_object_relation,movable_object_relation,D,D,1,1,,1,
task_asset_vqa_v2:BackUp_5:qwen:image_only,BackUp_5,qwen,image_only,BackUp_5:red_shape,shape,A,A,1,1,,1,
task_asset_vqa_v2:BackUp_5:qwen:image_only,BackUp_5,qwen,image_only,BackUp_5:goal_shape,shape,B,B,1,1,,1,
task_asset_vqa_v2:BackUp_5:qwen:image_only,BackUp_5,qwen,image_only,BackUp_5:blue_count,count_color,C,C,1,1,,1,
task_asset_vqa_v2:BackUp_5:qwen:image_only,BackUp_5,qwen,image_only,BackUp_5:colored_count,count_color,F,F,1,1,,1,
task_asset_vqa_v2:BackUp_5:qwen:image_only,BackUp_5,qwen,image_only,BackUp_5:movable_count,movability,A,A,1,1,,1,
task_asset_vqa_v2:BackUp_5:qwen:image_only,BackUp_5,qwen,image_only,BackUp_5:horizontal_relation,relative_position,B,B,1,1,,1,
task_asset_vqa_v2:BackUp_5:qwen:image_only,BackUp_5,qwen,image_only,BackUp_5:vertical_relation,relative_position,C,C,1,1,,1,
task_asset_vqa_v2:BackUp_5:qwen:image_only,BackUp_5,qwen,image_only,BackUp_5:red_quadrant,coarse_location,D,D,1,1,,1,
task_asset_vqa_v2:BackUp_5:qwen:image_only,BackUp_5,qwen,image_only,BackUp_5:goal_quadrant,coarse_location,A,A,1,1,,1,
task_asset_vqa_v2:BackUp_5:qwen:image_only,BackUp_5,qwen,image_only,BackUp_5:containment,containment,B,B,1,1,,1,
task_asset_vqa_v2:BackUp_5:qwen:image_only,BackUp_5,qwen,image_only,BackUp_5:movable_object_relation,movable_object_relation,A,A,1,1,,1,
task_asset_vqa_v2:BackUp_5:qwen:json_only,BackUp_5,qwen,json_only,BackUp_5:red_shape,shape,A,A,1,1,,1,
task_asset_vqa_v2:BackUp_5:qwen:json_only,BackUp_5,qwen,json_only,BackUp_5:goal_shape,shape,B,B,1,1,,1,
task_asset_vqa_v2:BackUp_5:qwen:json_only,BackUp_5,qwen,json_only,BackUp_5:blue_count,count_color,C,C,1,1,,1,
task_asset_vqa_v2:BackUp_5:qwen:json_only,BackUp_5,qwen,json_only,BackUp_5:colored_count,count_color,B,F,0,1,,1,
task_asset_vqa_v2:BackUp_5:qwen:json_only,BackUp_5,qwen,json_only,BackUp_5:movable_count,movability,A,A,1,1,,1,
task_asset_vqa_v2:BackUp_5:qwen:json_only,BackUp_5,qwen,json_only,BackUp_5:horizontal_relation,relative_position,B,B,1,1,,1,
task_asset_vqa_v2:BackUp_5:qwen:json_only,BackUp_5,qwen,json_only,BackUp_5:vertical_relation,relative_position,C,C,1,1,,1,
task_asset_vqa_v2:BackUp_5:qwen:json_only,BackUp_5,qwen,json_only,BackUp_5:red_quadrant,coarse_location,D,D,1,1,,1,
task_asset_vqa_v2:BackUp_5:qwen:json_only,BackUp_5,qwen,json_only,BackUp_5:goal_quadrant,coarse_location,A,A,1,1,,1,
task_asset_vqa_v2:BackUp_5:qwen:json_only,BackUp_5,qwen,json_only,BackUp_5:containment,containment,B,B,1,1,,1,
task_asset_vqa_v2:BackUp_5:qwen:json_only,BackUp_5,qwen,json_only,BackUp_5:movable_object_relation,movable_object_relation,A,A,1,1,,1,
task_asset_vqa_v2:BackUp_3:qwen:json_only,BackUp_3,qwen,json_only,BackUp_3:red_shape,shape,C,C,1,1,,1,
task_asset_vqa_v2:BackUp_3:qwen:json_only,BackUp_3,qwen,json_only,BackUp_3:goal_shape,shape,D,D,1,1,,1,
task_asset_vqa_v2:BackUp_3:qwen:json_only,BackUp_3,qwen,json_only,BackUp_3:blue_count,count_color,A,A,1,1,,1,
task_asset_vqa_v2:BackUp_3:qwen:json_only,BackUp_3,qwen,json_only,BackUp_3:colored_count,count_color,B,B,1,1,,1,
task_asset_vqa_v2:BackUp_3:qwen:json_only,BackUp_3,qwen,json_only,BackUp_3:movable_count,movability,C,C,1,1,,1,
task_asset_vqa_v2:BackUp_3:qwen:json_only,BackUp_3,qwen,json_only,BackUp_3:horizontal_relation,relative_position,C,A,0,1,,1,
task_asset_vqa_v2:BackUp_3:qwen:json_only,BackUp_3,qwen,json_only,BackUp_3:vertical_relation,relative_position,A,B,0,1,,1,
task_asset_vqa_v2:BackUp_3:qwen:json_only,BackUp_3,qwen,json_only,BackUp_3:red_quadrant,coarse_location,B,B,1,0,within_60px_of_x_or_y_divider,1,
task_asset_vqa_v2:BackUp_3:qwen:json_only,BackUp_3,qwen,json_only,BackUp_3:goal_quadrant,coarse_location,A,C,0,0,within_60px_of_x_or_y_divider,1,
task_asset_vqa_v2:BackUp_3:qwen:json_only,BackUp_3,qwen,json_only,BackUp_3:containment,containment,B,B,1,1,,1,
task_asset_vqa_v2:BackUp_3:qwen:json_only,BackUp_3,qwen,json_only,BackUp_3:movable_object_relation,movable_object_relation,C,F,0,1,,1,
task_asset_vqa_v2:BackUp_4:qwen:image_only,BackUp_4,qwen,image_only,BackUp_4:red_shape,shape,B,B,1,1,,1,
task_asset_vqa_v2:BackUp_4:qwen:image_only,BackUp_4,qwen,image_only,BackUp_4:goal_shape,shape,C,C,1,1,,1,
task_asset_vqa_v2:BackUp_4:qwen:image_only,BackUp_4,qwen,image_only,BackUp_4:blue_count,count_color,D,D,1,1,,1,
task_asset_vqa_v2:BackUp_4:qwen:image_only,BackUp_4,qwen,image_only,BackUp_4:colored_count,count_color,A,A,1,1,,1,
task_asset_vqa_v2:BackUp_4:qwen:image_only,BackUp_4,qwen,image_only,BackUp_4:movable_count,movability,B,B,1,1,,1,
task_asset_vqa_v2:BackUp_4:qwen:image_only,BackUp_4,qwen,image_only,BackUp_4:horizontal_relation,relative_position,C,C,1,1,,1,
task_asset_vqa_v2:BackUp_4:qwen:image_only,BackUp_4,qwen,image_only,BackUp_4:vertical_relation,relative_position,A,A,1,1,,1,
task_asset_vqa_v2:BackUp_4:qwen:image_only,BackUp_4,qwen,image_only,BackUp_4:red_quadrant,coarse_location,A,A,1,0,within_60px_of_x_or_y_divider,1,
task_asset_vqa_v2:BackUp_4:qwen:image_only,BackUp_4,qwen,image_only,BackUp_4:goal_quadrant,coarse_location,B,B,1,1,,1,
task_asset_vqa_v2:BackUp_4:qwen:image_only,BackUp_4,qwen,image_only,BackUp_4:containment,containment,A,A,1,1,,1,
task_asset_vqa_v2:BackUp_4:qwen:image_only,BackUp_4,qwen,image_only,BackUp_4:movable_object_relation,movable_object_relation,H,H,1,1,,1,
task_asset_vqa_v2:BackUp_9:qwen:image_only,BackUp_9,qwen,image_only,BackUp_9:red_shape,shape,A,A,1,1,,1,
task_asset_vqa_v2:BackUp_9:qwen:image_only,BackUp_9,qwen,image_only,BackUp_9:goal_shape,shape,B,B,1,1,,1,
task_asset_vqa_v2:BackUp_9:qwen:image_only,BackUp_9,qwen,image_only,BackUp_9:blue_count,count_color,C,C,1,1,,1,
task_asset_vqa_v2:BackUp_9:qwen:image_only,BackUp_9,qwen,image_only,BackUp_9:colored_count,count_color,B,B,1,1,,1,
task_asset_vqa_v2:BackUp_9:qwen:image_only,BackUp_9,qwen,image_only,BackUp_9:movable_count,movability,C,C,1,1,,1,
task_asset_vqa_v2:BackUp_9:qwen:image_only,BackUp_9,qwen,image_only,BackUp_9:horizontal_relation,relative_position,A,A,1,1,,1,
task_asset_vqa_v2:BackUp_9:qwen:image_only,BackUp_9,qwen,image_only,BackUp_9:vertical_relation,relative_position,B,B,1,1,,1,
task_asset_vqa_v2:BackUp_9:qwen:image_only,BackUp_9,qwen,image_only,BackUp_9:red_quadrant,coarse_location,D,D,1,1,,1,
task_asset_vqa_v2:BackUp_9:qwen:image_only,BackUp_9,qwen,image_only,BackUp_9:goal_quadrant,coarse_location,A,A,1,1,,1,
task_asset_vqa_v2:BackUp_9:qwen:image_only,BackUp_9,qwen,image_only,BackUp_9:containment,containment,B,B,1,1,,1,
task_asset_vqa_v2:BackUp_9:qwen:image_only,BackUp_9,qwen,image_only,BackUp_9:movable_object_relation,movable_object_relation,I,I,1,1,,1,
task_asset_vqa_v2:BackUp_7:qwen:json_only,BackUp_7,qwen,json_only,BackUp_7:red_shape,shape,C,C,1,1,,1,
task_asset_vqa_v2:BackUp_7:qwen:json_only,BackUp_7,qwen,json_only,BackUp_7:goal_shape,shape,D,D,1,1,,1,
task_asset_vqa_v2:BackUp_7:qwen:json_only,BackUp_7,qwen,json_only,BackUp_7:blue_count,count_color,A,A,1,1,,1,
task_asset_vqa_v2:BackUp_7:qwen:json_only,BackUp_7,qwen,json_only,BackUp_7:colored_count,count_color,E,D,0,1,,1,
task_asset_vqa_v2:BackUp_7:qwen:json_only,BackUp_7,qwen,json_only,BackUp_7:movable_count,movability,E,E,1,1,,1,
task_asset_vqa_v2:BackUp_7:qwen:json_only,BackUp_7,qwen,json_only,BackUp_7:horizontal_relation,relative_position,C,C,1,1,,1,
task_asset_vqa_v2:BackUp_7:qwen:json_only,BackUp_7,qwen,json_only,BackUp_7:vertical_relation,relative_position,A,A,1,1,,1,
task_asset_vqa_v2:BackUp_7:qwen:json_only,BackUp_7,qwen,json_only,BackUp_7:red_quadrant,coarse_location,B,B,1,0,within_60px_of_x_or_y_divider,1,
task_asset_vqa_v2:BackUp_7:qwen:json_only,BackUp_7,qwen,json_only,BackUp_7:goal_quadrant,coarse_location,C,C,1,1,,1,
task_asset_vqa_v2:BackUp_7:qwen:json_only,BackUp_7,qwen,json_only,BackUp_7:containment,containment,B,B,1,1,,1,
task_asset_vqa_v2:BackUp_7:qwen:json_only,BackUp_7,qwen,json_only,BackUp_7:movable_object_relation,movable_object_relation,C,B,0,1,,1,
task_asset_vqa_v2:BackUp_3:qwen:image_only,BackUp_3,qwen,image_only,BackUp_3:red_shape,shape,C,C,1,1,,1,
task_asset_vqa_v2:BackUp_3:qwen:image_only,BackUp_3,qwen,image_only,BackUp_3:goal_shape,shape,C,D,0,1,,1,
task_asset_vqa_v2:BackUp_3:qwen:image_only,BackUp_3,qwen,image_only,BackUp_3:blue_count,count_color,A,A,1,1,,1,
task_asset_vqa_v2:BackUp_3:qwen:image_only,BackUp_3,qwen,image_only,BackUp_3:colored_count,count_color,B,B,1,1,,1,
task_asset_vqa_v2:BackUp_3:qwen:image_only,BackUp_3,qwen,image_only,BackUp_3:movable_count,movability,C,C,1,1,,1,
task_asset_vqa_v2:BackUp_3:qwen:image_only,BackUp_3,qwen,image_only,BackUp_3:horizontal_relation,relative_position,C,A,0,1,,1,
task_asset_vqa_v2:BackUp_3:qwen:image_only,BackUp_3,qwen,image_only,BackUp_3:vertical_relation,relative_position,B,B,1,1,,1,
task_asset_vqa_v2:BackUp_3:qwen:image_only,BackUp_3,qwen,image_only,BackUp_3:red_quadrant,coarse_location,D,B,0,0,within_60px_of_x_or_y_divider,1,
task_asset_vqa_v2:BackUp_3:qwen:image_only,BackUp_3,qwen,image_only,BackUp_3:goal_quadrant,coarse_location,C,C,1,0,within_60px_of_x_or_y_divider,1,
task_asset_vqa_v2:BackUp_3:qwen:image_only,BackUp_3,qwen,image_only,BackUp_3:containment,containment,B,B,1,1,,1,
task_asset_vqa_v2:BackUp_3:qwen:image_only,BackUp_3,qwen,image_only,BackUp_3:movable_object_relation,movable_object_relation,H,F,0,1,,1,
task_asset_vqa_v2:BackUp_6:qwen:json_only,BackUp_6,qwen,json_only,BackUp_6:red_shape,shape,D,D,1,1,,1,
task_asset_vqa_v2:BackUp_6:qwen:json_only,BackUp_6,qwen,json_only,BackUp_6:goal_shape,shape,A,A,1,1,,1,
task_asset_vqa_v2:BackUp_6:qwen:json_only,BackUp_6,qwen,json_only,BackUp_6:blue_count,count_color,B,B,1,1,,1,
task_asset_vqa_v2:BackUp_6:qwen:json_only,BackUp_6,qwen,json_only,BackUp_6:colored_count,count_color,C,E,0,1,,1,
task_asset_vqa_v2:BackUp_6:qwen:json_only,BackUp_6,qwen,json_only,BackUp_6:movable_count,movability,F,F,1,1,,1,
task_asset_vqa_v2:BackUp_6:qwen:json_only,BackUp_6,qwen,json_only,BackUp_6:horizontal_relation,relative_position,B,A,0,1,,1,
task_asset_vqa_v2:BackUp_6:qwen:json_only,BackUp_6,qwen,json_only,BackUp_6:vertical_relation,relative_position,B,B,1,1,,1,
task_asset_vqa_v2:BackUp_6:qwen:json_only,BackUp_6,qwen,json_only,BackUp_6:red_quadrant,coarse_location,C,C,1,1,,1,
task_asset_vqa_v2:BackUp_6:qwen:json_only,BackUp_6,qwen,json_only,BackUp_6:goal_quadrant,coarse_location,D,D,1,0,within_60px_of_x_or_y_divider,1,
task_asset_vqa_v2:BackUp_6:qwen:json_only,BackUp_6,qwen,json_only,BackUp_6:containment,containment,A,A,1,1,,1,
task_asset_vqa_v2:BackUp_6:qwen:json_only,BackUp_6,qwen,json_only,BackUp_6:movable_object_relation,movable_object_relation,H,C,0,1,,1,
task_asset_vqa_v2:BalanceUnder_10:qwen:json_only,BalanceUnder_10,qwen,json_only,BalanceUnder_10:red_shape,shape,D,D,1,1,,1,
task_asset_vqa_v2:BalanceUnder_10:qwen:json_only,BalanceUnder_10,qwen,json_only,BalanceUnder_10:goal_shape,shape,A,A,1,1,,1,
task_asset_vqa_v2:BalanceUnder_10:qwen:json_only,BalanceUnder_10,qwen,json_only,BalanceUnder_10:blue_count,count_color,B,B,1,1,,1,
task_asset_vqa_v2:BalanceUnder_10:qwen:json_only,BalanceUnder_10,qwen,json_only,BalanceUnder_10:colored_count,count_color,D,A,0,1,,1,
task_asset_vqa_v2:BalanceUnder_10:qwen:json_only,BalanceUnder_10,qwen,json_only,BalanceUnder_10:movable_count,movability,B,B,1,1,,1,
task_asset_vqa_v2:BalanceUnder_10:qwen:json_only,BalanceUnder_10,qwen,json_only,BalanceUnder_10:horizontal_relation,relative_position,A,C,0,1,,1,
task_asset_vqa_v2:BalanceUnder_10:qwen:json_only,BalanceUnder_10,qwen,json_only,BalanceUnder_10:vertical_relation,relative_position,B,A,0,1,,1,
task_asset_vqa_v2:BalanceUnder_10:qwen:json_only,BalanceUnder_10,qwen,json_only,BalanceUnder_10:red_quadrant,coarse_location,D,C,0,0,within_60px_of_x_or_y_divider,1,
task_asset_vqa_v2:BalanceUnder_10:qwen:json_only,BalanceUnder_10,qwen,json_only,BalanceUnder_10:goal_quadrant,coarse_location,D,D,1,1,,1,
task_asset_vqa_v2:BalanceUnder_10:qwen:json_only,BalanceUnder_10,qwen,json_only,BalanceUnder_10:containment,containment,A,A,1,1,,1,
task_asset_vqa_v2:BalanceUnder_10:qwen:json_only,BalanceUnder_10,qwen,json_only,BalanceUnder_10:movable_object_relation,movable_object_relation,B,B,1,1,,1,
task_asset_vqa_v2:BackUp_7:qwen:image_only,BackUp_7,qwen,image_only,BackUp_7:red_shape,shape,C,C,1,1,,1,
task_asset_vqa_v2:BackUp_7:qwen:image_only,BackUp_7,qwen,image_only,BackUp_7:goal_shape,shape,D,D,1,1,,1,
task_asset_vqa_v2:BackUp_7:qwen:image_only,BackUp_7,qwen,image_only,BackUp_7:blue_count,count_color,A,A,1,1,,1,
task_asset_vqa_v2:BackUp_7:qwen:image_only,BackUp_7,qwen,image_only,BackUp_7:colored_count,count_color,D,D,1,1,,1,
task_asset_vqa_v2:BackUp_7:qwen:image_only,BackUp_7,qwen,image_only,BackUp_7:movable_count,movability,E,E,1,1,,1,
task_asset_vqa_v2:BackUp_7:qwen:image_only,BackUp_7,qwen,image_only,BackUp_7:horizontal_relation,relative_position,C,C,1,1,,1,
task_asset_vqa_v2:BackUp_7:qwen:image_only,BackUp_7,qwen,image_only,BackUp_7:vertical_relation,relative_position,A,A,1,1,,1,
task_asset_vqa_v2:BackUp_7:qwen:image_only,BackUp_7,qwen,image_only,BackUp_7:red_quadrant,coarse_location,B,B,1,0,within_60px_of_x_or_y_divider,1,
task_asset_vqa_v2:BackUp_7:qwen:image_only,BackUp_7,qwen,image_only,BackUp_7:goal_quadrant,coarse_location,C,C,1,1,,1,
task_asset_vqa_v2:BackUp_7:qwen:image_only,BackUp_7,qwen,image_only,BackUp_7:containment,containment,B,B,1,1,,1,
task_asset_vqa_v2:BackUp_7:qwen:image_only,BackUp_7,qwen,image_only,BackUp_7:movable_object_relation,movable_object_relation,C,B,0,1,,1,
task_asset_vqa_v2:BalanceUnder_8:qwen:json_only,BalanceUnder_8,qwen,json_only,BalanceUnder_8:red_shape,shape,B,B,1,1,,1,
task_asset_vqa_v2:BalanceUnder_8:qwen:json_only,BalanceUnder_8,qwen,json_only,BalanceUnder_8:goal_shape,shape,C,C,1,1,,1,
task_asset_vqa_v2:BalanceUnder_8:qwen:json_only,BalanceUnder_8,qwen,json_only,BalanceUnder_8:blue_count,count_color,D,D,1,1,,1,
task_asset_vqa_v2:BalanceUnder_8:qwen:json_only,BalanceUnder_8,qwen,json_only,BalanceUnder_8:colored_count,count_color,D,A,0,1,,1,
task_asset_vqa_v2:BalanceUnder_8:qwen:json_only,BalanceUnder_8,qwen,json_only,BalanceUnder_8:movable_count,movability,B,B,1,1,,1,
task_asset_vqa_v2:BalanceUnder_8:qwen:json_only,BalanceUnder_8,qwen,json_only,BalanceUnder_8:horizontal_relation,relative_position,B,C,0,1,,1,
task_asset_vqa_v2:BalanceUnder_8:qwen:json_only,BalanceUnder_8,qwen,json_only,BalanceUnder_8:vertical_relation,relative_position,B,A,0,1,,1,
task_asset_vqa_v2:BalanceUnder_8:qwen:json_only,BalanceUnder_8,qwen,json_only,BalanceUnder_8:red_quadrant,coarse_location,C,A,0,0,within_60px_of_x_or_y_divider,1,
task_asset_vqa_v2:BalanceUnder_8:qwen:json_only,BalanceUnder_8,qwen,json_only,BalanceUnder_8:goal_quadrant,coarse_location,A,B,0,1,,1,
task_asset_vqa_v2:BalanceUnder_8:qwen:json_only,BalanceUnder_8,qwen,json_only,BalanceUnder_8:containment,containment,A,A,1,1,,1,
task_asset_vqa_v2:BalanceUnder_8:qwen:json_only,BalanceUnder_8,qwen,json_only,BalanceUnder_8:movable_object_relation,movable_object_relation,B,B,1,1,,1,
task_asset_vqa_v2:Balance_1:qwen:json_only,Balance_1,qwen,json_only,Balance_1:red_shape,shape,A,A,1,1,,1,
task_asset_vqa_v2:Balance_1:qwen:json_only,Balance_1,qwen,json_only,Balance_1:goal_shape,shape,B,B,1,1,,1,
task_asset_vqa_v2:Balance_1:qwen:json_only,Balance_1,qwen,json_only,Balance_1:blue_count,count_color,C,C,1,1,,1,
task_asset_vqa_v2:Balance_1:qwen:json_only,Balance_1,qwen,json_only,Balance_1:colored_count,count_color,C,F,0,1,,1,
task_asset_vqa_v2:Balance_1:qwen:json_only,Balance_1,qwen,json_only,Balance_1:movable_count,movability,B,A,0,1,,1,
task_asset_vqa_v2:Balance_1:qwen:json_only,Balance_1,qwen,json_only,Balance_1:horizontal_relation,relative_position,B,B,1,1,,1,
task_asset_vqa_v2:Balance_1:qwen:json_only,Balance_1,qwen,json_only,Balance_1:vertical_relation,relative_position,C,C,1,1,,1,
task_asset_vqa_v2:Balance_1:qwen:json_only,Balance_1,qwen,json_only,Balance_1:red_quadrant,coarse_location,B,D,0,0,within_60px_of_x_or_y_divider,1,
task_asset_vqa_v2:Balance_1:qwen:json_only,Balance_1,qwen,json_only,Balance_1:goal_quadrant,coarse_location,A,A,1,1,,1,
task_asset_vqa_v2:Balance_1:qwen:json_only,Balance_1,qwen,json_only,Balance_1:containment,containment,B,B,1,1,,1,
task_asset_vqa_v2:Balance_1:qwen:json_only,Balance_1,qwen,json_only,Balance_1:movable_object_relation,movable_object_relation,B,A,0,1,,1,
task_asset_vqa_v2:BalanceUnder_5:qwen:json_only,BalanceUnder_5,qwen,json_only,BalanceUnder_5:red_shape,shape,A,A,1,1,,1,
task_asset_vqa_v2:BalanceUnder_5:qwen:json_only,BalanceUnder_5,qwen,json_only,BalanceUnder_5:goal_shape,shape,B,B,1,1,,1,
task_asset_vqa_v2:BalanceUnder_5:qwen:json_only,BalanceUnder_5,qwen,json_only,BalanceUnder_5:blue_count,count_color,C,C,1,1,,1,
task_asset_vqa_v2:BalanceUnder_5:qwen:json_only,BalanceUnder_5,qwen,json_only,BalanceUnder_5:colored_count,count_color,F,D,0,1,,1,
task_asset_vqa_v2:BalanceUnder_5:qwen:json_only,BalanceUnder_5,qwen,json_only,BalanceUnder_5:movable_count,movability,C,E,0,1,,1,
task_asset_vqa_v2:BalanceUnder_5:qwen:json_only,BalanceUnder_5,qwen,json_only,BalanceUnder_5:horizontal_relation,relative_position,C,C,1,1,,1,
task_asset_vqa_v2:BalanceUnder_5:qwen:json_only,BalanceUnder_5,qwen,json_only,BalanceUnder_5:vertical_relation,relative_position,B,A,0,1,,1,
task_asset_vqa_v2:BalanceUnder_5:qwen:json_only,BalanceUnder_5,qwen,json_only,BalanceUnder_5:red_quadrant,coarse_location,D,D,1,0,within_60px_of_x_or_y_divider,1,
task_asset_vqa_v2:BalanceUnder_5:qwen:json_only,BalanceUnder_5,qwen,json_only,BalanceUnder_5:goal_quadrant,coarse_location,A,A,1,1,,1,
task_asset_vqa_v2:BalanceUnder_5:qwen:json_only,BalanceUnder_5,qwen,json_only,BalanceUnder_5:containment,containment,B,B,1,1,,1,
task_asset_vqa_v2:BalanceUnder_5:qwen:json_only,BalanceUnder_5,qwen,json_only,BalanceUnder_5:movable_object_relation,movable_object_relation,C,B,0,1,,1,
task_asset_vqa_v2:BalanceUnder_3:qwen:json_only,BalanceUnder_3,qwen,json_only,BalanceUnder_3:red_shape,shape,B,B,1,1,,1,
task_asset_vqa_v2:BalanceUnder_3:qwen:json_only,BalanceUnder_3,qwen,json_only,BalanceUnder_3:goal_shape,shape,C,C,1,1,,1,
task_asset_vqa_v2:BalanceUnder_3:qwen:json_only,BalanceUnder_3,qwen,json_only,BalanceUnder_3:blue_count,count_color,D,D,1,1,,1,
task_asset_vqa_v2:BalanceUnder_3:qwen:json_only,BalanceUnder_3,qwen,json_only,BalanceUnder_3:colored_count,count_color,D,E,0,1,,1,
task_asset_vqa_v2:BalanceUnder_3:qwen:json_only,BalanceUnder_3,qwen,json_only,BalanceUnder_3:movable_count,movability,D,F,0,1,,1,
task_asset_vqa_v2:BalanceUnder_3:qwen:json_only,BalanceUnder_3,qwen,json_only,BalanceUnder_3:horizontal_relation,relative_position,A,A,1,1,,1,
task_asset_vqa_v2:BalanceUnder_3:qwen:json_only,BalanceUnder_3,qwen,json_only,BalanceUnder_3:vertical_relation,relative_position,C,B,0,1,,1,
task_asset_vqa_v2:BalanceUnder_3:qwen:json_only,BalanceUnder_3,qwen,json_only,BalanceUnder_3:red_quadrant,coarse_location,B,A,0,1,,1,
task_asset_vqa_v2:BalanceUnder_3:qwen:json_only,BalanceUnder_3,qwen,json_only,BalanceUnder_3:goal_quadrant,coarse_location,B,B,1,1,,1,
task_asset_vqa_v2:BalanceUnder_3:qwen:json_only,BalanceUnder_3,qwen,json_only,BalanceUnder_3:containment,containment,A,A,1,1,,1,
task_asset_vqa_v2:BalanceUnder_3:qwen:json_only,BalanceUnder_3,qwen,json_only,BalanceUnder_3:movable_object_relation,movable_object_relation,C,C,1,1,,1,
task_asset_vqa_v2:BalanceUnder_7:qwen:json_only,BalanceUnder_7,qwen,json_only,BalanceUnder_7:red_shape,shape,C,C,1,1,,1,
task_asset_vqa_v2:BalanceUnder_7:qwen:json_only,BalanceUnder_7,qwen,json_only,BalanceUnder_7:goal_shape,shape,D,D,1,1,,1,
task_asset_vqa_v2:BalanceUnder_7:qwen:json_only,BalanceUnder_7,qwen,json_only,BalanceUnder_7:blue_count,count_color,A,A,1,1,,1,
task_asset_vqa_v2:BalanceUnder_7:qwen:json_only,BalanceUnder_7,qwen,json_only,BalanceUnder_7:colored_count,count_color,C,B,0,1,,1,
task_asset_vqa_v2:BalanceUnder_7:qwen:json_only,BalanceUnder_7,qwen,json_only,BalanceUnder_7:movable_count,movability,C,C,1,1,,1,
task_asset_vqa_v2:BalanceUnder_7:qwen:json_only,BalanceUnder_7,qwen,json_only,BalanceUnder_7:horizontal_relation,relative_position,A,A,1,1,,1,
task_asset_vqa_v2:BalanceUnder_7:qwen:json_only,BalanceUnder_7,qwen,json_only,BalanceUnder_7:vertical_relation,relative_position,C,B,0,1,,1,
task_asset_vqa_v2:BalanceUnder_7:qwen:json_only,BalanceUnder_7,qwen,json_only,BalanceUnder_7:red_quadrant,coarse_location,B,B,1,0,within_60px_of_x_or_y_divider,1,
task_asset_vqa_v2:BalanceUnder_7:qwen:json_only,BalanceUnder_7,qwen,json_only,BalanceUnder_7:goal_quadrant,coarse_location,C,C,1,1,,1,
task_asset_vqa_v2:BalanceUnder_7:qwen:json_only,BalanceUnder_7,qwen,json_only,BalanceUnder_7:containment,containment,B,B,1,1,,1,
task_asset_vqa_v2:BalanceUnder_7:qwen:json_only,BalanceUnder_7,qwen,json_only,BalanceUnder_7:movable_object_relation,movable_object_relation,A,C,0,1,,1,
task_asset_vqa_v2:BackUp_9:qwen:json_only,BackUp_9,qwen,json_only,BackUp_9:red_shape,shape,A,A,1,1,,1,
task_asset_vqa_v2:BackUp_9:qwen:json_only,BackUp_9,qwen,json_only,BackUp_9:goal_shape,shape,B,B,1,1,,1,
task_asset_vqa_v2:BackUp_9:qwen:json_only,BackUp_9,qwen,json_only,BackUp_9:blue_count,count_color,B,C,0,1,,1,
task_asset_vqa_v2:BackUp_9:qwen:json_only,BackUp_9,qwen,json_only,BackUp_9:colored_count,count_color,B,B,1,1,,1,
task_asset_vqa_v2:BackUp_9:qwen:json_only,BackUp_9,qwen,json_only,BackUp_9:movable_count,movability,C,C,1,1,,1,
task_asset_vqa_v2:BackUp_9:qwen:json_only,BackUp_9,qwen,json_only,BackUp_9:horizontal_relation,relative_position,A,A,1,1,,1,
task_asset_vqa_v2:BackUp_9:qwen:json_only,BackUp_9,qwen,json_only,BackUp_9:vertical_relation,relative_position,B,B,1,1,,1,
task_asset_vqa_v2:BackUp_9:qwen:json_only,BackUp_9,qwen,json_only,BackUp_9:red_quadrant,coarse_location,D,D,1,1,,1,
task_asset_vqa_v2:BackUp_9:qwen:json_only,BackUp_9,qwen,json_only,BackUp_9:goal_quadrant,coarse_location,A,A,1,1,,1,
task_asset_vqa_v2:BackUp_9:qwen:json_only,BackUp_9,qwen,json_only,BackUp_9:containment,containment,B,B,1,1,,1,
task_asset_vqa_v2:BackUp_9:qwen:json_only,BackUp_9,qwen,json_only,BackUp_9:movable_object_relation,movable_object_relation,I,I,1,1,,1,
task_asset_vqa_v2:BalanceUnder_6:qwen:json_only,BalanceUnder_6,qwen,json_only,BalanceUnder_6:red_shape,shape,D,D,1,1,,1,
task_asset_vqa_v2:BalanceUnder_6:qwen:json_only,BalanceUnder_6,qwen,json_only,BalanceUnder_6:goal_shape,shape,A,A,1,1,,1,
task_asset_vqa_v2:BalanceUnder_6:qwen:json_only,BalanceUnder_6,qwen,json_only,BalanceUnder_6:blue_count,count_color,B,B,1,1,,1,
task_asset_vqa_v2:BalanceUnder_6:qwen:json_only,BalanceUnder_6,qwen,json_only,BalanceUnder_6:colored_count,count_color,C,C,1,1,,1,
task_asset_vqa_v2:BalanceUnder_6:qwen:json_only,BalanceUnder_6,qwen,json_only,BalanceUnder_6:movable_count,movability,D,D,1,1,,1,
task_asset_vqa_v2:BalanceUnder_6:qwen:json_only,BalanceUnder_6,qwen,json_only,BalanceUnder_6:horizontal_relation,relative_position,B,B,1,1,,1,
task_asset_vqa_v2:BalanceUnder_6:qwen:json_only,BalanceUnder_6,qwen,json_only,BalanceUnder_6:vertical_relation,relative_position,A,C,0,1,,1,
task_asset_vqa_v2:BalanceUnder_6:qwen:json_only,BalanceUnder_6,qwen,json_only,BalanceUnder_6:red_quadrant,coarse_location,C,C,1,0,within_60px_of_x_or_y_divider,1,
task_asset_vqa_v2:BalanceUnder_6:qwen:json_only,BalanceUnder_6,qwen,json_only,BalanceUnder_6:goal_quadrant,coarse_location,D,D,1,1,,1,
task_asset_vqa_v2:BalanceUnder_6:qwen:json_only,BalanceUnder_6,qwen,json_only,BalanceUnder_6:containment,containment,A,A,1,1,,1,
task_asset_vqa_v2:BalanceUnder_6:qwen:json_only,BalanceUnder_6,qwen,json_only,BalanceUnder_6:movable_object_relation,movable_object_relation,C,A,0,1,,1,
task_asset_vqa_v2:BalanceUnder_2:qwen:json_only,BalanceUnder_2,qwen,json_only,BalanceUnder_2:red_shape,shape,C,C,1,1,,1,
task_asset_vqa_v2:BalanceUnder_2:qwen:json_only,BalanceUnder_2,qwen,json_only,BalanceUnder_2:goal_shape,shape,D,D,1,1,,1,
task_asset_vqa_v2:BalanceUnder_2:qwen:json_only,BalanceUnder_2,qwen,json_only,BalanceUnder_2:blue_count,count_color,A,A,1,1,,1,
task_asset_vqa_v2:BalanceUnder_2:qwen:json_only,BalanceUnder_2,qwen,json_only,BalanceUnder_2:colored_count,count_color,C,F,0,1,,1,
task_asset_vqa_v2:BalanceUnder_2:qwen:json_only,BalanceUnder_2,qwen,json_only,BalanceUnder_2:movable_count,movability,C,A,0,1,,1,
task_asset_vqa_v2:BalanceUnder_2:qwen:json_only,BalanceUnder_2,qwen,json_only,BalanceUnder_2:horizontal_relation,relative_position,B,B,1,1,,1,
task_asset_vqa_v2:BalanceUnder_2:qwen:json_only,BalanceUnder_2,qwen,json_only,BalanceUnder_2:vertical_relation,relative_position,A,C,0,1,,1,
task_asset_vqa_v2:BalanceUnder_2:qwen:json_only,BalanceUnder_2,qwen,json_only,BalanceUnder_2:red_quadrant,coarse_location,B,B,1,1,,1,
task_asset_vqa_v2:BalanceUnder_2:qwen:json_only,BalanceUnder_2,qwen,json_only,BalanceUnder_2:goal_quadrant,coarse_location,C,C,1,1,,1,
task_asset_vqa_v2:BalanceUnder_2:qwen:json_only,BalanceUnder_2,qwen,json_only,BalanceUnder_2:containment,containment,B,B,1,1,,1,
task_asset_vqa_v2:BalanceUnder_2:qwen:json_only,BalanceUnder_2,qwen,json_only,BalanceUnder_2:movable_object_relation,movable_object_relation,A,A,1,1,,1,
task_asset_vqa_v2:Balance_1:qwen:image_only,Balance_1,qwen,image_only,Balance_1:red_shape,shape,A,A,1,1,,1,
task_asset_vqa_v2:Balance_1:qwen:image_only,Balance_1,qwen,image_only,Balance_1:goal_shape,shape,B,B,1,1,,1,
task_asset_vqa_v2:Balance_1:qwen:image_only,Balance_1,qwen,image_only,Balance_1:blue_count,count_color,C,C,1,1,,1,
task_asset_vqa_v2:Balance_1:qwen:image_only,Balance_1,qwen,image_only,Balance_1:colored_count,count_color,F,F,1,1,,1,
task_asset_vqa_v2:Balance_1:qwen:image_only,Balance_1,qwen,image_only,Balance_1:movable_count,movability,A,A,1,1,,1,
task_asset_vqa_v2:Balance_1:qwen:image_only,Balance_1,qwen,image_only,Balance_1:horizontal_relation,relative_position,B,B,1,1,,1,
task_asset_vqa_v2:Balance_1:qwen:image_only,Balance_1,qwen,image_only,Balance_1:vertical_relation,relative_position,C,C,1,1,,1,
task_asset_vqa_v2:Balance_1:qwen:image_only,Balance_1,qwen,image_only,Balance_1:red_quadrant,coarse_location,D,D,1,0,within_60px_of_x_or_y_divider,1,
task_asset_vqa_v2:Balance_1:qwen:image_only,Balance_1,qwen,image_only,Balance_1:goal_quadrant,coarse_location,A,A,1,1,,1,
task_asset_vqa_v2:Balance_1:qwen:image_only,Balance_1,qwen,image_only,Balance_1:containment,containment,B,B,1,1,,1,
task_asset_vqa_v2:Balance_1:qwen:image_only,Balance_1,qwen,image_only,Balance_1:movable_object_relation,movable_object_relation,A,A,1,1,,1,
task_asset_vqa_v2:BalanceUnder_8:qwen:image_only,BalanceUnder_8,qwen,image_only,BalanceUnder_8:red_shape,shape,B,B,1,1,,1,
task_asset_vqa_v2:BalanceUnder_8:qwen:image_only,BalanceUnder_8,qwen,image_only,BalanceUnder_8:goal_shape,shape,A,C,0,1,,1,
task_asset_vqa_v2:BalanceUnder_8:qwen:image_only,BalanceUnder_8,qwen,image_only,BalanceUnder_8:blue_count,count_color,D,D,1,1,,1,
task_asset_vqa_v2:BalanceUnder_8:qwen:image_only,BalanceUnder_8,qwen,image_only,BalanceUnder_8:colored_count,count_color,A,A,1,1,,1,
task_asset_vqa_v2:BalanceUnder_8:qwen:image_only,BalanceUnder_8,qwen,image_only,BalanceUnder_8:movable_count,movability,B,B,1,1,,1,
task_asset_vqa_v2:BalanceUnder_8:qwen:image_only,BalanceUnder_8,qwen,image_only,BalanceUnder_8:horizontal_relation,relative_position,C,C,1,1,,1,
task_asset_vqa_v2:BalanceUnder_8:qwen:image_only,BalanceUnder_8,qwen,image_only,BalanceUnder_8:vertical_relation,relative_position,A,A,1,1,,1,
task_asset_vqa_v2:BalanceUnder_8:qwen:image_only,BalanceUnder_8,qwen,image_only,BalanceUnder_8:red_quadrant,coarse_location,A,A,1,0,within_60px_of_x_or_y_divider,1,
task_asset_vqa_v2:BalanceUnder_8:qwen:image_only,BalanceUnder_8,qwen,image_only,BalanceUnder_8:goal_quadrant,coarse_location,B,B,1,1,,1,
task_asset_vqa_v2:BalanceUnder_8:qwen:image_only,BalanceUnder_8,qwen,image_only,BalanceUnder_8:containment,containment,A,A,1,1,,1,
task_asset_vqa_v2:BalanceUnder_8:qwen:image_only,BalanceUnder_8,qwen,image_only,BalanceUnder_8:movable_object_relation,movable_object_relation,B,B,1,1,,1,
task_asset_vqa_v2:Balance_2:qwen:json_only,Balance_2,qwen,json_only,Balance_2:red_shape,shape,C,C,1,1,,1,
task_asset_vqa_v2:Balance_2:qwen:json_only,Balance_2,qwen,json_only,Balance_2:goal_shape,shape,D,D,1,1,,1,
task_asset_vqa_v2:Balance_2:qwen:json_only,Balance_2,qwen,json_only,Balance_2:blue_count,count_color,A,A,1,1,,1,
task_asset_vqa_v2:Balance_2:qwen:json_only,Balance_2,qwen,json_only,Balance_2:colored_count,count_color,E,D,0,1,,1,
task_asset_vqa_v2:Balance_2:qwen:json_only,Balance_2,qwen,json_only,Balance_2:movable_count,movability,E,E,1,1,,1,
task_asset_vqa_v2:Balance_2:qwen:json_only,Balance_2,qwen,json_only,Balance_2:horizontal_relation,relative_position,C,C,1,1,,1,
task_asset_vqa_v2:Balance_2:qwen:json_only,Balance_2,qwen,json_only,Balance_2:vertical_relation,relative_position,A,A,1,1,,1,
task_asset_vqa_v2:Balance_2:qwen:json_only,Balance_2,qwen,json_only,Balance_2:red_quadrant,coarse_location,D,B,0,0,within_60px_of_x_or_y_divider,1,
task_asset_vqa_v2:Balance_2:qwen:json_only,Balance_2,qwen,json_only,Balance_2:goal_quadrant,coarse_location,C,C,1,1,,1,
task_asset_vqa_v2:Balance_2:qwen:json_only,Balance_2,qwen,json_only,Balance_2:containment,containment,B,B,1,1,,1,
task_asset_vqa_v2:Balance_2:qwen:json_only,Balance_2,qwen,json_only,Balance_2:movable_object_relation,movable_object_relation,B,B,1,1,,1,
task_asset_vqa_v2:Balance_10:qwen:image_only,Balance_10,qwen,image_only,Balance_10:red_shape,shape,D,D,1,1,,1,
task_asset_vqa_v2:Balance_10:qwen:image_only,Balance_10,qwen,image_only,Balance_10:goal_shape,shape,D,A,0,1,,1,
task_asset_vqa_v2:Balance_10:qwen:image_only,Balance_10,qwen,image_only,Balance_10:blue_count,count_color,B,B,1,1,,1,
task_asset_vqa_v2:Balance_10:qwen:image_only,Balance_10,qwen,image_only,Balance_10:colored_count,count_color,E,E,1,1,,1,
task_asset_vqa_v2:Balance_10:qwen:image_only,Balance_10,qwen,image_only,Balance_10:movable_count,movability,F,F,1,1,,1,
task_asset_vqa_v2:Balance_10:qwen:image_only,Balance_10,qwen,image_only,Balance_10:horizontal_relation,relative_position,A,A,1,1,,1,
task_asset_vqa_v2:Balance_10:qwen:image_only,Balance_10,qwen,image_only,Balance_10:vertical_relation,relative_position,B,B,1,1,,1,
task_asset_vqa_v2:Balance_10:qwen:image_only,Balance_10,qwen,image_only,Balance_10:red_quadrant,coarse_location,C,C,1,0,within_60px_of_x_or_y_divider,1,
task_asset_vqa_v2:Balance_10:qwen:image_only,Balance_10,qwen,image_only,Balance_10:goal_quadrant,coarse_location,D,D,1,1,,1,
task_asset_vqa_v2:Balance_10:qwen:image_only,Balance_10,qwen,image_only,Balance_10:containment,containment,A,A,1,1,,1,
task_asset_vqa_v2:Balance_10:qwen:image_only,Balance_10,qwen,image_only,Balance_10:movable_object_relation,movable_object_relation,C,C,1,1,,1,
task_asset_vqa_v2:BackUp_8:qwen:json_only,BackUp_8,qwen,json_only,BackUp_8:red_shape,shape,B,B,1,1,,1,
task_asset_vqa_v2:BackUp_8:qwen:json_only,BackUp_8,qwen,json_only,BackUp_8:goal_shape,shape,C,C,1,1,,1,
task_asset_vqa_v2:BackUp_8:qwen:json_only,BackUp_8,qwen,json_only,BackUp_8:blue_count,count_color,D,D,1,1,,1,
task_asset_vqa_v2:BackUp_8:qwen:json_only,BackUp_8,qwen,json_only,BackUp_8:colored_count,count_color,C,C,1,1,,1,
task_asset_vqa_v2:BackUp_8:qwen:json_only,BackUp_8,qwen,json_only,BackUp_8:movable_count,movability,D,D,1,1,,1,
task_asset_vqa_v2:BackUp_8:qwen:json_only,BackUp_8,qwen,json_only,BackUp_8:horizontal_relation,relative_position,B,B,1,1,,1,
task_asset_vqa_v2:BackUp_8:qwen:json_only,BackUp_8,qwen,json_only,BackUp_8:vertical_relation,relative_position,C,C,1,1,,1,
task_asset_vqa_v2:BackUp_8:qwen:json_only,BackUp_8,qwen,json_only,BackUp_8:red_quadrant,coarse_location,A,A,1,0,within_60px_of_x_or_y_divider,1,
task_asset_vqa_v2:BackUp_8:qwen:json_only,BackUp_8,qwen,json_only,BackUp_8:goal_quadrant,coarse_location,B,B,1,0,within_60px_of_x_or_y_divider,1,
task_asset_vqa_v2:BackUp_8:qwen:json_only,BackUp_8,qwen,json_only,BackUp_8:containment,containment,A,A,1,1,,1,
task_asset_vqa_v2:BackUp_8:qwen:json_only,BackUp_8,qwen,json_only,BackUp_8:movable_object_relation,movable_object_relation,G,G,1,1,,1,
task_asset_vqa_v2:Balance_10:qwen:json_only,Balance_10,qwen,json_only,Balance_10:red_shape,shape,D,D,1,1,,1,
task_asset_vqa_v2:Balance_10:qwen:json_only,Balance_10,qwen,json_only,Balance_10:goal_shape,shape,A,A,1,1,,1,
task_asset_vqa_v2:Balance_10:qwen:json_only,Balance_10,qwen,json_only,Balance_10:blue_count,count_color,B,B,1,1,,1,
task_asset_vqa_v2:Balance_10:qwen:json_only,Balance_10,qwen,json_only,Balance_10:colored_count,count_color,C,E,0,1,,1,
task_asset_vqa_v2:Balance_10:qwen:json_only,Balance_10,qwen,json_only,Balance_10:movable_count,movability,B,F,0,1,,1,
task_asset_vqa_v2:Balance_10:qwen:json_only,Balance_10,qwen,json_only,Balance_10:horizontal_relation,relative_position,A,A,1,1,,1,
task_asset_vqa_v2:Balance_10:qwen:json_only,Balance_10,qwen,json_only,Balance_10:vertical_relation,relative_position,B,B,1,1,,1,
task_asset_vqa_v2:Balance_10:qwen:json_only,Balance_10,qwen,json_only,Balance_10:red_quadrant,coarse_location,C,C,1,0,within_60px_of_x_or_y_divider,1,
task_asset_vqa_v2:Balance_10:qwen:json_only,Balance_10,qwen,json_only,Balance_10:goal_quadrant,coarse_location,C,D,0,1,,1,
task_asset_vqa_v2:Balance_10:qwen:json_only,Balance_10,qwen,json_only,Balance_10:containment,containment,A,A,1,1,,1,
task_asset_vqa_v2:Balance_10:qwen:json_only,Balance_10,qwen,json_only,Balance_10:movable_object_relation,movable_object_relation,C,C,1,1,,1,
task_asset_vqa_v2:Balance_5:qwen:json_only,Balance_5,qwen,json_only,Balance_5:red_shape,shape,D,D,1,1,,1,
task_asset_vqa_v2:Balance_5:qwen:json_only,Balance_5,qwen,json_only,Balance_5:goal_shape,shape,A,A,1,1,,1,
task_asset_vqa_v2:Balance_5:qwen:json_only,Balance_5,qwen,json_only,Balance_5:blue_count,count_color,B,B,1,1,,1,
task_asset_vqa_v2:Balance_5:qwen:json_only,Balance_5,qwen,json_only,Balance_5:colored_count,count_color,C,A,0,1,,1,
task_asset_vqa_v2:Balance_5:qwen:json_only,Balance_5,qwen,json_only,Balance_5:movable_count,movability,B,B,1,1,,1,
task_asset_vqa_v2:Balance_5:qwen:json_only,Balance_5,qwen,json_only,Balance_5:horizontal_relation,relative_position,A,C,0,1,,1,
task_asset_vqa_v2:Balance_5:qwen:json_only,Balance_5,qwen,json_only,Balance_5:vertical_relation,relative_position,C,A,0,1,,1,
task_asset_vqa_v2:Balance_5:qwen:json_only,Balance_5,qwen,json_only,Balance_5:red_quadrant,coarse_location,C,C,1,0,within_60px_of_x_or_y_divider,1,
task_asset_vqa_v2:Balance_5:qwen:json_only,Balance_5,qwen,json_only,Balance_5:goal_quadrant,coarse_location,D,D,1,1,,1,
task_asset_vqa_v2:Balance_5:qwen:json_only,Balance_5,qwen,json_only,Balance_5:containment,containment,A,A,1,1,,1,
task_asset_vqa_v2:Balance_5:qwen:json_only,Balance_5,qwen,json_only,Balance_5:movable_object_relation,movable_object_relation,B,B,1,1,,1,
task_asset_vqa_v2:Balance_4:qwen:json_only,Balance_4,qwen,json_only,Balance_4:red_shape,shape,A,A,1,1,,1,
task_asset_vqa_v2:Balance_4:qwen:json_only,Balance_4,qwen,json_only,Balance_4:goal_shape,shape,B,B,1,1,,1,
task_asset_vqa_v2:Balance_4:qwen:json_only,Balance_4,qwen,json_only,Balance_4:blue_count,count_color,C,C,1,1,,1,
task_asset_vqa_v2:Balance_4:qwen:json_only,Balance_4,qwen,json_only,Balance_4:colored_count,count_color,B,B,1,1,,1,
task_asset_vqa_v2:Balance_4:qwen:json_only,Balance_4,qwen,json_only,Balance_4:movable_count,movability,C,C,1,1,,1,
task_asset_vqa_v2:Balance_4:qwen:json_only,Balance_4,qwen,json_only,Balance_4:horizontal_relation,relative_position,A,A,1,1,,1,
task_asset_vqa_v2:Balance_4:qwen:json_only,Balance_4,qwen,json_only,Balance_4:vertical_relation,relative_position,B,B,1,1,,1,
task_asset_vqa_v2:Balance_4:qwen:json_only,Balance_4,qwen,json_only,Balance_4:red_quadrant,coarse_location,D,D,1,0,within_60px_of_x_or_y_divider,1,
task_asset_vqa_v2:Balance_4:qwen:json_only,Balance_4,qwen,json_only,Balance_4:goal_quadrant,coarse_location,C,A,0,1,,1,
task_asset_vqa_v2:Balance_4:qwen:json_only,Balance_4,qwen,json_only,Balance_4:containment,containment,B,B,1,1,,1,
task_asset_vqa_v2:Balance_4:qwen:json_only,Balance_4,qwen,json_only,Balance_4:movable_object_relation,movable_object_relation,C,C,1,1,,1,
task_asset_vqa_v2:BackUp_8:qwen:image_only,BackUp_8,qwen,image_only,BackUp_8:red_shape,shape,B,B,1,1,,1,
task_asset_vqa_v2:BackUp_8:qwen:image_only,BackUp_8,qwen,image_only,BackUp_8:goal_shape,shape,C,C,1,1,,1,
task_asset_vqa_v2:BackUp_8:qwen:image_only,BackUp_8,qwen,image_only,BackUp_8:blue_count,count_color,D,D,1,1,,1,
task_asset_vqa_v2:BackUp_8:qwen:image_only,BackUp_8,qwen,image_only,BackUp_8:colored_count,count_color,C,C,1,1,,1,
task_asset_vqa_v2:BackUp_8:qwen:image_only,BackUp_8,qwen,image_only,BackUp_8:movable_count,movability,D,D,1,1,,1,
task_asset_vqa_v2:BackUp_8:qwen:image_only,BackUp_8,qwen,image_only,BackUp_8:horizontal_relation,relative_position,B,B,1,1,,1,
task_asset_vqa_v2:BackUp_8:qwen:image_only,BackUp_8,qwen,image_only,BackUp_8:vertical_relation,relative_position,C,C,1,1,,1,
task_asset_vqa_v2:BackUp_8:qwen:image_only,BackUp_8,qwen,image_only,BackUp_8:red_quadrant,coarse_location,A,A,1,0,within_60px_of_x_or_y_divider,1,
task_asset_vqa_v2:BackUp_8:qwen:image_only,BackUp_8,qwen,image_only,BackUp_8:goal_quadrant,coarse_location,B,B,1,0,within_60px_of_x_or_y_divider,1,
task_asset_vqa_v2:BackUp_8:qwen:image_only,BackUp_8,qwen,image_only,BackUp_8:containment,containment,A,A,1,1,,1,
task_asset_vqa_v2:BackUp_8:qwen:image_only,BackUp_8,qwen,image_only,BackUp_8:movable_object_relation,movable_object_relation,G,G,1,1,,1,
task_asset_vqa_v2:Balance_7:qwen:json_only,Balance_7,qwen,json_only,Balance_7:red_shape,shape,C,C,1,1,,1,
task_asset_vqa_v2:Balance_7:qwen:json_only,Balance_7,qwen,json_only,Balance_7:goal_shape,shape,D,D,1,1,,1,
task_asset_vqa_v2:Balance_7:qwen:json_only,Balance_7,qwen,json_only,Balance_7:blue_count,count_color,A,A,1,1,,1,
task_asset_vqa_v2:Balance_7:qwen:json_only,Balance_7,qwen,json_only,Balance_7:colored_count,count_color,F,F,1,1,,1,
task_asset_vqa_v2:Balance_7:qwen:json_only,Balance_7,qwen,json_only,Balance_7:movable_count,movability,A,A,1,1,,1,
task_asset_vqa_v2:Balance_7:qwen:json_only,Balance_7,qwen,json_only,Balance_7:horizontal_relation,relative_position,B,B,1,1,,1,
task_asset_vqa_v2:Balance_7:qwen:json_only,Balance_7,qwen,json_only,Balance_7:vertical_relation,relative_position,C,C,1,1,,1,
task_asset_vqa_v2:Balance_7:qwen:json_only,Balance_7,qwen,json_only,Balance_7:red_quadrant,coarse_location,B,B,1,1,,1,
task_asset_vqa_v2:Balance_7:qwen:json_only,Balance_7,qwen,json_only,Balance_7:goal_quadrant,coarse_location,C,C,1,1,,1,
task_asset_vqa_v2:Balance_7:qwen:json_only,Balance_7,qwen,json_only,Balance_7:containment,containment,B,B,1,1,,1,
task_asset_vqa_v2:Balance_7:qwen:json_only,Balance_7,qwen,json_only,Balance_7:movable_object_relation,movable_object_relation,A,A,1,1,,1,
task_asset_vqa_v2:Balance_3:qwen:json_only,Balance_3,qwen,json_only,Balance_3:red_shape,shape,B,B,1,1,,1,
task_asset_vqa_v2:Balance_3:qwen:json_only,Balance_3,qwen,json_only,Balance_3:goal_shape,shape,C,C,1,1,,1,
task_asset_vqa_v2:Balance_3:qwen:json_only,Balance_3,qwen,json_only,Balance_3:blue_count,count_color,D,D,1,1,,1,
task_asset_vqa_v2:Balance_3:qwen:json_only,Balance_3,qwen,json_only,Balance_3:colored_count,count_color,C,C,1,1,,1,
task_asset_vqa_v2:Balance_3:qwen:json_only,Balance_3,qwen,json_only,Balance_3:movable_count,movability,D,D,1,1,,1,
task_asset_vqa_v2:Balance_3:qwen:json_only,Balance_3,qwen,json_only,Balance_3:horizontal_relation,relative_position,B,B,1,1,,1,
task_asset_vqa_v2:Balance_3:qwen:json_only,Balance_3,qwen,json_only,Balance_3:vertical_relation,relative_position,C,C,1,1,,1,
task_asset_vqa_v2:Balance_3:qwen:json_only,Balance_3,qwen,json_only,Balance_3:red_quadrant,coarse_location,A,A,1,1,,1,
task_asset_vqa_v2:Balance_3:qwen:json_only,Balance_3,qwen,json_only,Balance_3:goal_quadrant,coarse_location,B,B,1,0,within_60px_of_x_or_y_divider,1,
task_asset_vqa_v2:Balance_3:qwen:json_only,Balance_3,qwen,json_only,Balance_3:containment,containment,A,A,1,1,,1,
task_asset_vqa_v2:Balance_3:qwen:json_only,Balance_3,qwen,json_only,Balance_3:movable_object_relation,movable_object_relation,B,A,0,1,,1,
task_asset_vqa_v2:BalanceUnder_10:qwen:image_only,BalanceUnder_10,qwen,image_only,BalanceUnder_10:red_shape,shape,D,D,1,1,,1,
task_asset_vqa_v2:BalanceUnder_10:qwen:image_only,BalanceUnder_10,qwen,image_only,BalanceUnder_10:goal_shape,shape,D,A,0,1,,1,
task_asset_vqa_v2:BalanceUnder_10:qwen:image_only,BalanceUnder_10,qwen,image_only,BalanceUnder_10:blue_count,count_color,B,B,1,1,,1,
task_asset_vqa_v2:BalanceUnder_10:qwen:image_only,BalanceUnder_10,qwen,image_only,BalanceUnder_10:colored_count,count_color,A,A,1,1,,1,
task_asset_vqa_v2:BalanceUnder_10:qwen:image_only,BalanceUnder_10,qwen,image_only,BalanceUnder_10:movable_count,movability,B,B,1,1,,1,
task_asset_vqa_v2:BalanceUnder_10:qwen:image_only,BalanceUnder_10,qwen,image_only,BalanceUnder_10:horizontal_relation,relative_position,C,C,1,1,,1,
task_asset_vqa_v2:BalanceUnder_10:qwen:image_only,BalanceUnder_10,qwen,image_only,BalanceUnder_10:vertical_relation,relative_position,A,A,1,1,,1,
task_asset_vqa_v2:BalanceUnder_10:qwen:image_only,BalanceUnder_10,qwen,image_only,BalanceUnder_10:red_quadrant,coarse_location,C,C,1,0,within_60px_of_x_or_y_divider,1,
task_asset_vqa_v2:BalanceUnder_10:qwen:image_only,BalanceUnder_10,qwen,image_only,BalanceUnder_10:goal_quadrant,coarse_location,D,D,1,1,,1,
task_asset_vqa_v2:BalanceUnder_10:qwen:image_only,BalanceUnder_10,qwen,image_only,BalanceUnder_10:containment,containment,A,A,1,1,,1,
task_asset_vqa_v2:BalanceUnder_10:qwen:image_only,BalanceUnder_10,qwen,image_only,BalanceUnder_10:movable_object_relation,movable_object_relation,B,B,1,1,,1,
task_asset_vqa_v2:Balance_5:qwen:image_only,Balance_5,qwen,image_only,Balance_5:red_shape,shape,D,D,1,1,,1,
task_asset_vqa_v2:Balance_5:qwen:image_only,Balance_5,qwen,image_only,Balance_5:goal_shape,shape,A,A,1,1,,1,
task_asset_vqa_v2:Balance_5:qwen:image_only,Balance_5,qwen,image_only,Balance_5:blue_count,count_color,B,B,1,1,,1,
task_asset_vqa_v2:Balance_5:qwen:image_only,Balance_5,qwen,image_only,Balance_5:colored_count,count_color,A,A,1,1,,1,
task_asset_vqa_v2:Balance_5:qwen:image_only,Balance_5,qwen,image_only,Balance_5:movable_count,movability,B,B,1,1,,1,
task_asset_vqa_v2:Balance_5:qwen:image_only,Balance_5,qwen,image_only,Balance_5:horizontal_relation,relative_position,C,C,1,1,,1,
task_asset_vqa_v2:Balance_5:qwen:image_only,Balance_5,qwen,image_only,Balance_5:vertical_relation,relative_position,A,A,1,1,,1,
task_asset_vqa_v2:Balance_5:qwen:image_only,Balance_5,qwen,image_only,Balance_5:red_quadrant,coarse_location,C,C,1,0,within_60px_of_x_or_y_divider,1,
task_asset_vqa_v2:Balance_5:qwen:image_only,Balance_5,qwen,image_only,Balance_5:goal_quadrant,coarse_location,D,D,1,1,,1,
task_asset_vqa_v2:Balance_5:qwen:image_only,Balance_5,qwen,image_only,Balance_5:containment,containment,A,A,1,1,,1,
task_asset_vqa_v2:Balance_5:qwen:image_only,Balance_5,qwen,image_only,Balance_5:movable_object_relation,movable_object_relation,B,B,1,1,,1,
task_asset_vqa_v2:BalanceUnder_5:qwen:image_only,BalanceUnder_5,qwen,image_only,BalanceUnder_5:red_shape,shape,A,A,1,1,,1,
task_asset_vqa_v2:BalanceUnder_5:qwen:image_only,BalanceUnder_5,qwen,image_only,BalanceUnder_5:goal_shape,shape,B,B,1,1,,1,
task_asset_vqa_v2:BalanceUnder_5:qwen:image_only,BalanceUnder_5,qwen,image_only,BalanceUnder_5:blue_count,count_color,C,C,1,1,,1,
task_asset_vqa_v2:BalanceUnder_5:qwen:image_only,BalanceUnder_5,qwen,image_only,BalanceUnder_5:colored_count,count_color,D,D,1,1,,1,
task_asset_vqa_v2:BalanceUnder_5:qwen:image_only,BalanceUnder_5,qwen,image_only,BalanceUnder_5:movable_count,movability,E,E,1,1,,1,
task_asset_vqa_v2:BalanceUnder_5:qwen:image_only,BalanceUnder_5,qwen,image_only,BalanceUnder_5:horizontal_relation,relative_position,C,C,1,1,,1,
task_asset_vqa_v2:BalanceUnder_5:qwen:image_only,BalanceUnder_5,qwen,image_only,BalanceUnder_5:vertical_relation,relative_position,A,A,1,1,,1,
task_asset_vqa_v2:BalanceUnder_5:qwen:image_only,BalanceUnder_5,qwen,image_only,BalanceUnder_5:red_quadrant,coarse_location,D,D,1,0,within_60px_of_x_or_y_divider,1,
task_asset_vqa_v2:BalanceUnder_5:qwen:image_only,BalanceUnder_5,qwen,image_only,BalanceUnder_5:goal_quadrant,coarse_location,A,A,1,1,,1,
task_asset_vqa_v2:BalanceUnder_5:qwen:image_only,BalanceUnder_5,qwen,image_only,BalanceUnder_5:containment,containment,B,B,1,1,,1,
task_asset_vqa_v2:BalanceUnder_5:qwen:image_only,BalanceUnder_5,qwen,image_only,BalanceUnder_5:movable_object_relation,movable_object_relation,C,B,0,1,,1,
task_asset_vqa_v2:BackUp_6:qwen:image_only,BackUp_6,qwen,image_only,BackUp_6:red_shape,shape,D,D,1,1,,1,
task_asset_vqa_v2:BackUp_6:qwen:image_only,BackUp_6,qwen,image_only,BackUp_6:goal_shape,shape,A,A,1,1,,1,
task_asset_vqa_v2:BackUp_6:qwen:image_only,BackUp_6,qwen,image_only,BackUp_6:blue_count,count_color,B,B,1,1,,1,
task_asset_vqa_v2:BackUp_6:qwen:image_only,BackUp_6,qwen,image_only,BackUp_6:colored_count,count_color,E,E,1,1,,1,
task_asset_vqa_v2:BackUp_6:qwen:image_only,BackUp_6,qwen,image_only,BackUp_6:movable_count,movability,F,F,1,1,,1,
task_asset_vqa_v2:BackUp_6:qwen:image_only,BackUp_6,qwen,image_only,BackUp_6:horizontal_relation,relative_position,A,A,1,1,,1,
task_asset_vqa_v2:BackUp_6:qwen:image_only,BackUp_6,qwen,image_only,BackUp_6:vertical_relation,relative_position,B,B,1,1,,1,
task_asset_vqa_v2:BackUp_6:qwen:image_only,BackUp_6,qwen,image_only,BackUp_6:red_quadrant,coarse_location,C,C,1,1,,1,
task_asset_vqa_v2:BackUp_6:qwen:image_only,BackUp_6,qwen,image_only,BackUp_6:goal_quadrant,coarse_location,B,D,0,0,within_60px_of_x_or_y_divider,1,
task_asset_vqa_v2:BackUp_6:qwen:image_only,BackUp_6,qwen,image_only,BackUp_6:containment,containment,A,A,1,1,,1,
task_asset_vqa_v2:BackUp_6:qwen:image_only,BackUp_6,qwen,image_only,BackUp_6:movable_object_relation,movable_object_relation,C,C,1,1,,1,
task_asset_vqa_v2:Balance_7:qwen:image_only,Balance_7,qwen,image_only,Balance_7:red_shape,shape,C,C,1,1,,1,
task_asset_vqa_v2:Balance_7:qwen:image_only,Balance_7,qwen,image_only,Balance_7:goal_shape,shape,D,D,1,1,,1,
task_asset_vqa_v2:Balance_7:qwen:image_only,Balance_7,qwen,image_only,Balance_7:blue_count,count_color,A,A,1,1,,1,
task_asset_vqa_v2:Balance_7:qwen:image_only,Balance_7,qwen,image_only,Balance_7:colored_count,count_color,F,F,1,1,,1,
task_asset_vqa_v2:Balance_7:qwen:image_only,Balance_7,qwen,image_only,Balance_7:movable_count,movability,A,A,1,1,,1,
task_asset_vqa_v2:Balance_7:qwen:image_only,Balance_7,qwen,image_only,Balance_7:horizontal_relation,relative_position,B,B,1,1,,1,
task_asset_vqa_v2:Balance_7:qwen:image_only,Balance_7,qwen,image_only,Balance_7:vertical_relation,relative_position,C,C,1,1,,1,
task_asset_vqa_v2:Balance_7:qwen:image_only,Balance_7,qwen,image_only,Balance_7:red_quadrant,coarse_location,B,B,1,1,,1,
task_asset_vqa_v2:Balance_7:qwen:image_only,Balance_7,qwen,image_only,Balance_7:goal_quadrant,coarse_location,C,C,1,1,,1,
task_asset_vqa_v2:Balance_7:qwen:image_only,Balance_7,qwen,image_only,Balance_7:containment,containment,B,B,1,1,,1,
task_asset_vqa_v2:Balance_7:qwen:image_only,Balance_7,qwen,image_only,Balance_7:movable_object_relation,movable_object_relation,A,A,1,1,,1,
task_asset_vqa_v2:Basic_1:qwen:json_only,Basic_1,qwen,json_only,Basic_1:red_shape,shape,A,A,1,1,,1,
task_asset_vqa_v2:Basic_1:qwen:json_only,Basic_1,qwen,json_only,Basic_1:goal_shape,shape,B,B,1,1,,1,
task_asset_vqa_v2:Basic_1:qwen:json_only,Basic_1,qwen,json_only,Basic_1:blue_count,count_color,C,C,1,1,,1,
task_asset_vqa_v2:Basic_1:qwen:json_only,Basic_1,qwen,json_only,Basic_1:colored_count,count_color,D,D,1,1,,1,
task_asset_vqa_v2:Basic_1:qwen:json_only,Basic_1,qwen,json_only,Basic_1:movable_count,movability,E,E,1,1,,1,
task_asset_vqa_v2:Basic_1:qwen:json_only,Basic_1,qwen,json_only,Basic_1:horizontal_relation,relative_position,C,C,1,1,,1,
task_asset_vqa_v2:Basic_1:qwen:json_only,Basic_1,qwen,json_only,Basic_1:vertical_relation,relative_position,A,A,1,1,,1,
task_asset_vqa_v2:Basic_1:qwen:json_only,Basic_1,qwen,json_only,Basic_1:red_quadrant,coarse_location,D,D,1,1,,1,
task_asset_vqa_v2:Basic_1:qwen:json_only,Basic_1,qwen,json_only,Basic_1:goal_quadrant,coarse_location,A,A,1,1,,1,
task_asset_vqa_v2:Basic_1:qwen:json_only,Basic_1,qwen,json_only,Basic_1:containment,containment,B,B,1,1,,1,
task_asset_vqa_v2:Basic_1:qwen:json_only,Basic_1,qwen,json_only,Basic_1:movable_object_relation,movable_object_relation,E,E,1,1,,1,
task_asset_vqa_v2:Balance_4:qwen:image_only,Balance_4,qwen,image_only,Balance_4:red_shape,shape,A,A,1,1,,1,
task_asset_vqa_v2:Balance_4:qwen:image_only,Balance_4,qwen,image_only,Balance_4:goal_shape,shape,B,B,1,1,,1,
task_asset_vqa_v2:Balance_4:qwen:image_only,Balance_4,qwen,image_only,Balance_4:blue_count,count_color,C,C,1,1,,1,
task_asset_vqa_v2:Balance_4:qwen:image_only,Balance_4,qwen,image_only,Balance_4:colored_count,count_color,B,B,1,1,,1,
task_asset_vqa_v2:Balance_4:qwen:image_only,Balance_4,qwen,image_only,Balance_4:movable_count,movability,C,C,1,1,,1,
task_asset_vqa_v2:Balance_4:qwen:image_only,Balance_4,qwen,image_only,Balance_4:horizontal_relation,relative_position,B,A,0,1,,1,
task_asset_vqa_v2:Balance_4:qwen:image_only,Balance_4,qwen,image_only,Balance_4:vertical_relation,relative_position,B,B,1,1,,1,
task_asset_vqa_v2:Balance_4:qwen:image_only,Balance_4,qwen,image_only,Balance_4:red_quadrant,coarse_location,D,D,1,0,within_60px_of_x_or_y_divider,1,
task_asset_vqa_v2:Balance_4:qwen:image_only,Balance_4,qwen,image_only,Balance_4:goal_quadrant,coarse_location,A,A,1,1,,1,
task_asset_vqa_v2:Balance_4:qwen:image_only,Balance_4,qwen,image_only,Balance_4:containment,containment,B,B,1,1,,1,
task_asset_vqa_v2:Balance_4:qwen:image_only,Balance_4,qwen,image_only,Balance_4:movable_object_relation,movable_object_relation,C,C,1,1,,1,
task_asset_vqa_v2:Balance_2:qwen:image_only,Balance_2,qwen,image_only,Balance_2:red_shape,shape,C,C,1,1,,1,
task_asset_vqa_v2:Balance_2:qwen:image_only,Balance_2,qwen,image_only,Balance_2:goal_shape,shape,D,D,1,1,,1,
task_asset_vqa_v2:Balance_2:qwen:image_only,Balance_2,qwen,image_only,Balance_2:blue_count,count_color,A,A,1,1,,1,
task_asset_vqa_v2:Balance_2:qwen:image_only,Balance_2,qwen,image_only,Balance_2:colored_count,count_color,D,D,1,1,,1,
task_asset_vqa_v2:Balance_2:qwen:image_only,Balance_2,qwen,image_only,Balance_2:movable_count,movability,E,E,1,1,,1,
task_asset_vqa_v2:Balance_2:qwen:image_only,Balance_2,qwen,image_only,Balance_2:horizontal_relation,relative_position,C,C,1,1,,1,
task_asset_vqa_v2:Balance_2:qwen:image_only,Balance_2,qwen,image_only,Balance_2:vertical_relation,relative_position,A,A,1,1,,1,
task_asset_vqa_v2:Balance_2:qwen:image_only,Balance_2,qwen,image_only,Balance_2:red_quadrant,coarse_location,B,B,1,0,within_60px_of_x_or_y_divider,1,
task_asset_vqa_v2:Balance_2:qwen:image_only,Balance_2,qwen,image_only,Balance_2:goal_quadrant,coarse_location,C,C,1,1,,1,
task_asset_vqa_v2:Balance_2:qwen:image_only,Balance_2,qwen,image_only,Balance_2:containment,containment,B,B,1,1,,1,
task_asset_vqa_v2:Balance_2:qwen:image_only,Balance_2,qwen,image_only,Balance_2:movable_object_relation,movable_object_relation,B,B,1,1,,1,
task_asset_vqa_v2:Balance_8:qwen:json_only,Balance_8,qwen,json_only,Balance_8:red_shape,shape,B,B,1,1,,1,
task_asset_vqa_v2:Balance_8:qwen:json_only,Balance_8,qwen,json_only,Balance_8:goal_shape,shape,C,C,1,1,,1,
task_asset_vqa_v2:Balance_8:qwen:json_only,Balance_8,qwen,json_only,Balance_8:blue_count,count_color,D,D,1,1,,1,
task_asset_vqa_v2:Balance_8:qwen:json_only,Balance_8,qwen,json_only,Balance_8:colored_count,count_color,C,E,0,1,,1,
task_asset_vqa_v2:Balance_8:qwen:json_only,Balance_8,qwen,json_only,Balance_8:movable_count,movability,B,F,0,1,,1,
task_asset_vqa_v2:Balance_8:qwen:json_only,Balance_8,qwen,json_only,Balance_8:horizontal_relation,relative_position,A,A,1,1,,1,
task_asset_vqa_v2:Balance_8:qwen:json_only,Balance_8,qwen,json_only,Balance_8:vertical_relation,relative_position,B,B,1,1,,1,
task_asset_vqa_v2:Balance_8:qwen:json_only,Balance_8,qwen,json_only,Balance_8:red_quadrant,coarse_location,A,A,1,1,,1,
task_asset_vqa_v2:Balance_8:qwen:json_only,Balance_8,qwen,json_only,Balance_8:goal_quadrant,coarse_location,A,B,0,0,within_60px_of_x_or_y_divider,1,
task_asset_vqa_v2:Balance_8:qwen:json_only,Balance_8,qwen,json_only,Balance_8:containment,containment,A,A,1,1,,1,
task_asset_vqa_v2:Balance_8:qwen:json_only,Balance_8,qwen,json_only,Balance_8:movable_object_relation,movable_object_relation,C,C,1,1,,1,
task_asset_vqa_v2:BalanceUnder_6:qwen:image_only,BalanceUnder_6,qwen,image_only,BalanceUnder_6:red_shape,shape,D,D,1,1,,1,
task_asset_vqa_v2:BalanceUnder_6:qwen:image_only,BalanceUnder_6,qwen,image_only,BalanceUnder_6:goal_shape,shape,D,A,0,1,,1,
task_asset_vqa_v2:BalanceUnder_6:qwen:image_only,BalanceUnder_6,qwen,image_only,BalanceUnder_6:blue_count,count_color,B,B,1,1,,1,
task_asset_vqa_v2:BalanceUnder_6:qwen:image_only,BalanceUnder_6,qwen,image_only,BalanceUnder_6:colored_count,count_color,C,C,1,1,,1,
task_asset_vqa_v2:BalanceUnder_6:qwen:image_only,BalanceUnder_6,qwen,image_only,BalanceUnder_6:movable_count,movability,D,D,1,1,,1,
task_asset_vqa_v2:BalanceUnder_6:qwen:image_only,BalanceUnder_6,qwen,image_only,BalanceUnder_6:horizontal_relation,relative_position,B,B,1,1,,1,
task_asset_vqa_v2:BalanceUnder_6:qwen:image_only,BalanceUnder_6,qwen,image_only,BalanceUnder_6:vertical_relation,relative_position,C,C,1,1,,1,
task_asset_vqa_v2:BalanceUnder_6:qwen:image_only,BalanceUnder_6,qwen,image_only,BalanceUnder_6:red_quadrant,coarse_location,C,C,1,0,within_60px_of_x_or_y_divider,1,
task_asset_vqa_v2:BalanceUnder_6:qwen:image_only,BalanceUnder_6,qwen,image_only,BalanceUnder_6:goal_quadrant,coarse_location,D,D,1,1,,1,
task_asset_vqa_v2:BalanceUnder_6:qwen:image_only,BalanceUnder_6,qwen,image_only,BalanceUnder_6:containment,containment,A,A,1,1,,1,
task_asset_vqa_v2:BalanceUnder_6:qwen:image_only,BalanceUnder_6,qwen,image_only,BalanceUnder_6:movable_object_relation,movable_object_relation,C,A,0,1,,1,
task_asset_vqa_v2:Basic_6:qwen:json_only,Basic_6,qwen,json_only,Basic_6:red_shape,shape,B,B,1,1,,1,
task_asset_vqa_v2:Basic_6:qwen:json_only,Basic_6,qwen,json_only,Basic_6:goal_shape,shape,C,C,1,1,,1,
task_asset_vqa_v2:Basic_6:qwen:json_only,Basic_6,qwen,json_only,Basic_6:blue_count,count_color,A,D,0,1,,1,
task_asset_vqa_v2:Basic_6:qwen:json_only,Basic_6,qwen,json_only,Basic_6:colored_count,count_color,A,A,1,1,,1,
task_asset_vqa_v2:Basic_6:qwen:json_only,Basic_6,qwen,json_only,Basic_6:movable_count,movability,B,B,1,1,,1,
task_asset_vqa_v2:Basic_6:qwen:json_only,Basic_6,qwen,json_only,Basic_6:horizontal_relation,relative_position,C,C,1,1,,1,
task_asset_vqa_v2:Basic_6:qwen:json_only,Basic_6,qwen,json_only,Basic_6:vertical_relation,relative_position,A,A,1,1,,1,
task_asset_vqa_v2:Basic_6:qwen:json_only,Basic_6,qwen,json_only,Basic_6:red_quadrant,coarse_location,A,A,1,1,,1,
task_asset_vqa_v2:Basic_6:qwen:json_only,Basic_6,qwen,json_only,Basic_6:goal_quadrant,coarse_location,B,B,1,0,within_60px_of_x_or_y_divider,1,
task_asset_vqa_v2:Basic_6:qwen:json_only,Basic_6,qwen,json_only,Basic_6:containment,containment,A,A,1,1,,1,
task_asset_vqa_v2:Basic_6:qwen:json_only,Basic_6,qwen,json_only,Basic_6:movable_object_relation,movable_object_relation,B,B,1,1,,1,
task_asset_vqa_v2:Basic_2:qwen:json_only,Basic_2,qwen,json_only,Basic_2:red_shape,shape,C,C,1,1,,1,
task_asset_vqa_v2:Basic_2:qwen:json_only,Basic_2,qwen,json_only,Basic_2:goal_shape,shape,D,D,1,1,,1,
task_asset_vqa_v2:Basic_2:qwen:json_only,Basic_2,qwen,json_only,Basic_2:blue_count,count_color,A,A,1,1,,1,
task_asset_vqa_v2:Basic_2:qwen:json_only,Basic_2,qwen,json_only,Basic_2:colored_count,count_color,B,B,1,1,,1,
task_asset_vqa_v2:Basic_2:qwen:json_only,Basic_2,qwen,json_only,Basic_2:movable_count,movability,C,C,1,1,,1,
task_asset_vqa_v2:Basic_2:qwen:json_only,Basic_2,qwen,json_only,Basic_2:horizontal_relation,relative_position,A,A,1,1,,1,
task_asset_vqa_v2:Basic_2:qwen:json_only,Basic_2,qwen,json_only,Basic_2:vertical_relation,relative_position,B,B,1,1,,1,
task_asset_vqa_v2:Basic_2:qwen:json_only,Basic_2,qwen,json_only,Basic_2:red_quadrant,coarse_location,B,B,1,1,,1,
task_asset_vqa_v2:Basic_2:qwen:json_only,Basic_2,qwen,json_only,Basic_2:goal_quadrant,coarse_location,C,C,1,0,within_60px_of_x_or_y_divider,1,
task_asset_vqa_v2:Basic_2:qwen:json_only,Basic_2,qwen,json_only,Basic_2:containment,containment,B,B,1,1,,1,
task_asset_vqa_v2:Basic_2:qwen:json_only,Basic_2,qwen,json_only,Basic_2:movable_object_relation,movable_object_relation,I,I,1,1,,1,
task_asset_vqa_v2:Basic_7:qwen:json_only,Basic_7,qwen,json_only,Basic_7:red_shape,shape,A,A,1,1,,1,
task_asset_vqa_v2:Basic_7:qwen:json_only,Basic_7,qwen,json_only,Basic_7:goal_shape,shape,B,B,1,1,,1,
task_asset_vqa_v2:Basic_7:qwen:json_only,Basic_7,qwen,json_only,Basic_7:blue_count,count_color,C,C,1,1,,1,
task_asset_vqa_v2:Basic_7:qwen:json_only,Basic_7,qwen,json_only,Basic_7:colored_count,count_color,B,F,0,1,,1,
task_asset_vqa_v2:Basic_7:qwen:json_only,Basic_7,qwen,json_only,Basic_7:movable_count,movability,B,A,0,1,,1,
task_asset_vqa_v2:Basic_7:qwen:json_only,Basic_7,qwen,json_only,Basic_7:horizontal_relation,relative_position,B,B,1,1,,1,
task_asset_vqa_v2:Basic_7:qwen:json_only,Basic_7,qwen,json_only,Basic_7:vertical_relation,relative_position,C,C,1,1,,1,
task_asset_vqa_v2:Basic_7:qwen:json_only,Basic_7,qwen,json_only,Basic_7:red_quadrant,coarse_location,D,D,1,1,,1,
task_asset_vqa_v2:Basic_7:qwen:json_only,Basic_7,qwen,json_only,Basic_7:goal_quadrant,coarse_location,A,A,1,0,within_60px_of_x_or_y_divider,1,
task_asset_vqa_v2:Basic_7:qwen:json_only,Basic_7,qwen,json_only,Basic_7:containment,containment,B,B,1,1,,1,
task_asset_vqa_v2:Basic_7:qwen:json_only,Basic_7,qwen,json_only,Basic_7:movable_object_relation,movable_object_relation,D,D,1,1,,1,
task_asset_vqa_v2:Basic_8:qwen:image_only,Basic_8,qwen,image_only,Basic_8:red_shape,shape,D,D,1,1,,1,
task_asset_vqa_v2:Basic_8:qwen:image_only,Basic_8,qwen,image_only,Basic_8:goal_shape,shape,A,A,1,1,,1,
task_asset_vqa_v2:Basic_8:qwen:image_only,Basic_8,qwen,image_only,Basic_8:blue_count,count_color,B,B,1,1,,1,
task_asset_vqa_v2:Basic_8:qwen:image_only,Basic_8,qwen,image_only,Basic_8:colored_count,count_color,E,E,1,1,,1,
task_asset_vqa_v2:Basic_8:qwen:image_only,Basic_8,qwen,image_only,Basic_8:movable_count,movability,F,F,1,1,,1,
task_asset_vqa_v2:Basic_8:qwen:image_only,Basic_8,qwen,image_only,Basic_8:horizontal_relation,relative_position,A,A,1,1,,1,
task_asset_vqa_v2:Basic_8:qwen:image_only,Basic_8,qwen,image_only,Basic_8:vertical_relation,relative_position,B,B,1,1,,1,
task_asset_vqa_v2:Basic_8:qwen:image_only,Basic_8,qwen,image_only,Basic_8:red_quadrant,coarse_location,C,C,1,1,,1,
task_asset_vqa_v2:Basic_8:qwen:image_only,Basic_8,qwen,image_only,Basic_8:goal_quadrant,coarse_location,A,D,0,0,within_60px_of_x_or_y_divider,1,
task_asset_vqa_v2:Basic_8:qwen:image_only,Basic_8,qwen,image_only,Basic_8:containment,containment,A,A,1,1,,1,
task_asset_vqa_v2:Basic_8:qwen:image_only,Basic_8,qwen,image_only,Basic_8:movable_object_relation,movable_object_relation,F,F,1,1,,1,
task_asset_vqa_v2:Basic_1:qwen:image_only,Basic_1,qwen,image_only,Basic_1:red_shape,shape,A,A,1,1,,1,
task_asset_vqa_v2:Basic_1:qwen:image_only,Basic_1,qwen,image_only,Basic_1:goal_shape,shape,B,B,1,1,,1,
task_asset_vqa_v2:Basic_1:qwen:image_only,Basic_1,qwen,image_only,Basic_1:blue_count,count_color,C,C,1,1,,1,
task_asset_vqa_v2:Basic_1:qwen:image_only,Basic_1,qwen,image_only,Basic_1:colored_count,count_color,D,D,1,1,,1,
task_asset_vqa_v2:Basic_1:qwen:image_only,Basic_1,qwen,image_only,Basic_1:movable_count,movability,E,E,1,1,,1,
task_asset_vqa_v2:Basic_1:qwen:image_only,Basic_1,qwen,image_only,Basic_1:horizontal_relation,relative_position,C,C,1,1,,1,
task_asset_vqa_v2:Basic_1:qwen:image_only,Basic_1,qwen,image_only,Basic_1:vertical_relation,relative_position,A,A,1,1,,1,
task_asset_vqa_v2:Basic_1:qwen:image_only,Basic_1,qwen,image_only,Basic_1:red_quadrant,coarse_location,D,D,1,1,,1,
task_asset_vqa_v2:Basic_1:qwen:image_only,Basic_1,qwen,image_only,Basic_1:goal_quadrant,coarse_location,A,A,1,1,,1,
task_asset_vqa_v2:Basic_1:qwen:image_only,Basic_1,qwen,image_only,Basic_1:containment,containment,B,B,1,1,,1,
task_asset_vqa_v2:Basic_1:qwen:image_only,Basic_1,qwen,image_only,Basic_1:movable_object_relation,movable_object_relation,E,E,1,1,,1,
task_asset_vqa_v2:BalanceUnder_2:qwen:image_only,BalanceUnder_2,qwen,image_only,BalanceUnder_2:red_shape,shape,C,C,1,1,,1,
task_asset_vqa_v2:BalanceUnder_2:qwen:image_only,BalanceUnder_2,qwen,image_only,BalanceUnder_2:goal_shape,shape,D,D,1,1,,1,
task_asset_vqa_v2:BalanceUnder_2:qwen:image_only,BalanceUnder_2,qwen,image_only,BalanceUnder_2:blue_count,count_color,A,A,1,1,,1,
task_asset_vqa_v2:BalanceUnder_2:qwen:image_only,BalanceUnder_2,qwen,image_only,BalanceUnder_2:colored_count,count_color,F,F,1,1,,1,
task_asset_vqa_v2:BalanceUnder_2:qwen:image_only,BalanceUnder_2,qwen,image_only,BalanceUnder_2:movable_count,movability,A,A,1,1,,1,
task_asset_vqa_v2:BalanceUnder_2:qwen:image_only,BalanceUnder_2,qwen,image_only,BalanceUnder_2:horizontal_relation,relative_position,B,B,1,1,,1,
task_asset_vqa_v2:BalanceUnder_2:qwen:image_only,BalanceUnder_2,qwen,image_only,BalanceUnder_2:vertical_relation,relative_position,C,C,1,1,,1,
task_asset_vqa_v2:BalanceUnder_2:qwen:image_only,BalanceUnder_2,qwen,image_only,BalanceUnder_2:red_quadrant,coarse_location,B,B,1,1,,1,
task_asset_vqa_v2:BalanceUnder_2:qwen:image_only,BalanceUnder_2,qwen,image_only,BalanceUnder_2:goal_quadrant,coarse_location,C,C,1,1,,1,
task_asset_vqa_v2:BalanceUnder_2:qwen:image_only,BalanceUnder_2,qwen,image_only,BalanceUnder_2:containment,containment,B,B,1,1,,1,
task_asset_vqa_v2:BalanceUnder_2:qwen:image_only,BalanceUnder_2,qwen,image_only,BalanceUnder_2:movable_object_relation,movable_object_relation,A,A,1,1,,1,
task_asset_vqa_v2:BalanceUnder_7:qwen:image_only,BalanceUnder_7,qwen,image_only,BalanceUnder_7:red_shape,shape,C,C,1,1,,1,
task_asset_vqa_v2:BalanceUnder_7:qwen:image_only,BalanceUnder_7,qwen,image_only,BalanceUnder_7:goal_shape,shape,C,D,0,1,,1,
task_asset_vqa_v2:BalanceUnder_7:qwen:image_only,BalanceUnder_7,qwen,image_only,BalanceUnder_7:blue_count,count_color,A,A,1,1,,1,
task_asset_vqa_v2:BalanceUnder_7:qwen:image_only,BalanceUnder_7,qwen,image_only,BalanceUnder_7:colored_count,count_color,B,B,1,1,,1,
task_asset_vqa_v2:BalanceUnder_7:qwen:image_only,BalanceUnder_7,qwen,image_only,BalanceUnder_7:movable_count,movability,C,C,1,1,,1,
task_asset_vqa_v2:BalanceUnder_7:qwen:image_only,BalanceUnder_7,qwen,image_only,BalanceUnder_7:horizontal_relation,relative_position,A,A,1,1,,1,
task_asset_vqa_v2:BalanceUnder_7:qwen:image_only,BalanceUnder_7,qwen,image_only,BalanceUnder_7:vertical_relation,relative_position,B,B,1,1,,1,
task_asset_vqa_v2:BalanceUnder_7:qwen:image_only,BalanceUnder_7,qwen,image_only,BalanceUnder_7:red_quadrant,coarse_location,B,B,1,0,within_60px_of_x_or_y_divider,1,
task_asset_vqa_v2:BalanceUnder_7:qwen:image_only,BalanceUnder_7,qwen,image_only,BalanceUnder_7:goal_quadrant,coarse_location,C,C,1,1,,1,
task_asset_vqa_v2:BalanceUnder_7:qwen:image_only,BalanceUnder_7,qwen,image_only,BalanceUnder_7:containment,containment,B,B,1,1,,1,
task_asset_vqa_v2:BalanceUnder_7:qwen:image_only,BalanceUnder_7,qwen,image_only,BalanceUnder_7:movable_object_relation,movable_object_relation,A,C,0,1,,1,
task_asset_vqa_v2:FallingAlt_1:qwen:json_only,FallingAlt_1,qwen,json_only,FallingAlt_1:red_shape,shape,B,B,1,1,,1,
task_asset_vqa_v2:FallingAlt_1:qwen:json_only,FallingAlt_1,qwen,json_only,FallingAlt_1:goal_shape,shape,C,C,1,1,,1,
task_asset_vqa_v2:FallingAlt_1:qwen:json_only,FallingAlt_1,qwen,json_only,FallingAlt_1:blue_count,count_color,D,D,1,1,,1,
task_asset_vqa_v2:FallingAlt_1:qwen:json_only,FallingAlt_1,qwen,json_only,FallingAlt_1:colored_count,count_color,C,C,1,1,,1,
task_asset_vqa_v2:FallingAlt_1:qwen:json_only,FallingAlt_1,qwen,json_only,FallingAlt_1:movable_count,movability,D,D,1,1,,1,
task_asset_vqa_v2:FallingAlt_1:qwen:json_only,FallingAlt_1,qwen,json_only,FallingAlt_1:horizontal_relation,relative_position,A,B,0,1,,1,
task_asset_vqa_v2:FallingAlt_1:qwen:json_only,FallingAlt_1,qwen,json_only,FallingAlt_1:vertical_relation,relative_position,C,C,1,1,,1,
task_asset_vqa_v2:FallingAlt_1:qwen:json_only,FallingAlt_1,qwen,json_only,FallingAlt_1:red_quadrant,coarse_location,A,A,1,0,within_60px_of_x_or_y_divider,1,
task_asset_vqa_v2:FallingAlt_1:qwen:json_only,FallingAlt_1,qwen,json_only,FallingAlt_1:goal_quadrant,coarse_location,B,B,1,1,,1,
task_asset_vqa_v2:FallingAlt_1:qwen:json_only,FallingAlt_1,qwen,json_only,FallingAlt_1:containment,containment,A,A,1,1,,1,
task_asset_vqa_v2:FallingAlt_1:qwen:json_only,FallingAlt_1,qwen,json_only,FallingAlt_1:movable_object_relation,movable_object_relation,A,A,1,1,,1,
task_asset_vqa_v2:Basic_9:qwen:json_only,Basic_9,qwen,json_only,Basic_9:red_shape,shape,C,C,1,1,,1,
task_asset_vqa_v2:Basic_9:qwen:json_only,Basic_9,qwen,json_only,Basic_9:goal_shape,shape,D,D,1,1,,1,
task_asset_vqa_v2:Basic_9:qwen:json_only,Basic_9,qwen,json_only,Basic_9:blue_count,count_color,A,A,1,1,,1,
task_asset_vqa_v2:Basic_9:qwen:json_only,Basic_9,qwen,json_only,Basic_9:colored_count,count_color,E,D,0,1,,1,
task_asset_vqa_v2:Basic_9:qwen:json_only,Basic_9,qwen,json_only,Basic_9:movable_count,movability,E,E,1,1,,1,
task_asset_vqa_v2:Basic_9:qwen:json_only,Basic_9,qwen,json_only,Basic_9:horizontal_relation,relative_position,C,C,1,1,,1,
task_asset_vqa_v2:Basic_9:qwen:json_only,Basic_9,qwen,json_only,Basic_9:vertical_relation,relative_position,A,A,1,1,,1,
task_asset_vqa_v2:Basic_9:qwen:json_only,Basic_9,qwen,json_only,Basic_9:red_quadrant,coarse_location,B,B,1,0,within_60px_of_x_or_y_divider,1,
task_asset_vqa_v2:Basic_9:qwen:json_only,Basic_9,qwen,json_only,Basic_9:goal_quadrant,coarse_location,B,C,0,0,within_60px_of_x_or_y_divider,1,
task_asset_vqa_v2:Basic_9:qwen:json_only,Basic_9,qwen,json_only,Basic_9:containment,containment,B,B,1,1,,1,
task_asset_vqa_v2:Basic_9:qwen:json_only,Basic_9,qwen,json_only,Basic_9:movable_object_relation,movable_object_relation,H,H,1,1,,1,
task_asset_vqa_v2:Balance_8:qwen:image_only,Balance_8,qwen,image_only,Balance_8:red_shape,shape,B,B,1,1,,1,
task_asset_vqa_v2:Balance_8:qwen:image_only,Balance_8,qwen,image_only,Balance_8:goal_shape,shape,C,C,1,1,,1,
task_asset_vqa_v2:Balance_8:qwen:image_only,Balance_8,qwen,image_only,Balance_8:blue_count,count_color,D,D,1,1,,1,
task_asset_vqa_v2:Balance_8:qwen:image_only,Balance_8,qwen,image_only,Balance_8:colored_count,count_color,E,E,1,1,,1,
task_asset_vqa_v2:Balance_8:qwen:image_only,Balance_8,qwen,image_only,Balance_8:movable_count,movability,F,F,1,1,,1,
task_asset_vqa_v2:Balance_8:qwen:image_only,Balance_8,qwen,image_only,Balance_8:horizontal_relation,relative_position,A,A,1,1,,1,
task_asset_vqa_v2:Balance_8:qwen:image_only,Balance_8,qwen,image_only,Balance_8:vertical_relation,relative_position,B,B,1,1,,1,
task_asset_vqa_v2:Balance_8:qwen:image_only,Balance_8,qwen,image_only,Balance_8:red_quadrant,coarse_location,A,A,1,1,,1,
task_asset_vqa_v2:Balance_8:qwen:image_only,Balance_8,qwen,image_only,Balance_8:goal_quadrant,coarse_location,A,B,0,0,within_60px_of_x_or_y_divider,1,
task_asset_vqa_v2:Balance_8:qwen:image_only,Balance_8,qwen,image_only,Balance_8:containment,containment,A,A,1,1,,1,
task_asset_vqa_v2:Balance_8:qwen:image_only,Balance_8,qwen,image_only,Balance_8:movable_object_relation,movable_object_relation,C,C,1,1,,1,
task_asset_vqa_v2:Basic_8:qwen:json_only,Basic_8,qwen,json_only,Basic_8:red_shape,shape,D,D,1,1,,1,
task_asset_vqa_v2:Basic_8:qwen:json_only,Basic_8,qwen,json_only,Basic_8:goal_shape,shape,A,A,1,1,,1,
task_asset_vqa_v2:Basic_8:qwen:json_only,Basic_8,qwen,json_only,Basic_8:blue_count,count_color,B,B,1,1,,1,
task_asset_vqa_v2:Basic_8:qwen:json_only,Basic_8,qwen,json_only,Basic_8:colored_count,count_color,C,E,0,1,,1,
task_asset_vqa_v2:Basic_8:qwen:json_only,Basic_8,qwen,json_only,Basic_8:movable_count,movability,C,F,0,1,,1,
task_asset_vqa_v2:Basic_8:qwen:json_only,Basic_8,qwen,json_only,Basic_8:horizontal_relation,relative_position,A,A,1,1,,1,
task_asset_vqa_v2:Basic_8:qwen:json_only,Basic_8,qwen,json_only,Basic_8:vertical_relation,relative_position,B,B,1,1,,1,
task_asset_vqa_v2:Basic_8:qwen:json_only,Basic_8,qwen,json_only,Basic_8:red_quadrant,coarse_location,C,C,1,1,,1,
task_asset_vqa_v2:Basic_8:qwen:json_only,Basic_8,qwen,json_only,Basic_8:goal_quadrant,coarse_location,A,D,0,0,within_60px_of_x_or_y_divider,1,
task_asset_vqa_v2:Basic_8:qwen:json_only,Basic_8,qwen,json_only,Basic_8:containment,containment,A,A,1,1,,1,
task_asset_vqa_v2:Basic_8:qwen:json_only,Basic_8,qwen,json_only,Basic_8:movable_object_relation,movable_object_relation,F,F,1,1,,1,
task_asset_vqa_v2:FallingAlt_2:qwen:json_only,FallingAlt_2,qwen,json_only,FallingAlt_2:red_shape,shape,D,D,1,1,,1,
task_asset_vqa_v2:FallingAlt_2:qwen:json_only,FallingAlt_2,qwen,json_only,FallingAlt_2:goal_shape,shape,A,A,1,1,,1,
task_asset_vqa_v2:FallingAlt_2:qwen:json_only,FallingAlt_2,qwen,json_only,FallingAlt_2:blue_count,count_color,B,B,1,1,,1,
task_asset_vqa_v2:FallingAlt_2:qwen:json_only,FallingAlt_2,qwen,json_only,FallingAlt_2:colored_count,count_color,C,A,0,1,,1,
task_asset_vqa_v2:FallingAlt_2:qwen:json_only,FallingAlt_2,qwen,json_only,FallingAlt_2:movable_count,movability,B,B,1,1,,1,
task_asset_vqa_v2:FallingAlt_2:qwen:json_only,FallingAlt_2,qwen,json_only,FallingAlt_2:horizontal_relation,relative_position,A,C,0,1,,1,
task_asset_vqa_v2:FallingAlt_2:qwen:json_only,FallingAlt_2,qwen,json_only,FallingAlt_2:vertical_relation,relative_position,A,A,1,1,,1,
task_asset_vqa_v2:FallingAlt_2:qwen:json_only,FallingAlt_2,qwen,json_only,FallingAlt_2:red_quadrant,coarse_location,B,C,0,1,,1,
task_asset_vqa_v2:FallingAlt_2:qwen:json_only,FallingAlt_2,qwen,json_only,FallingAlt_2:goal_quadrant,coarse_location,D,D,1,1,,1,
task_asset_vqa_v2:FallingAlt_2:qwen:json_only,FallingAlt_2,qwen,json_only,FallingAlt_2:containment,containment,A,A,1,1,,1,
task_asset_vqa_v2:FallingAlt_2:qwen:json_only,FallingAlt_2,qwen,json_only,FallingAlt_2:movable_object_relation,movable_object_relation,C,B,0,1,,1,
task_asset_vqa_v2:Basic_10:qwen:json_only,Basic_10,qwen,json_only,Basic_10:red_shape,shape,D,D,1,1,,1,
task_asset_vqa_v2:Basic_10:qwen:json_only,Basic_10,qwen,json_only,Basic_10:goal_shape,shape,A,A,1,1,,1,
task_asset_vqa_v2:Basic_10:qwen:json_only,Basic_10,qwen,json_only,Basic_10:blue_count,count_color,B,B,1,1,,1,
task_asset_vqa_v2:Basic_10:qwen:json_only,Basic_10,qwen,json_only,Basic_10:colored_count,count_color,C,C,1,1,,1,
task_asset_vqa_v2:Basic_10:qwen:json_only,Basic_10,qwen,json_only,Basic_10:movable_count,movability,D,D,1,1,,1,
task_asset_vqa_v2:Basic_10:qwen:json_only,Basic_10,qwen,json_only,Basic_10:horizontal_relation,relative_position,A,B,0,1,,1,
task_asset_vqa_v2:Basic_10:qwen:json_only,Basic_10,qwen,json_only,Basic_10:vertical_relation,relative_position,C,C,1,1,,1,
task_asset_vqa_v2:Basic_10:qwen:json_only,Basic_10,qwen,json_only,Basic_10:red_quadrant,coarse_location,C,C,1,1,,1,
task_asset_vqa_v2:Basic_10:qwen:json_only,Basic_10,qwen,json_only,Basic_10:goal_quadrant,coarse_location,D,D,1,1,,1,
task_asset_vqa_v2:Basic_10:qwen:json_only,Basic_10,qwen,json_only,Basic_10:containment,containment,A,A,1,1,,1,
task_asset_vqa_v2:Basic_10:qwen:json_only,Basic_10,qwen,json_only,Basic_10:movable_object_relation,movable_object_relation,D,G,0,1,,1,
task_asset_vqa_v2:FallingAlt_10:qwen:json_only,FallingAlt_10,qwen,json_only,FallingAlt_10:red_shape,shape,A,A,1,1,,1,
task_asset_vqa_v2:FallingAlt_10:qwen:json_only,FallingAlt_10,qwen,json_only,FallingAlt_10:goal_shape,shape,B,B,1,1,,1,
task_asset_vqa_v2:FallingAlt_10:qwen:json_only,FallingAlt_10,qwen,json_only,FallingAlt_10:blue_count,count_color,C,C,1,1,,1,
task_asset_vqa_v2:FallingAlt_10:qwen:json_only,FallingAlt_10,qwen,json_only,FallingAlt_10:colored_count,count_color,B,B,1,1,,1,
task_asset_vqa_v2:FallingAlt_10:qwen:json_only,FallingAlt_10,qwen,json_only,FallingAlt_10:movable_count,movability,C,C,1,1,,1,
task_asset_vqa_v2:FallingAlt_10:qwen:json_only,FallingAlt_10,qwen,json_only,FallingAlt_10:horizontal_relation,relative_position,C,A,0,1,,1,
task_asset_vqa_v2:FallingAlt_10:qwen:json_only,FallingAlt_10,qwen,json_only,FallingAlt_10:vertical_relation,relative_position,B,B,1,1,,1,
task_asset_vqa_v2:FallingAlt_10:qwen:json_only,FallingAlt_10,qwen,json_only,FallingAlt_10:red_quadrant,coarse_location,D,D,1,1,,1,
task_asset_vqa_v2:FallingAlt_10:qwen:json_only,FallingAlt_10,qwen,json_only,FallingAlt_10:goal_quadrant,coarse_location,B,A,0,1,,1,
task_asset_vqa_v2:FallingAlt_10:qwen:json_only,FallingAlt_10,qwen,json_only,FallingAlt_10:containment,containment,B,B,1,1,,1,
task_asset_vqa_v2:FallingAlt_10:qwen:json_only,FallingAlt_10,qwen,json_only,FallingAlt_10:movable_object_relation,movable_object_relation,B,C,0,1,,1,
task_asset_vqa_v2:BalanceUnder_3:qwen:image_only,BalanceUnder_3,qwen,image_only,BalanceUnder_3:red_shape,shape,B,B,1,1,,1,
task_asset_vqa_v2:BalanceUnder_3:qwen:image_only,BalanceUnder_3,qwen,image_only,BalanceUnder_3:goal_shape,shape,C,C,1,1,,1,
task_asset_vqa_v2:BalanceUnder_3:qwen:image_only,BalanceUnder_3,qwen,image_only,BalanceUnder_3:blue_count,count_color,D,D,1,1,,1,
task_asset_vqa_v2:BalanceUnder_3:qwen:image_only,BalanceUnder_3,qwen,image_only,BalanceUnder_3:colored_count,count_color,E,E,1,1,,1,
task_asset_vqa_v2:BalanceUnder_3:qwen:image_only,BalanceUnder_3,qwen,image_only,BalanceUnder_3:movable_count,movability,F,F,1,1,,1,
task_asset_vqa_v2:BalanceUnder_3:qwen:image_only,BalanceUnder_3,qwen,image_only,BalanceUnder_3:horizontal_relation,relative_position,A,A,1,1,,1,
task_asset_vqa_v2:BalanceUnder_3:qwen:image_only,BalanceUnder_3,qwen,image_only,BalanceUnder_3:vertical_relation,relative_position,B,B,1,1,,1,
task_asset_vqa_v2:BalanceUnder_3:qwen:image_only,BalanceUnder_3,qwen,image_only,BalanceUnder_3:red_quadrant,coarse_location,A,A,1,1,,1,
task_asset_vqa_v2:BalanceUnder_3:qwen:image_only,BalanceUnder_3,qwen,image_only,BalanceUnder_3:goal_quadrant,coarse_location,B,B,1,1,,1,
task_asset_vqa_v2:BalanceUnder_3:qwen:image_only,BalanceUnder_3,qwen,image_only,BalanceUnder_3:containment,containment,A,A,1,1,,1,
task_asset_vqa_v2:BalanceUnder_3:qwen:image_only,BalanceUnder_3,qwen,image_only,BalanceUnder_3:movable_object_relation,movable_object_relation,C,C,1,1,,1,
task_asset_vqa_v2:Basic_6:qwen:image_only,Basic_6,qwen,image_only,Basic_6:red_shape,shape,B,B,1,1,,1,
task_asset_vqa_v2:Basic_6:qwen:image_only,Basic_6,qwen,image_only,Basic_6:goal_shape,shape,C,C,1,1,,1,
task_asset_vqa_v2:Basic_6:qwen:image_only,Basic_6,qwen,image_only,Basic_6:blue_count,count_color,D,D,1,1,,1,
task_asset_vqa_v2:Basic_6:qwen:image_only,Basic_6,qwen,image_only,Basic_6:colored_count,count_color,A,A,1,1,,1,
task_asset_vqa_v2:Basic_6:qwen:image_only,Basic_6,qwen,image_only,Basic_6:movable_count,movability,B,B,1,1,,1,
task_asset_vqa_v2:Basic_6:qwen:image_only,Basic_6,qwen,image_only,Basic_6:horizontal_relation,relative_position,C,C,1,1,,1,
task_asset_vqa_v2:Basic_6:qwen:image_only,Basic_6,qwen,image_only,Basic_6:vertical_relation,relative_position,A,A,1,1,,1,
task_asset_vqa_v2:Basic_6:qwen:image_only,Basic_6,qwen,image_only,Basic_6:red_quadrant,coarse_location,A,A,1,1,,1,
task_asset_vqa_v2:Basic_6:qwen:image_only,Basic_6,qwen,image_only,Basic_6:goal_quadrant,coarse_location,B,B,1,0,within_60px_of_x_or_y_divider,1,
task_asset_vqa_v2:Basic_6:qwen:image_only,Basic_6,qwen,image_only,Basic_6:containment,containment,A,A,1,1,,1,
task_asset_vqa_v2:Basic_6:qwen:image_only,Basic_6,qwen,image_only,Basic_6:movable_object_relation,movable_object_relation,B,B,1,1,,1,
task_asset_vqa_v2:Basic_2:qwen:image_only,Basic_2,qwen,image_only,Basic_2:red_shape,shape,C,C,1,1,,1,
task_asset_vqa_v2:Basic_2:qwen:image_only,Basic_2,qwen,image_only,Basic_2:goal_shape,shape,D,D,1,1,,1,
task_asset_vqa_v2:Basic_2:qwen:image_only,Basic_2,qwen,image_only,Basic_2:blue_count,count_color,A,A,1,1,,1,
task_asset_vqa_v2:Basic_2:qwen:image_only,Basic_2,qwen,image_only,Basic_2:colored_count,count_color,B,B,1,1,,1,
task_asset_vqa_v2:Basic_2:qwen:image_only,Basic_2,qwen,image_only,Basic_2:movable_count,movability,C,C,1,1,,1,
task_asset_vqa_v2:Basic_2:qwen:image_only,Basic_2,qwen,image_only,Basic_2:horizontal_relation,relative_position,A,A,1,1,,1,
task_asset_vqa_v2:Basic_2:qwen:image_only,Basic_2,qwen,image_only,Basic_2:vertical_relation,relative_position,B,B,1,1,,1,
task_asset_vqa_v2:Basic_2:qwen:image_only,Basic_2,qwen,image_only,Basic_2:red_quadrant,coarse_location,B,B,1,1,,1,
task_asset_vqa_v2:Basic_2:qwen:image_only,Basic_2,qwen,image_only,Basic_2:goal_quadrant,coarse_location,A,C,0,0,within_60px_of_x_or_y_divider,1,
task_asset_vqa_v2:Basic_2:qwen:image_only,Basic_2,qwen,image_only,Basic_2:containment,containment,B,B,1,1,,1,
task_asset_vqa_v2:Basic_2:qwen:image_only,Basic_2,qwen,image_only,Basic_2:movable_object_relation,movable_object_relation,I,I,1,1,,1,
task_asset_vqa_v2:FallingAlt_3:qwen:json_only,FallingAlt_3,qwen,json_only,FallingAlt_3:red_shape,shape,C,C,1,1,,1,
task_asset_vqa_v2:FallingAlt_3:qwen:json_only,FallingAlt_3,qwen,json_only,FallingAlt_3:goal_shape,shape,D,D,1,1,,1,
task_asset_vqa_v2:FallingAlt_3:qwen:json_only,FallingAlt_3,qwen,json_only,FallingAlt_3:blue_count,count_color,A,A,1,1,,1,
task_asset_vqa_v2:FallingAlt_3:qwen:json_only,FallingAlt_3,qwen,json_only,FallingAlt_3:colored_count,count_color,F,F,1,1,,1,
task_asset_vqa_v2:FallingAlt_3:qwen:json_only,FallingAlt_3,qwen,json_only,FallingAlt_3:movable_count,movability,A,A,1,1,,1,
task_asset_vqa_v2:FallingAlt_3:qwen:json_only,FallingAlt_3,qwen,json_only,FallingAlt_3:horizontal_relation,relative_position,A,B,0,1,,1,
task_asset_vqa_v2:FallingAlt_3:qwen:json_only,FallingAlt_3,qwen,json_only,FallingAlt_3:vertical_relation,relative_position,C,C,1,1,,1,
task_asset_vqa_v2:FallingAlt_3:qwen:json_only,FallingAlt_3,qwen,json_only,FallingAlt_3:red_quadrant,coarse_location,B,B,1,0,within_60px_of_x_or_y_divider,1,
task_asset_vqa_v2:FallingAlt_3:qwen:json_only,FallingAlt_3,qwen,json_only,FallingAlt_3:goal_quadrant,coarse_location,C,C,1,1,,1,
task_asset_vqa_v2:FallingAlt_3:qwen:json_only,FallingAlt_3,qwen,json_only,FallingAlt_3:containment,containment,B,B,1,1,,1,
task_asset_vqa_v2:FallingAlt_3:qwen:json_only,FallingAlt_3,qwen,json_only,FallingAlt_3:movable_object_relation,movable_object_relation,A,A,1,1,,1,
task_asset_vqa_v2:Basic_10:qwen:image_only,Basic_10,qwen,image_only,Basic_10:red_shape,shape,D,D,1,1,,1,
task_asset_vqa_v2:Basic_10:qwen:image_only,Basic_10,qwen,image_only,Basic_10:goal_shape,shape,A,A,1,1,,1,
task_asset_vqa_v2:Basic_10:qwen:image_only,Basic_10,qwen,image_only,Basic_10:blue_count,count_color,B,B,1,1,,1,
task_asset_vqa_v2:Basic_10:qwen:image_only,Basic_10,qwen,image_only,Basic_10:colored_count,count_color,C,C,1,1,,1,
task_asset_vqa_v2:Basic_10:qwen:image_only,Basic_10,qwen,image_only,Basic_10:movable_count,movability,D,D,1,1,,1,
task_asset_vqa_v2:Basic_10:qwen:image_only,Basic_10,qwen,image_only,Basic_10:horizontal_relation,relative_position,B,B,1,1,,1,
task_asset_vqa_v2:Basic_10:qwen:image_only,Basic_10,qwen,image_only,Basic_10:vertical_relation,relative_position,C,C,1,1,,1,
task_asset_vqa_v2:Basic_10:qwen:image_only,Basic_10,qwen,image_only,Basic_10:red_quadrant,coarse_location,C,C,1,1,,1,
task_asset_vqa_v2:Basic_10:qwen:image_only,Basic_10,qwen,image_only,Basic_10:goal_quadrant,coarse_location,D,D,1,1,,1,
task_asset_vqa_v2:Basic_10:qwen:image_only,Basic_10,qwen,image_only,Basic_10:containment,containment,A,A,1,1,,1,
task_asset_vqa_v2:Basic_10:qwen:image_only,Basic_10,qwen,image_only,Basic_10:movable_object_relation,movable_object_relation,G,G,1,1,,1,
task_asset_vqa_v2:FallingAlt_4:qwen:json_only,FallingAlt_4,qwen,json_only,FallingAlt_4:red_shape,shape,B,B,1,1,,1,
task_asset_vqa_v2:FallingAlt_4:qwen:json_only,FallingAlt_4,qwen,json_only,FallingAlt_4:goal_shape,shape,C,C,1,1,,1,
task_asset_vqa_v2:FallingAlt_4:qwen:json_only,FallingAlt_4,qwen,json_only,FallingAlt_4:blue_count,count_color,D,D,1,1,,1,
task_asset_vqa_v2:FallingAlt_4:qwen:json_only,FallingAlt_4,qwen,json_only,FallingAlt_4:colored_count,count_color,C,E,0,1,,1,
task_asset_vqa_v2:FallingAlt_4:qwen:json_only,FallingAlt_4,qwen,json_only,FallingAlt_4:movable_count,movability,C,F,0,1,,1,
task_asset_vqa_v2:FallingAlt_4:qwen:json_only,FallingAlt_4,qwen,json_only,FallingAlt_4:horizontal_relation,relative_position,C,A,0,1,,1,
task_asset_vqa_v2:FallingAlt_4:qwen:json_only,FallingAlt_4,qwen,json_only,FallingAlt_4:vertical_relation,relative_position,B,B,1,1,,1,
task_asset_vqa_v2:FallingAlt_4:qwen:json_only,FallingAlt_4,qwen,json_only,FallingAlt_4:red_quadrant,coarse_location,B,A,0,0,within_60px_of_x_or_y_divider,1,
task_asset_vqa_v2:FallingAlt_4:qwen:json_only,FallingAlt_4,qwen,json_only,FallingAlt_4:goal_quadrant,coarse_location,B,B,1,1,,1,
task_asset_vqa_v2:FallingAlt_4:qwen:json_only,FallingAlt_4,qwen,json_only,FallingAlt_4:containment,containment,A,A,1,1,,1,
task_asset_vqa_v2:FallingAlt_4:qwen:json_only,FallingAlt_4,qwen,json_only,FallingAlt_4:movable_object_relation,movable_object_relation,B,C,0,1,,1,
task_asset_vqa_v2:Balance_3:qwen:image_only,Balance_3,qwen,image_only,Balance_3:red_shape,shape,B,B,1,1,,1,
task_asset_vqa_v2:Balance_3:qwen:image_only,Balance_3,qwen,image_only,Balance_3:goal_shape,shape,C,C,1,1,,1,
task_asset_vqa_v2:Balance_3:qwen:image_only,Balance_3,qwen,image_only,Balance_3:blue_count,count_color,D,D,1,1,,1,
task_asset_vqa_v2:Balance_3:qwen:image_only,Balance_3,qwen,image_only,Balance_3:colored_count,count_color,C,C,1,1,,1,
task_asset_vqa_v2:Balance_3:qwen:image_only,Balance_3,qwen,image_only,Balance_3:movable_count,movability,D,D,1,1,,1,
task_asset_vqa_v2:Balance_3:qwen:image_only,Balance_3,qwen,image_only,Balance_3:horizontal_relation,relative_position,B,B,1,1,,1,
task_asset_vqa_v2:Balance_3:qwen:image_only,Balance_3,qwen,image_only,Balance_3:vertical_relation,relative_position,C,C,1,1,,1,
task_asset_vqa_v2:Balance_3:qwen:image_only,Balance_3,qwen,image_only,Balance_3:red_quadrant,coarse_location,A,A,1,1,,1,
task_asset_vqa_v2:Balance_3:qwen:image_only,Balance_3,qwen,image_only,Balance_3:goal_quadrant,coarse_location,C,B,0,0,within_60px_of_x_or_y_divider,1,
task_asset_vqa_v2:Balance_3:qwen:image_only,Balance_3,qwen,image_only,Balance_3:containment,containment,A,A,1,1,,1,
task_asset_vqa_v2:Balance_3:qwen:image_only,Balance_3,qwen,image_only,Balance_3:movable_object_relation,movable_object_relation,A,A,1,1,,1,
task_asset_vqa_v2:FallingAlt_5:qwen:json_only,FallingAlt_5,qwen,json_only,FallingAlt_5:red_shape,shape,A,A,1,1,,1,
task_asset_vqa_v2:FallingAlt_5:qwen:json_only,FallingAlt_5,qwen,json_only,FallingAlt_5:goal_shape,shape,B,B,1,1,,1,
task_asset_vqa_v2:FallingAlt_5:qwen:json_only,FallingAlt_5,qwen,json_only,FallingAlt_5:blue_count,count_color,C,C,1,1,,1,
task_asset_vqa_v2:FallingAlt_5:qwen:json_only,FallingAlt_5,qwen,json_only,FallingAlt_5:colored_count,count_color,C,D,0,1,,1,
task_asset_vqa_v2:FallingAlt_5:qwen:json_only,FallingAlt_5,qwen,json_only,FallingAlt_5:movable_count,movability,C,E,0,1,,1,
task_asset_vqa_v2:FallingAlt_5:qwen:json_only,FallingAlt_5,qwen,json_only,FallingAlt_5:horizontal_relation,relative_position,B,C,0,1,,1,
task_asset_vqa_v2:FallingAlt_5:qwen:json_only,FallingAlt_5,qwen,json_only,FallingAlt_5:vertical_relation,relative_position,A,A,1,1,,1,
task_asset_vqa_v2:FallingAlt_5:qwen:json_only,FallingAlt_5,qwen,json_only,FallingAlt_5:red_quadrant,coarse_location,D,D,1,1,,1,
task_asset_vqa_v2:FallingAlt_5:qwen:json_only,FallingAlt_5,qwen,json_only,FallingAlt_5:goal_quadrant,coarse_location,B,A,0,1,,1,
task_asset_vqa_v2:FallingAlt_5:qwen:json_only,FallingAlt_5,qwen,json_only,FallingAlt_5:containment,containment,B,B,1,1,,1,
task_asset_vqa_v2:FallingAlt_5:qwen:json_only,FallingAlt_5,qwen,json_only,FallingAlt_5:movable_object_relation,movable_object_relation,A,B,0,1,,1,
task_asset_vqa_v2:FallingAlt_6:qwen:json_only,FallingAlt_6,qwen,json_only,FallingAlt_6:red_shape,shape,D,D,1,1,,1,
task_asset_vqa_v2:FallingAlt_6:qwen:json_only,FallingAlt_6,qwen,json_only,FallingAlt_6:goal_shape,shape,A,A,1,1,,1,
task_asset_vqa_v2:FallingAlt_6:qwen:json_only,FallingAlt_6,qwen,json_only,FallingAlt_6:blue_count,count_color,B,B,1,1,,1,
task_asset_vqa_v2:FallingAlt_6:qwen:json_only,FallingAlt_6,qwen,json_only,FallingAlt_6:colored_count,count_color,C,C,1,1,,1,
task_asset_vqa_v2:FallingAlt_6:qwen:json_only,FallingAlt_6,qwen,json_only,FallingAlt_6:movable_count,movability,D,D,1,1,,1,
task_asset_vqa_v2:FallingAlt_6:qwen:json_only,FallingAlt_6,qwen,json_only,FallingAlt_6:horizontal_relation,relative_position,B,B,1,1,,1,
task_asset_vqa_v2:FallingAlt_6:qwen:json_only,FallingAlt_6,qwen,json_only,FallingAlt_6:vertical_relation,relative_position,C,C,1,1,,1,
task_asset_vqa_v2:FallingAlt_6:qwen:json_only,FallingAlt_6,qwen,json_only,FallingAlt_6:red_quadrant,coarse_location,B,C,0,0,within_60px_of_x_or_y_divider,1,
task_asset_vqa_v2:FallingAlt_6:qwen:json_only,FallingAlt_6,qwen,json_only,FallingAlt_6:goal_quadrant,coarse_location,D,D,1,1,,1,
task_asset_vqa_v2:FallingAlt_6:qwen:json_only,FallingAlt_6,qwen,json_only,FallingAlt_6:containment,containment,A,A,1,1,,1,
task_asset_vqa_v2:FallingAlt_6:qwen:json_only,FallingAlt_6,qwen,json_only,FallingAlt_6:movable_object_relation,movable_object_relation,A,A,1,1,,1,
task_asset_vqa_v2:FallingAlt_9:qwen:json_only,FallingAlt_9,qwen,json_only,FallingAlt_9:red_shape,shape,A,A,1,1,,1,
task_asset_vqa_v2:FallingAlt_9:qwen:json_only,FallingAlt_9,qwen,json_only,FallingAlt_9:goal_shape,shape,B,B,1,1,,1,
task_asset_vqa_v2:FallingAlt_9:qwen:json_only,FallingAlt_9,qwen,json_only,FallingAlt_9:blue_count,count_color,C,C,1,1,,1,
task_asset_vqa_v2:FallingAlt_9:qwen:json_only,FallingAlt_9,qwen,json_only,FallingAlt_9:colored_count,count_color,F,F,1,1,,1,
task_asset_vqa_v2:FallingAlt_9:qwen:json_only,FallingAlt_9,qwen,json_only,FallingAlt_9:movable_count,movability,A,A,1,1,,1,
task_asset_vqa_v2:FallingAlt_9:qwen:json_only,FallingAlt_9,qwen,json_only,FallingAlt_9:horizontal_relation,relative_position,A,B,0,1,,1,
task_asset_vqa_v2:FallingAlt_9:qwen:json_only,FallingAlt_9,qwen,json_only,FallingAlt_9:vertical_relation,relative_position,C,C,1,1,,1,
task_asset_vqa_v2:FallingAlt_9:qwen:json_only,FallingAlt_9,qwen,json_only,FallingAlt_9:red_quadrant,coarse_location,D,D,1,1,,1,
task_asset_vqa_v2:FallingAlt_9:qwen:json_only,FallingAlt_9,qwen,json_only,FallingAlt_9:goal_quadrant,coarse_location,A,A,1,1,,1,
task_asset_vqa_v2:FallingAlt_9:qwen:json_only,FallingAlt_9,qwen,json_only,FallingAlt_9:containment,containment,B,B,1,1,,1,
task_asset_vqa_v2:FallingAlt_9:qwen:json_only,FallingAlt_9,qwen,json_only,FallingAlt_9:movable_object_relation,movable_object_relation,A,A,1,1,,1,
task_asset_vqa_v2:FallingAlt_8:qwen:json_only,FallingAlt_8,qwen,json_only,FallingAlt_8:red_shape,shape,B,B,1,1,,1,
task_asset_vqa_v2:FallingAlt_8:qwen:json_only,FallingAlt_8,qwen,json_only,FallingAlt_8:goal_shape,shape,C,C,1,1,,1,
task_asset_vqa_v2:FallingAlt_8:qwen:json_only,FallingAlt_8,qwen,json_only,FallingAlt_8:blue_count,count_color,D,D,1,1,,1,
task_asset_vqa_v2:FallingAlt_8:qwen:json_only,FallingAlt_8,qwen,json_only,FallingAlt_8:colored_count,count_color,C,A,0,1,,1,
task_asset_vqa_v2:FallingAlt_8:qwen:json_only,FallingAlt_8,qwen,json_only,FallingAlt_8:movable_count,movability,B,B,1,1,,1,
task_asset_vqa_v2:FallingAlt_8:qwen:json_only,FallingAlt_8,qwen,json_only,FallingAlt_8:horizontal_relation,relative_position,C,C,1,1,,1,
task_asset_vqa_v2:FallingAlt_8:qwen:json_only,FallingAlt_8,qwen,json_only,FallingAlt_8:vertical_relation,relative_position,A,A,1,1,,1,
task_asset_vqa_v2:FallingAlt_8:qwen:json_only,FallingAlt_8,qwen,json_only,FallingAlt_8:red_quadrant,coarse_location,B,A,0,0,within_60px_of_x_or_y_divider,1,
task_asset_vqa_v2:FallingAlt_8:qwen:json_only,FallingAlt_8,qwen,json_only,FallingAlt_8:goal_quadrant,coarse_location,B,B,1,1,,1,
task_asset_vqa_v2:FallingAlt_8:qwen:json_only,FallingAlt_8,qwen,json_only,FallingAlt_8:containment,containment,A,A,1,1,,1,
task_asset_vqa_v2:FallingAlt_8:qwen:json_only,FallingAlt_8,qwen,json_only,FallingAlt_8:movable_object_relation,movable_object_relation,C,B,0,1,,1,
task_asset_vqa_v2:FallingAlt_3:qwen:image_only,FallingAlt_3,qwen,image_only,FallingAlt_3:red_shape,shape,C,C,1,1,,1,
task_asset_vqa_v2:FallingAlt_3:qwen:image_only,FallingAlt_3,qwen,image_only,FallingAlt_3:goal_shape,shape,D,D,1,1,,1,
task_asset_vqa_v2:FallingAlt_3:qwen:image_only,FallingAlt_3,qwen,image_only,FallingAlt_3:blue_count,count_color,A,A,1,1,,1,
task_asset_vqa_v2:FallingAlt_3:qwen:image_only,FallingAlt_3,qwen,image_only,FallingAlt_3:colored_count,count_color,F,F,1,1,,1,
task_asset_vqa_v2:FallingAlt_3:qwen:image_only,FallingAlt_3,qwen,image_only,FallingAlt_3:movable_count,movability,A,A,1,1,,1,
task_asset_vqa_v2:FallingAlt_3:qwen:image_only,FallingAlt_3,qwen,image_only,FallingAlt_3:horizontal_relation,relative_position,B,B,1,1,,1,
task_asset_vqa_v2:FallingAlt_3:qwen:image_only,FallingAlt_3,qwen,image_only,FallingAlt_3:vertical_relation,relative_position,C,C,1,1,,1,
task_asset_vqa_v2:FallingAlt_3:qwen:image_only,FallingAlt_3,qwen,image_only,FallingAlt_3:red_quadrant,coarse_location,B,B,1,0,within_60px_of_x_or_y_divider,1,
task_asset_vqa_v2:FallingAlt_3:qwen:image_only,FallingAlt_3,qwen,image_only,FallingAlt_3:goal_quadrant,coarse_location,C,C,1,1,,1,
task_asset_vqa_v2:FallingAlt_3:qwen:image_only,FallingAlt_3,qwen,image_only,FallingAlt_3:containment,containment,B,B,1,1,,1,
task_asset_vqa_v2:FallingAlt_3:qwen:image_only,FallingAlt_3,qwen,image_only,FallingAlt_3:movable_object_relation,movable_object_relation,A,A,1,1,,1,
task_asset_vqa_v2:FallingAlt_1:qwen:image_only,FallingAlt_1,qwen,image_only,FallingAlt_1:red_shape,shape,B,B,1,1,,1,
task_asset_vqa_v2:FallingAlt_1:qwen:image_only,FallingAlt_1,qwen,image_only,FallingAlt_1:goal_shape,shape,A,C,0,1,,1,
task_asset_vqa_v2:FallingAlt_1:qwen:image_only,FallingAlt_1,qwen,image_only,FallingAlt_1:blue_count,count_color,D,D,1,1,,1,
task_asset_vqa_v2:FallingAlt_1:qwen:image_only,FallingAlt_1,qwen,image_only,FallingAlt_1:colored_count,count_color,C,C,1,1,,1,
task_asset_vqa_v2:FallingAlt_1:qwen:image_only,FallingAlt_1,qwen,image_only,FallingAlt_1:movable_count,movability,D,D,1,1,,1,
task_asset_vqa_v2:FallingAlt_1:qwen:image_only,FallingAlt_1,qwen,image_only,FallingAlt_1:horizontal_relation,relative_position,B,B,1,1,,1,
task_asset_vqa_v2:FallingAlt_1:qwen:image_only,FallingAlt_1,qwen,image_only,FallingAlt_1:vertical_relation,relative_position,C,C,1,1,,1,
task_asset_vqa_v2:FallingAlt_1:qwen:image_only,FallingAlt_1,qwen,image_only,FallingAlt_1:red_quadrant,coarse_location,A,A,1,0,within_60px_of_x_or_y_divider,1,
task_asset_vqa_v2:FallingAlt_1:qwen:image_only,FallingAlt_1,qwen,image_only,FallingAlt_1:goal_quadrant,coarse_location,B,B,1,1,,1,
task_asset_vqa_v2:FallingAlt_1:qwen:image_only,FallingAlt_1,qwen,image_only,FallingAlt_1:containment,containment,A,A,1,1,,1,
task_asset_vqa_v2:FallingAlt_1:qwen:image_only,FallingAlt_1,qwen,image_only,FallingAlt_1:movable_object_relation,movable_object_relation,A,A,1,1,,1,
task_asset_vqa_v2:FallingAlt_7:qwen:json_only,FallingAlt_7,qwen,json_only,FallingAlt_7:red_shape,shape,C,C,1,1,,1,
task_asset_vqa_v2:FallingAlt_7:qwen:json_only,FallingAlt_7,qwen,json_only,FallingAlt_7:goal_shape,shape,D,D,1,1,,1,
task_asset_vqa_v2:FallingAlt_7:qwen:json_only,FallingAlt_7,qwen,json_only,FallingAlt_7:blue_count,count_color,A,A,1,1,,1,
task_asset_vqa_v2:FallingAlt_7:qwen:json_only,FallingAlt_7,qwen,json_only,FallingAlt_7:colored_count,count_color,B,B,1,1,,1,
task_asset_vqa_v2:FallingAlt_7:qwen:json_only,FallingAlt_7,qwen,json_only,FallingAlt_7:movable_count,movability,C,C,1,1,,1,
task_asset_vqa_v2:FallingAlt_7:qwen:json_only,FallingAlt_7,qwen,json_only,FallingAlt_7:horizontal_relation,relative_position,C,A,0,1,,1,
task_asset_vqa_v2:FallingAlt_7:qwen:json_only,FallingAlt_7,qwen,json_only,FallingAlt_7:vertical_relation,relative_position,B,B,1,1,,1,
task_asset_vqa_v2:FallingAlt_7:qwen:json_only,FallingAlt_7,qwen,json_only,FallingAlt_7:red_quadrant,coarse_location,D,B,0,0,within_60px_of_x_or_y_divider,1,
task_asset_vqa_v2:FallingAlt_7:qwen:json_only,FallingAlt_7,qwen,json_only,FallingAlt_7:goal_quadrant,coarse_location,C,C,1,1,,1,
task_asset_vqa_v2:FallingAlt_7:qwen:json_only,FallingAlt_7,qwen,json_only,FallingAlt_7:containment,containment,B,B,1,1,,1,
task_asset_vqa_v2:FallingAlt_7:qwen:json_only,FallingAlt_7,qwen,json_only,FallingAlt_7:movable_object_relation,movable_object_relation,C,C,1,1,,1,
task_asset_vqa_v2:FallingAlt_4:qwen:image_only,FallingAlt_4,qwen,image_only,FallingAlt_4:red_shape,shape,B,B,1,1,,1,
task_asset_vqa_v2:FallingAlt_4:qwen:image_only,FallingAlt_4,qwen,image_only,FallingAlt_4:goal_shape,shape,C,C,1,1,,1,
task_asset_vqa_v2:FallingAlt_4:qwen:image_only,FallingAlt_4,qwen,image_only,FallingAlt_4:blue_count,count_color,D,D,1,1,,1,
task_asset_vqa_v2:FallingAlt_4:qwen:image_only,FallingAlt_4,qwen,image_only,FallingAlt_4:colored_count,count_color,E,E,1,1,,1,
task_asset_vqa_v2:FallingAlt_4:qwen:image_only,FallingAlt_4,qwen,image_only,FallingAlt_4:movable_count,movability,F,F,1,1,,1,
task_asset_vqa_v2:FallingAlt_4:qwen:image_only,FallingAlt_4,qwen,image_only,FallingAlt_4:horizontal_relation,relative_position,A,A,1,1,,1,
task_asset_vqa_v2:FallingAlt_4:qwen:image_only,FallingAlt_4,qwen,image_only,FallingAlt_4:vertical_relation,relative_position,B,B,1,1,,1,
task_asset_vqa_v2:FallingAlt_4:qwen:image_only,FallingAlt_4,qwen,image_only,FallingAlt_4:red_quadrant,coarse_location,A,A,1,0,within_60px_of_x_or_y_divider,1,
task_asset_vqa_v2:FallingAlt_4:qwen:image_only,FallingAlt_4,qwen,image_only,FallingAlt_4:goal_quadrant,coarse_location,B,B,1,1,,1,
task_asset_vqa_v2:FallingAlt_4:qwen:image_only,FallingAlt_4,qwen,image_only,FallingAlt_4:containment,containment,A,A,1,1,,1,
task_asset_vqa_v2:FallingAlt_4:qwen:image_only,FallingAlt_4,qwen,image_only,FallingAlt_4:movable_object_relation,movable_object_relation,C,C,1,1,,1,
task_asset_vqa_v2:FallingAlt_7:qwen:image_only,FallingAlt_7,qwen,image_only,FallingAlt_7:red_shape,shape,C,C,1,1,,1,
task_asset_vqa_v2:FallingAlt_7:qwen:image_only,FallingAlt_7,qwen,image_only,FallingAlt_7:goal_shape,shape,D,D,1,1,,1,
task_asset_vqa_v2:FallingAlt_7:qwen:image_only,FallingAlt_7,qwen,image_only,FallingAlt_7:blue_count,count_color,A,A,1,1,,1,
task_asset_vqa_v2:FallingAlt_7:qwen:image_only,FallingAlt_7,qwen,image_only,FallingAlt_7:colored_count,count_color,B,B,1,1,,1,
task_asset_vqa_v2:FallingAlt_7:qwen:image_only,FallingAlt_7,qwen,image_only,FallingAlt_7:movable_count,movability,C,C,1,1,,1,
task_asset_vqa_v2:FallingAlt_7:qwen:image_only,FallingAlt_7,qwen,image_only,FallingAlt_7:horizontal_relation,relative_position,A,A,1,1,,1,
task_asset_vqa_v2:FallingAlt_7:qwen:image_only,FallingAlt_7,qwen,image_only,FallingAlt_7:vertical_relation,relative_position,B,B,1,1,,1,
task_asset_vqa_v2:FallingAlt_7:qwen:image_only,FallingAlt_7,qwen,image_only,FallingAlt_7:red_quadrant,coarse_location,B,B,1,0,within_60px_of_x_or_y_divider,1,
task_asset_vqa_v2:FallingAlt_7:qwen:image_only,FallingAlt_7,qwen,image_only,FallingAlt_7:goal_quadrant,coarse_location,C,C,1,1,,1,
task_asset_vqa_v2:FallingAlt_7:qwen:image_only,FallingAlt_7,qwen,image_only,FallingAlt_7:containment,containment,B,B,1,1,,1,
task_asset_vqa_v2:FallingAlt_7:qwen:image_only,FallingAlt_7,qwen,image_only,FallingAlt_7:movable_object_relation,movable_object_relation,C,C,1,1,,1,
task_asset_vqa_v2:FallingAlt_10:qwen:image_only,FallingAlt_10,qwen,image_only,FallingAlt_10:red_shape,shape,A,A,1,1,,1,
task_asset_vqa_v2:FallingAlt_10:qwen:image_only,FallingAlt_10,qwen,image_only,FallingAlt_10:goal_shape,shape,C,B,0,1,,1,
task_asset_vqa_v2:FallingAlt_10:qwen:image_only,FallingAlt_10,qwen,image_only,FallingAlt_10:blue_count,count_color,C,C,1,1,,1,
task_asset_vqa_v2:FallingAlt_10:qwen:image_only,FallingAlt_10,qwen,image_only,FallingAlt_10:colored_count,count_color,B,B,1,1,,1,
task_asset_vqa_v2:FallingAlt_10:qwen:image_only,FallingAlt_10,qwen,image_only,FallingAlt_10:movable_count,movability,C,C,1,1,,1,
task_asset_vqa_v2:FallingAlt_10:qwen:image_only,FallingAlt_10,qwen,image_only,FallingAlt_10:horizontal_relation,relative_position,A,A,1,1,,1,
task_asset_vqa_v2:FallingAlt_10:qwen:image_only,FallingAlt_10,qwen,image_only,FallingAlt_10:vertical_relation,relative_position,B,B,1,1,,1,
task_asset_vqa_v2:FallingAlt_10:qwen:image_only,FallingAlt_10,qwen,image_only,FallingAlt_10:red_quadrant,coarse_location,D,D,1,1,,1,
task_asset_vqa_v2:FallingAlt_10:qwen:image_only,FallingAlt_10,qwen,image_only,FallingAlt_10:goal_quadrant,coarse_location,A,A,1,1,,1,
task_asset_vqa_v2:FallingAlt_10:qwen:image_only,FallingAlt_10,qwen,image_only,FallingAlt_10:containment,containment,B,B,1,1,,1,
task_asset_vqa_v2:FallingAlt_10:qwen:image_only,FallingAlt_10,qwen,image_only,FallingAlt_10:movable_object_relation,movable_object_relation,C,C,1,1,,1,
task_asset_vqa_v2:Basic_9:qwen:image_only,Basic_9,qwen,image_only,Basic_9:red_shape,shape,C,C,1,1,,1,
task_asset_vqa_v2:Basic_9:qwen:image_only,Basic_9,qwen,image_only,Basic_9:goal_shape,shape,D,D,1,1,,1,
task_asset_vqa_v2:Basic_9:qwen:image_only,Basic_9,qwen,image_only,Basic_9:blue_count,count_color,A,A,1,1,,1,
task_asset_vqa_v2:Basic_9:qwen:image_only,Basic_9,qwen,image_only,Basic_9:colored_count,count_color,D,D,1,1,,1,
task_asset_vqa_v2:Basic_9:qwen:image_only,Basic_9,qwen,image_only,Basic_9:movable_count,movability,E,E,1,1,,1,
task_asset_vqa_v2:Basic_9:qwen:image_only,Basic_9,qwen,image_only,Basic_9:horizontal_relation,relative_position,C,C,1,1,,1,
task_asset_vqa_v2:Basic_9:qwen:image_only,Basic_9,qwen,image_only,Basic_9:vertical_relation,relative_position,A,A,1,1,,1,
task_asset_vqa_v2:Basic_9:qwen:image_only,Basic_9,qwen,image_only,Basic_9:red_quadrant,coarse_location,B,B,1,0,within_60px_of_x_or_y_divider,1,
task_asset_vqa_v2:Basic_9:qwen:image_only,Basic_9,qwen,image_only,Basic_9:goal_quadrant,coarse_location,B,C,0,0,within_60px_of_x_or_y_divider,1,
task_asset_vqa_v2:Basic_9:qwen:image_only,Basic_9,qwen,image_only,Basic_9:containment,containment,B,B,1,1,,1,
task_asset_vqa_v2:Basic_9:qwen:image_only,Basic_9,qwen,image_only,Basic_9:movable_object_relation,movable_object_relation,H,H,1,1,,1,
task_asset_vqa_v2:FallingAlt_2:qwen:image_only,FallingAlt_2,qwen,image_only,FallingAlt_2:red_shape,shape,D,D,1,1,,1,
task_asset_vqa_v2:FallingAlt_2:qwen:image_only,FallingAlt_2,qwen,image_only,FallingAlt_2:goal_shape,shape,A,A,1,1,,1,
task_asset_vqa_v2:FallingAlt_2:qwen:image_only,FallingAlt_2,qwen,image_only,FallingAlt_2:blue_count,count_color,B,B,1,1,,1,
task_asset_vqa_v2:FallingAlt_2:qwen:image_only,FallingAlt_2,qwen,image_only,FallingAlt_2:colored_count,count_color,A,A,1,1,,1,
task_asset_vqa_v2:FallingAlt_2:qwen:image_only,FallingAlt_2,qwen,image_only,FallingAlt_2:movable_count,movability,B,B,1,1,,1,
task_asset_vqa_v2:FallingAlt_2:qwen:image_only,FallingAlt_2,qwen,image_only,FallingAlt_2:horizontal_relation,relative_position,C,C,1,1,,1,
task_asset_vqa_v2:FallingAlt_2:qwen:image_only,FallingAlt_2,qwen,image_only,FallingAlt_2:vertical_relation,relative_position,A,A,1,1,,1,
task_asset_vqa_v2:FallingAlt_2:qwen:image_only,FallingAlt_2,qwen,image_only,FallingAlt_2:red_quadrant,coarse_location,C,C,1,1,,1,
task_asset_vqa_v2:FallingAlt_2:qwen:image_only,FallingAlt_2,qwen,image_only,FallingAlt_2:goal_quadrant,coarse_location,D,D,1,1,,1,
task_asset_vqa_v2:FallingAlt_2:qwen:image_only,FallingAlt_2,qwen,image_only,FallingAlt_2:containment,containment,A,A,1,1,,1,
task_asset_vqa_v2:FallingAlt_2:qwen:image_only,FallingAlt_2,qwen,image_only,FallingAlt_2:movable_object_relation,movable_object_relation,B,B,1,1,,1,
task_asset_vqa_v2:FallingAlt_9:qwen:image_only,FallingAlt_9,qwen,image_only,FallingAlt_9:red_shape,shape,A,A,1,1,,1,
task_asset_vqa_v2:FallingAlt_9:qwen:image_only,FallingAlt_9,qwen,image_only,FallingAlt_9:goal_shape,shape,C,B,0,1,,1,
task_asset_vqa_v2:FallingAlt_9:qwen:image_only,FallingAlt_9,qwen,image_only,FallingAlt_9:blue_count,count_color,C,C,1,1,,1,
task_asset_vqa_v2:FallingAlt_9:qwen:image_only,FallingAlt_9,qwen,image_only,FallingAlt_9:colored_count,count_color,F,F,1,1,,1,
task_asset_vqa_v2:FallingAlt_9:qwen:image_only,FallingAlt_9,qwen,image_only,FallingAlt_9:movable_count,movability,A,A,1,1,,1,
task_asset_vqa_v2:FallingAlt_9:qwen:image_only,FallingAlt_9,qwen,image_only,FallingAlt_9:horizontal_relation,relative_position,B,B,1,1,,1,
task_asset_vqa_v2:FallingAlt_9:qwen:image_only,FallingAlt_9,qwen,image_only,FallingAlt_9:vertical_relation,relative_position,C,C,1,1,,1,
task_asset_vqa_v2:FallingAlt_9:qwen:image_only,FallingAlt_9,qwen,image_only,FallingAlt_9:red_quadrant,coarse_location,D,D,1,1,,1,
task_asset_vqa_v2:FallingAlt_9:qwen:image_only,FallingAlt_9,qwen,image_only,FallingAlt_9:goal_quadrant,coarse_location,A,A,1,1,,1,
task_asset_vqa_v2:FallingAlt_9:qwen:image_only,FallingAlt_9,qwen,image_only,FallingAlt_9:containment,containment,B,B,1,1,,1,
task_asset_vqa_v2:FallingAlt_9:qwen:image_only,FallingAlt_9,qwen,image_only,FallingAlt_9:movable_object_relation,movable_object_relation,A,A,1,1,,1,
task_asset_vqa_v2:Falling_10:qwen:image_only,Falling_10,qwen,image_only,Falling_10:red_shape,shape,C,C,1,1,,1,
task_asset_vqa_v2:Falling_10:qwen:image_only,Falling_10,qwen,image_only,Falling_10:goal_shape,shape,D,D,1,1,,1,
task_asset_vqa_v2:Falling_10:qwen:image_only,Falling_10,qwen,image_only,Falling_10:blue_count,count_color,A,A,1,1,,1,
task_asset_vqa_v2:Falling_10:qwen:image_only,Falling_10,qwen,image_only,Falling_10:colored_count,count_color,D,D,1,1,,1,
task_asset_vqa_v2:Falling_10:qwen:image_only,Falling_10,qwen,image_only,Falling_10:movable_count,movability,E,E,1,1,,1,
task_asset_vqa_v2:Falling_10:qwen:image_only,Falling_10,qwen,image_only,Falling_10:horizontal_relation,relative_position,C,C,1,1,,1,
task_asset_vqa_v2:Falling_10:qwen:image_only,Falling_10,qwen,image_only,Falling_10:vertical_relation,relative_position,A,A,1,1,,1,
task_asset_vqa_v2:Falling_10:qwen:image_only,Falling_10,qwen,image_only,Falling_10:red_quadrant,coarse_location,B,B,1,0,within_60px_of_x_or_y_divider,1,
task_asset_vqa_v2:Falling_10:qwen:image_only,Falling_10,qwen,image_only,Falling_10:goal_quadrant,coarse_location,C,C,1,1,,1,
task_asset_vqa_v2:Falling_10:qwen:image_only,Falling_10,qwen,image_only,Falling_10:containment,containment,B,B,1,1,,1,
task_asset_vqa_v2:Falling_10:qwen:image_only,Falling_10,qwen,image_only,Falling_10:movable_object_relation,movable_object_relation,B,B,1,1,,1,
task_asset_vqa_v2:FallingAlt_5:qwen:image_only,FallingAlt_5,qwen,image_only,FallingAlt_5:red_shape,shape,A,A,1,1,,1,
task_asset_vqa_v2:FallingAlt_5:qwen:image_only,FallingAlt_5,qwen,image_only,FallingAlt_5:goal_shape,shape,C,B,0,1,,1,
task_asset_vqa_v2:FallingAlt_5:qwen:image_only,FallingAlt_5,qwen,image_only,FallingAlt_5:blue_count,count_color,C,C,1,1,,1,
task_asset_vqa_v2:FallingAlt_5:qwen:image_only,FallingAlt_5,qwen,image_only,FallingAlt_5:colored_count,count_color,D,D,1,1,,1,
task_asset_vqa_v2:FallingAlt_5:qwen:image_only,FallingAlt_5,qwen,image_only,FallingAlt_5:movable_count,movability,E,E,1,1,,1,
task_asset_vqa_v2:FallingAlt_5:qwen:image_only,FallingAlt_5,qwen,image_only,FallingAlt_5:horizontal_relation,relative_position,C,C,1,1,,1,
task_asset_vqa_v2:FallingAlt_5:qwen:image_only,FallingAlt_5,qwen,image_only,FallingAlt_5:vertical_relation,relative_position,A,A,1,1,,1,
task_asset_vqa_v2:FallingAlt_5:qwen:image_only,FallingAlt_5,qwen,image_only,FallingAlt_5:red_quadrant,coarse_location,D,D,1,1,,1,
task_asset_vqa_v2:FallingAlt_5:qwen:image_only,FallingAlt_5,qwen,image_only,FallingAlt_5:goal_quadrant,coarse_location,A,A,1,1,,1,
task_asset_vqa_v2:FallingAlt_5:qwen:image_only,FallingAlt_5,qwen,image_only,FallingAlt_5:containment,containment,B,B,1,1,,1,
task_asset_vqa_v2:FallingAlt_5:qwen:image_only,FallingAlt_5,qwen,image_only,FallingAlt_5:movable_object_relation,movable_object_relation,B,B,1,1,,1,
task_asset_vqa_v2:FallingAlt_8:qwen:image_only,FallingAlt_8,qwen,image_only,FallingAlt_8:red_shape,shape,B,B,1,1,,1,
task_asset_vqa_v2:FallingAlt_8:qwen:image_only,FallingAlt_8,qwen,image_only,FallingAlt_8:goal_shape,shape,A,C,0,1,,1,
task_asset_vqa_v2:FallingAlt_8:qwen:image_only,FallingAlt_8,qwen,image_only,FallingAlt_8:blue_count,count_color,D,D,1,1,,1,
task_asset_vqa_v2:FallingAlt_8:qwen:image_only,FallingAlt_8,qwen,image_only,FallingAlt_8:colored_count,count_color,A,A,1,1,,1,
task_asset_vqa_v2:FallingAlt_8:qwen:image_only,FallingAlt_8,qwen,image_only,FallingAlt_8:movable_count,movability,B,B,1,1,,1,
task_asset_vqa_v2:FallingAlt_8:qwen:image_only,FallingAlt_8,qwen,image_only,FallingAlt_8:horizontal_relation,relative_position,C,C,1,1,,1,
task_asset_vqa_v2:FallingAlt_8:qwen:image_only,FallingAlt_8,qwen,image_only,FallingAlt_8:vertical_relation,relative_position,A,A,1,1,,1,
task_asset_vqa_v2:FallingAlt_8:qwen:image_only,FallingAlt_8,qwen,image_only,FallingAlt_8:red_quadrant,coarse_location,B,A,0,0,within_60px_of_x_or_y_divider,1,
task_asset_vqa_v2:FallingAlt_8:qwen:image_only,FallingAlt_8,qwen,image_only,FallingAlt_8:goal_quadrant,coarse_location,B,B,1,1,,1,
task_asset_vqa_v2:FallingAlt_8:qwen:image_only,FallingAlt_8,qwen,image_only,FallingAlt_8:containment,containment,A,A,1,1,,1,
task_asset_vqa_v2:FallingAlt_8:qwen:image_only,FallingAlt_8,qwen,image_only,FallingAlt_8:movable_object_relation,movable_object_relation,B,B,1,1,,1,
task_asset_vqa_v2:Falling_5:qwen:json_only,Falling_5,qwen,json_only,Falling_5:red_shape,shape,D,D,1,1,,1,
task_asset_vqa_v2:Falling_5:qwen:json_only,Falling_5,qwen,json_only,Falling_5:goal_shape,shape,A,A,1,1,,1,
task_asset_vqa_v2:Falling_5:qwen:json_only,Falling_5,qwen,json_only,Falling_5:blue_count,count_color,B,B,1,1,,1,
task_asset_vqa_v2:Falling_5:qwen:json_only,Falling_5,qwen,json_only,Falling_5:colored_count,count_color,C,A,0,1,,1,
task_asset_vqa_v2:Falling_5:qwen:json_only,Falling_5,qwen,json_only,Falling_5:movable_count,movability,B,B,1,1,,1,
task_asset_vqa_v2:Falling_5:qwen:json_only,Falling_5,qwen,json_only,Falling_5:horizontal_relation,relative_position,C,C,1,1,,1,
task_asset_vqa_v2:Falling_5:qwen:json_only,Falling_5,qwen,json_only,Falling_5:vertical_relation,relative_position,A,A,1,1,,1,
task_asset_vqa_v2:Falling_5:qwen:json_only,Falling_5,qwen,json_only,Falling_5:red_quadrant,coarse_location,C,C,1,0,within_60px_of_x_or_y_divider,1,
task_asset_vqa_v2:Falling_5:qwen:json_only,Falling_5,qwen,json_only,Falling_5:goal_quadrant,coarse_location,D,D,1,1,,1,
task_asset_vqa_v2:Falling_5:qwen:json_only,Falling_5,qwen,json_only,Falling_5:containment,containment,A,A,1,1,,1,
task_asset_vqa_v2:Falling_5:qwen:json_only,Falling_5,qwen,json_only,Falling_5:movable_object_relation,movable_object_relation,A,B,0,1,,1,
task_asset_vqa_v2:Falling_1:qwen:json_only,Falling_1,qwen,json_only,Falling_1:red_shape,shape,D,D,1,1,,1,
task_asset_vqa_v2:Falling_1:qwen:json_only,Falling_1,qwen,json_only,Falling_1:goal_shape,shape,A,A,1,1,,1,
task_asset_vqa_v2:Falling_1:qwen:json_only,Falling_1,qwen,json_only,Falling_1:blue_count,count_color,B,B,1,1,,1,
task_asset_vqa_v2:Falling_1:qwen:json_only,Falling_1,qwen,json_only,Falling_1:colored_count,count_color,E,E,1,1,,1,
task_asset_vqa_v2:Falling_1:qwen:json_only,Falling_1,qwen,json_only,Falling_1:movable_count,movability,F,F,1,1,,1,
task_asset_vqa_v2:Falling_1:qwen:json_only,Falling_1,qwen,json_only,Falling_1:horizontal_relation,relative_position,A,A,1,1,,1,
task_asset_vqa_v2:Falling_1:qwen:json_only,Falling_1,qwen,json_only,Falling_1:vertical_relation,relative_position,B,B,1,1,,1,
task_asset_vqa_v2:Falling_1:qwen:json_only,Falling_1,qwen,json_only,Falling_1:red_quadrant,coarse_location,D,C,0,0,within_60px_of_x_or_y_divider,1,
task_asset_vqa_v2:Falling_1:qwen:json_only,Falling_1,qwen,json_only,Falling_1:goal_quadrant,coarse_location,C,D,0,0,within_60px_of_x_or_y_divider,1,
task_asset_vqa_v2:Falling_1:qwen:json_only,Falling_1,qwen,json_only,Falling_1:containment,containment,A,A,1,1,,1,
task_asset_vqa_v2:Falling_1:qwen:json_only,Falling_1,qwen,json_only,Falling_1:movable_object_relation,movable_object_relation,A,C,0,1,,1,
task_asset_vqa_v2:Falling_2:qwen:json_only,Falling_2,qwen,json_only,Falling_2:red_shape,shape,B,B,1,1,,1,
task_asset_vqa_v2:Falling_2:qwen:json_only,Falling_2,qwen,json_only,Falling_2:goal_shape,shape,C,C,1,1,,1,
task_asset_vqa_v2:Falling_2:qwen:json_only,Falling_2,qwen,json_only,Falling_2:blue_count,count_color,D,D,1,1,,1,
task_asset_vqa_v2:Falling_2:qwen:json_only,Falling_2,qwen,json_only,Falling_2:colored_count,count_color,C,C,1,1,,1,
task_asset_vqa_v2:Falling_2:qwen:json_only,Falling_2,qwen,json_only,Falling_2:movable_count,movability,D,D,1,1,,1,
task_asset_vqa_v2:Falling_2:qwen:json_only,Falling_2,qwen,json_only,Falling_2:horizontal_relation,relative_position,A,B,0,1,,1,
task_asset_vqa_v2:Falling_2:qwen:json_only,Falling_2,qwen,json_only,Falling_2:vertical_relation,relative_position,C,C,1,1,,1,
task_asset_vqa_v2:Falling_2:qwen:json_only,Falling_2,qwen,json_only,Falling_2:red_quadrant,coarse_location,B,A,0,0,within_60px_of_x_or_y_divider,1,
task_asset_vqa_v2:Falling_2:qwen:json_only,Falling_2,qwen,json_only,Falling_2:goal_quadrant,coarse_location,A,B,0,1,,1,
task_asset_vqa_v2:Falling_2:qwen:json_only,Falling_2,qwen,json_only,Falling_2:containment,containment,A,A,1,1,,1,
task_asset_vqa_v2:Falling_2:qwen:json_only,Falling_2,qwen,json_only,Falling_2:movable_object_relation,movable_object_relation,A,A,1,1,,1,
task_asset_vqa_v2:Falling_8:qwen:json_only,Falling_8,qwen,json_only,Falling_8:red_shape,shape,A,A,1,1,,1,
task_asset_vqa_v2:Falling_8:qwen:json_only,Falling_8,qwen,json_only,Falling_8:goal_shape,shape,B,B,1,1,,1,
task_asset_vqa_v2:Falling_8:qwen:json_only,Falling_8,qwen,json_only,Falling_8:blue_count,count_color,C,C,1,1,,1,
task_asset_vqa_v2:Falling_8:qwen:json_only,Falling_8,qwen,json_only,Falling_8:colored_count,count_color,D,D,1,1,,1,
task_asset_vqa_v2:Falling_8:qwen:json_only,Falling_8,qwen,json_only,Falling_8:movable_count,movability,C,E,0,1,,1,
task_asset_vqa_v2:Falling_8:qwen:json_only,Falling_8,qwen,json_only,Falling_8:horizontal_relation,relative_position,C,C,1,1,,1,
task_asset_vqa_v2:Falling_8:qwen:json_only,Falling_8,qwen,json_only,Falling_8:vertical_relation,relative_position,B,A,0,1,,1,
task_asset_vqa_v2:Falling_8:qwen:json_only,Falling_8,qwen,json_only,Falling_8:red_quadrant,coarse_location,D,D,1,1,,1,
task_asset_vqa_v2:Falling_8:qwen:json_only,Falling_8,qwen,json_only,Falling_8:goal_quadrant,coarse_location,A,A,1,1,,1,
task_asset_vqa_v2:Falling_8:qwen:json_only,Falling_8,qwen,json_only,Falling_8:containment,containment,B,B,1,1,,1,
task_asset_vqa_v2:Falling_8:qwen:json_only,Falling_8,qwen,json_only,Falling_8:movable_object_relation,movable_object_relation,C,B,0,1,,1,
task_asset_vqa_v2:Falling_6:qwen:image_only,Falling_6,qwen,image_only,Falling_6:red_shape,shape,C,C,1,1,,1,
task_asset_vqa_v2:Falling_6:qwen:image_only,Falling_6,qwen,image_only,Falling_6:goal_shape,shape,D,D,1,1,,1,
task_asset_vqa_v2:Falling_6:qwen:image_only,Falling_6,qwen,image_only,Falling_6:blue_count,count_color,A,A,1,1,,1,
task_asset_vqa_v2:Falling_6:qwen:image_only,Falling_6,qwen,image_only,Falling_6:colored_count,count_color,F,F,1,1,,1,
task_asset_vqa_v2:Falling_6:qwen:image_only,Falling_6,qwen,image_only,Falling_6:movable_count,movability,A,A,1,1,,1,
task_asset_vqa_v2:Falling_6:qwen:image_only,Falling_6,qwen,image_only,Falling_6:horizontal_relation,relative_position,B,B,1,1,,1,
task_asset_vqa_v2:Falling_6:qwen:image_only,Falling_6,qwen,image_only,Falling_6:vertical_relation,relative_position,C,C,1,1,,1,
task_asset_vqa_v2:Falling_6:qwen:image_only,Falling_6,qwen,image_only,Falling_6:red_quadrant,coarse_location,B,B,1,0,within_60px_of_x_or_y_divider,1,
task_asset_vqa_v2:Falling_6:qwen:image_only,Falling_6,qwen,image_only,Falling_6:goal_quadrant,coarse_location,C,C,1,1,,1,
task_asset_vqa_v2:Falling_6:qwen:image_only,Falling_6,qwen,image_only,Falling_6:containment,containment,B,B,1,1,,1,
task_asset_vqa_v2:Falling_6:qwen:image_only,Falling_6,qwen,image_only,Falling_6:movable_object_relation,movable_object_relation,A,A,1,1,,1,
task_asset_vqa_v2:Falling_3:qwen:image_only,Falling_3,qwen,image_only,Falling_3:red_shape,shape,A,A,1,1,,1,
task_asset_vqa_v2:Falling_3:qwen:image_only,Falling_3,qwen,image_only,Falling_3:goal_shape,shape,B,B,1,1,,1,
task_asset_vqa_v2:Falling_3:qwen:image_only,Falling_3,qwen,image_only,Falling_3:blue_count,count_color,C,C,1,1,,1,
task_asset_vqa_v2:Falling_3:qwen:image_only,Falling_3,qwen,image_only,Falling_3:colored_count,count_color,B,B,1,1,,1,
task_asset_vqa_v2:Falling_3:qwen:image_only,Falling_3,qwen,image_only,Falling_3:movable_count,movability,C,C,1,1,,1,
task_asset_vqa_v2:Falling_3:qwen:image_only,Falling_3,qwen,image_only,Falling_3:horizontal_relation,relative_position,A,A,1,1,,1,
task_asset_vqa_v2:Falling_3:qwen:image_only,Falling_3,qwen,image_only,Falling_3:vertical_relation,relative_position,B,B,1,1,,1,
task_asset_vqa_v2:Falling_3:qwen:image_only,Falling_3,qwen,image_only,Falling_3:red_quadrant,coarse_location,D,D,1,0,within_60px_of_x_or_y_divider,1,
task_asset_vqa_v2:Falling_3:qwen:image_only,Falling_3,qwen,image_only,Falling_3:goal_quadrant,coarse_location,A,A,1,0,within_60px_of_x_or_y_divider,1,
task_asset_vqa_v2:Falling_3:qwen:image_only,Falling_3,qwen,image_only,Falling_3:containment,containment,B,B,1,1,,1,
task_asset_vqa_v2:Falling_3:qwen:image_only,Falling_3,qwen,image_only,Falling_3:movable_object_relation,movable_object_relation,C,C,1,1,,1,
task_asset_vqa_v2:Falling_1:qwen:image_only,Falling_1,qwen,image_only,Falling_1:red_shape,shape,D,D,1,1,,1,
task_asset_vqa_v2:Falling_1:qwen:image_only,Falling_1,qwen,image_only,Falling_1:goal_shape,shape,D,A,0,1,,1,
task_asset_vqa_v2:Falling_1:qwen:image_only,Falling_1,qwen,image_only,Falling_1:blue_count,count_color,B,B,1,1,,1,
task_asset_vqa_v2:Falling_1:qwen:image_only,Falling_1,qwen,image_only,Falling_1:colored_count,count_color,E,E,1,1,,1,
task_asset_vqa_v2:Falling_1:qwen:image_only,Falling_1,qwen,image_only,Falling_1:movable_count,movability,F,F,1,1,,1,
task_asset_vqa_v2:Falling_1:qwen:image_only,Falling_1,qwen,image_only,Falling_1:horizontal_relation,relative_position,A,A,1,1,,1,
task_asset_vqa_v2:Falling_1:qwen:image_only,Falling_1,qwen,image_only,Falling_1:vertical_relation,relative_position,B,B,1,1,,1,
task_asset_vqa_v2:Falling_1:qwen:image_only,Falling_1,qwen,image_only,Falling_1:red_quadrant,coarse_location,C,C,1,0,within_60px_of_x_or_y_divider,1,
task_asset_vqa_v2:Falling_1:qwen:image_only,Falling_1,qwen,image_only,Falling_1:goal_quadrant,coarse_location,D,D,1,0,within_60px_of_x_or_y_divider,1,
task_asset_vqa_v2:Falling_1:qwen:image_only,Falling_1,qwen,image_only,Falling_1:containment,containment,A,A,1,1,,1,
task_asset_vqa_v2:Falling_1:qwen:image_only,Falling_1,qwen,image_only,Falling_1:movable_object_relation,movable_object_relation,C,C,1,1,,1,
task_asset_vqa_v2:Falling_9:qwen:json_only,Falling_9,qwen,json_only,Falling_9:red_shape,shape,D,D,1,1,,1,
task_asset_vqa_v2:Falling_9:qwen:json_only,Falling_9,qwen,json_only,Falling_9:goal_shape,shape,A,A,1,1,,1,
task_asset_vqa_v2:Falling_9:qwen:json_only,Falling_9,qwen,json_only,Falling_9:blue_count,count_color,B,B,1,1,,1,
task_asset_vqa_v2:Falling_9:qwen:json_only,Falling_9,qwen,json_only,Falling_9:colored_count,count_color,C,C,1,1,,1,
task_asset_vqa_v2:Falling_9:qwen:json_only,Falling_9,qwen,json_only,Falling_9:movable_count,movability,D,D,1,1,,1,
task_asset_vqa_v2:Falling_9:qwen:json_only,Falling_9,qwen,json_only,Falling_9:horizontal_relation,relative_position,B,B,1,1,,1,
task_asset_vqa_v2:Falling_9:qwen:json_only,Falling_9,qwen,json_only,Falling_9:vertical_relation,relative_position,C,C,1,1,,1,
task_asset_vqa_v2:Falling_9:qwen:json_only,Falling_9,qwen,json_only,Falling_9:red_quadrant,coarse_location,C,C,1,1,,1,
task_asset_vqa_v2:Falling_9:qwen:json_only,Falling_9,qwen,json_only,Falling_9:goal_quadrant,coarse_location,D,D,1,1,,1,
task_asset_vqa_v2:Falling_9:qwen:json_only,Falling_9,qwen,json_only,Falling_9:containment,containment,A,A,1,1,,1,
task_asset_vqa_v2:Falling_9:qwen:json_only,Falling_9,qwen,json_only,Falling_9:movable_object_relation,movable_object_relation,A,A,1,1,,1,
task_asset_vqa_v2:Falling_2:qwen:image_only,Falling_2,qwen,image_only,Falling_2:red_shape,shape,B,B,1,1,,1,
task_asset_vqa_v2:Falling_2:qwen:image_only,Falling_2,qwen,image_only,Falling_2:goal_shape,shape,C,C,1,1,,1,
task_asset_vqa_v2:Falling_2:qwen:image_only,Falling_2,qwen,image_only,Falling_2:blue_count,count_color,D,D,1,1,,1,
task_asset_vqa_v2:Falling_2:qwen:image_only,Falling_2,qwen,image_only,Falling_2:colored_count,count_color,C,C,1,1,,1,
task_asset_vqa_v2:Falling_2:qwen:image_only,Falling_2,qwen,image_only,Falling_2:movable_count,movability,D,D,1,1,,1,
task_asset_vqa_v2:Falling_2:qwen:image_only,Falling_2,qwen,image_only,Falling_2:horizontal_relation,relative_position,B,B,1,1,,1,
task_asset_vqa_v2:Falling_2:qwen:image_only,Falling_2,qwen,image_only,Falling_2:vertical_relation,relative_position,C,C,1,1,,1,
task_asset_vqa_v2:Falling_2:qwen:image_only,Falling_2,qwen,image_only,Falling_2:red_quadrant,coarse_location,A,A,1,0,within_60px_of_x_or_y_divider,1,
task_asset_vqa_v2:Falling_2:qwen:image_only,Falling_2,qwen,image_only,Falling_2:goal_quadrant,coarse_location,B,B,1,1,,1,
task_asset_vqa_v2:Falling_2:qwen:image_only,Falling_2,qwen,image_only,Falling_2:containment,containment,A,A,1,1,,1,
task_asset_vqa_v2:Falling_2:qwen:image_only,Falling_2,qwen,image_only,Falling_2:movable_object_relation,movable_object_relation,A,A,1,1,,1,
task_asset_vqa_v2:Falling_10:qwen:json_only,Falling_10,qwen,json_only,Falling_10:red_shape,shape,C,C,1,1,,1,
task_asset_vqa_v2:Falling_10:qwen:json_only,Falling_10,qwen,json_only,Falling_10:goal_shape,shape,D,D,1,1,,1,
task_asset_vqa_v2:Falling_10:qwen:json_only,Falling_10,qwen,json_only,Falling_10:blue_count,count_color,A,A,1,1,,1,
task_asset_vqa_v2:Falling_10:qwen:json_only,Falling_10,qwen,json_only,Falling_10:colored_count,count_color,C,D,0,1,,1,
task_asset_vqa_v2:Falling_10:qwen:json_only,Falling_10,qwen,json_only,Falling_10:movable_count,movability,E,E,1,1,,1,
task_asset_vqa_v2:Falling_10:qwen:json_only,Falling_10,qwen,json_only,Falling_10:horizontal_relation,relative_position,B,C,0,1,,1,
task_asset_vqa_v2:Falling_10:qwen:json_only,Falling_10,qwen,json_only,Falling_10:vertical_relation,relative_position,A,A,1,1,,1,
task_asset_vqa_v2:Falling_10:qwen:json_only,Falling_10,qwen,json_only,Falling_10:red_quadrant,coarse_location,B,B,1,0,within_60px_of_x_or_y_divider,1,
task_asset_vqa_v2:Falling_10:qwen:json_only,Falling_10,qwen,json_only,Falling_10:goal_quadrant,coarse_location,C,C,1,1,,1,
task_asset_vqa_v2:Falling_10:qwen:json_only,Falling_10,qwen,json_only,Falling_10:containment,containment,B,B,1,1,,1,
task_asset_vqa_v2:Falling_10:qwen:json_only,Falling_10,qwen,json_only,Falling_10:movable_object_relation,movable_object_relation,C,B,0,1,,1,
task_asset_vqa_v2:Falling_7:qwen:image_only,Falling_7,qwen,image_only,Falling_7:red_shape,shape,B,B,1,1,,1,
task_asset_vqa_v2:Falling_7:qwen:image_only,Falling_7,qwen,image_only,Falling_7:goal_shape,shape,A,C,0,1,,1,
task_asset_vqa_v2:Falling_7:qwen:image_only,Falling_7,qwen,image_only,Falling_7:blue_count,count_color,D,D,1,1,,1,
task_asset_vqa_v2:Falling_7:qwen:image_only,Falling_7,qwen,image_only,Falling_7:colored_count,count_color,E,E,1,1,,1,
task_asset_vqa_v2:Falling_7:qwen:image_only,Falling_7,qwen,image_only,Falling_7:movable_count,movability,F,F,1,1,,1,
task_asset_vqa_v2:Falling_7:qwen:image_only,Falling_7,qwen,image_only,Falling_7:horizontal_relation,relative_position,A,A,1,1,,1,
task_asset_vqa_v2:Falling_7:qwen:image_only,Falling_7,qwen,image_only,Falling_7:vertical_relation,relative_position,B,B,1,1,,1,
task_asset_vqa_v2:Falling_7:qwen:image_only,Falling_7,qwen,image_only,Falling_7:red_quadrant,coarse_location,A,A,1,1,,1,
task_asset_vqa_v2:Falling_7:qwen:image_only,Falling_7,qwen,image_only,Falling_7:goal_quadrant,coarse_location,B,B,1,1,,1,
task_asset_vqa_v2:Falling_7:qwen:image_only,Falling_7,qwen,image_only,Falling_7:containment,containment,A,A,1,1,,1,
task_asset_vqa_v2:Falling_7:qwen:image_only,Falling_7,qwen,image_only,Falling_7:movable_object_relation,movable_object_relation,C,C,1,1,,1,
task_asset_vqa_v2:Prevention_1:qwen:json_only,Prevention_1,qwen,json_only,Prevention_1:red_shape,shape,C,C,1,1,,1,
task_asset_vqa_v2:Prevention_1:qwen:json_only,Prevention_1,qwen,json_only,Prevention_1:goal_shape,shape,D,D,1,1,,1,
task_asset_vqa_v2:Prevention_1:qwen:json_only,Prevention_1,qwen,json_only,Prevention_1:blue_count,count_color,A,A,1,1,,1,
task_asset_vqa_v2:Prevention_1:qwen:json_only,Prevention_1,qwen,json_only,Prevention_1:colored_count,count_color,B,B,1,1,,1,
task_asset_vqa_v2:Prevention_1:qwen:json_only,Prevention_1,qwen,json_only,Prevention_1:movable_count,movability,C,C,1,1,,1,
task_asset_vqa_v2:Prevention_1:qwen:json_only,Prevention_1,qwen,json_only,Prevention_1:horizontal_relation,relative_position,A,A,1,1,,1,
task_asset_vqa_v2:Prevention_1:qwen:json_only,Prevention_1,qwen,json_only,Prevention_1:vertical_relation,relative_position,B,B,1,1,,1,
task_asset_vqa_v2:Prevention_1:qwen:json_only,Prevention_1,qwen,json_only,Prevention_1:red_quadrant,coarse_location,B,B,1,1,,1,
task_asset_vqa_v2:Prevention_1:qwen:json_only,Prevention_1,qwen,json_only,Prevention_1:goal_quadrant,coarse_location,C,C,1,1,,1,
task_asset_vqa_v2:Prevention_1:qwen:json_only,Prevention_1,qwen,json_only,Prevention_1:containment,containment,B,B,1,1,,1,
task_asset_vqa_v2:Prevention_1:qwen:json_only,Prevention_1,qwen,json_only,Prevention_1:movable_object_relation,movable_object_relation,C,C,1,1,,1,
task_asset_vqa_v2:Falling_3:qwen:json_only,Falling_3,qwen,json_only,Falling_3:red_shape,shape,A,A,1,1,,1,
task_asset_vqa_v2:Falling_3:qwen:json_only,Falling_3,qwen,json_only,Falling_3:goal_shape,shape,B,B,1,1,,1,
task_asset_vqa_v2:Falling_3:qwen:json_only,Falling_3,qwen,json_only,Falling_3:blue_count,count_color,C,C,1,1,,1,
task_asset_vqa_v2:Falling_3:qwen:json_only,Falling_3,qwen,json_only,Falling_3:colored_count,count_color,B,B,1,1,,1,
task_asset_vqa_v2:Falling_3:qwen:json_only,Falling_3,qwen,json_only,Falling_3:movable_count,movability,C,C,1,1,,1,
task_asset_vqa_v2:Falling_3:qwen:json_only,Falling_3,qwen,json_only,Falling_3:horizontal_relation,relative_position,C,A,0,1,,1,
task_asset_vqa_v2:Falling_3:qwen:json_only,Falling_3,qwen,json_only,Falling_3:vertical_relation,relative_position,B,B,1,1,,1,
task_asset_vqa_v2:Falling_3:qwen:json_only,Falling_3,qwen,json_only,Falling_3:red_quadrant,coarse_location,D,D,1,0,within_60px_of_x_or_y_divider,1,
task_asset_vqa_v2:Falling_3:qwen:json_only,Falling_3,qwen,json_only,Falling_3:goal_quadrant,coarse_location,A,A,1,0,within_60px_of_x_or_y_divider,1,
task_asset_vqa_v2:Falling_3:qwen:json_only,Falling_3,qwen,json_only,Falling_3:containment,containment,B,B,1,1,,1,
task_asset_vqa_v2:Falling_3:qwen:json_only,Falling_3,qwen,json_only,Falling_3:movable_object_relation,movable_object_relation,A,C,0,1,,1,
task_asset_vqa_v2:Falling_7:qwen:json_only,Falling_7,qwen,json_only,Falling_7:red_shape,shape,B,B,1,1,,1,
task_asset_vqa_v2:Falling_7:qwen:json_only,Falling_7,qwen,json_only,Falling_7:goal_shape,shape,C,C,1,1,,1,
task_asset_vqa_v2:Falling_7:qwen:json_only,Falling_7,qwen,json_only,Falling_7:blue_count,count_color,D,D,1,1,,1,
task_asset_vqa_v2:Falling_7:qwen:json_only,Falling_7,qwen,json_only,Falling_7:colored_count,count_color,C,E,0,1,,1,
task_asset_vqa_v2:Falling_7:qwen:json_only,Falling_7,qwen,json_only,Falling_7:movable_count,movability,B,F,0,1,,1,
task_asset_vqa_v2:Falling_7:qwen:json_only,Falling_7,qwen,json_only,Falling_7:horizontal_relation,relative_position,A,A,1,1,,1,
task_asset_vqa_v2:Falling_7:qwen:json_only,Falling_7,qwen,json_only,Falling_7:vertical_relation,relative_position,C,B,0,1,,1,
task_asset_vqa_v2:Falling_7:qwen:json_only,Falling_7,qwen,json_only,Falling_7:red_quadrant,coarse_location,A,A,1,1,,1,
task_asset_vqa_v2:Falling_7:qwen:json_only,Falling_7,qwen,json_only,Falling_7:goal_quadrant,coarse_location,B,B,1,1,,1,
task_asset_vqa_v2:Falling_7:qwen:json_only,Falling_7,qwen,json_only,Falling_7:containment,containment,A,A,1,1,,1,
task_asset_vqa_v2:Falling_7:qwen:json_only,Falling_7,qwen,json_only,Falling_7:movable_object_relation,movable_object_relation,B,C,0,1,,1,
task_asset_vqa_v2:Prevention_4:qwen:json_only,Prevention_4,qwen,json_only,Prevention_4:red_shape,shape,C,C,1,1,,1,
task_asset_vqa_v2:Prevention_4:qwen:json_only,Prevention_4,qwen,json_only,Prevention_4:goal_shape,shape,D,D,1,1,,1,
task_asset_vqa_v2:Prevention_4:qwen:json_only,Prevention_4,qwen,json_only,Prevention_4:blue_count,count_color,A,A,1,1,,1,
task_asset_vqa_v2:Prevention_4:qwen:json_only,Prevention_4,qwen,json_only,Prevention_4:colored_count,count_color,E,D,0,1,,1,
task_asset_vqa_v2:Prevention_4:qwen:json_only,Prevention_4,qwen,json_only,Prevention_4:movable_count,movability,E,E,1,1,,1,
task_asset_vqa_v2:Prevention_4:qwen:json_only,Prevention_4,qwen,json_only,Prevention_4:horizontal_relation,relative_position,C,C,1,1,,1,
task_asset_vqa_v2:Prevention_4:qwen:json_only,Prevention_4,qwen,json_only,Prevention_4:vertical_relation,relative_position,A,A,1,1,,1,
task_asset_vqa_v2:Prevention_4:qwen:json_only,Prevention_4,qwen,json_only,Prevention_4:red_quadrant,coarse_location,B,B,1,1,,1,
task_asset_vqa_v2:Prevention_4:qwen:json_only,Prevention_4,qwen,json_only,Prevention_4:goal_quadrant,coarse_location,C,C,1,1,,1,
task_asset_vqa_v2:Prevention_4:qwen:json_only,Prevention_4,qwen,json_only,Prevention_4:containment,containment,B,B,1,1,,1,
task_asset_vqa_v2:Prevention_4:qwen:json_only,Prevention_4,qwen,json_only,Prevention_4:movable_object_relation,movable_object_relation,B,B,1,1,,1,
task_asset_vqa_v2:Prevention_2:qwen:json_only,Prevention_2,qwen,json_only,Prevention_2:red_shape,shape,A,A,1,1,,1,
task_asset_vqa_v2:Prevention_2:qwen:json_only,Prevention_2,qwen,json_only,Prevention_2:goal_shape,shape,B,B,1,1,,1,
task_asset_vqa_v2:Prevention_2:qwen:json_only,Prevention_2,qwen,json_only,Prevention_2:blue_count,count_color,C,C,1,1,,1,
task_asset_vqa_v2:Prevention_2:qwen:json_only,Prevention_2,qwen,json_only,Prevention_2:colored_count,count_color,F,F,1,1,,1,
task_asset_vqa_v2:Prevention_2:qwen:json_only,Prevention_2,qwen,json_only,Prevention_2:movable_count,movability,C,A,0,1,,1,
task_asset_vqa_v2:Prevention_2:qwen:json_only,Prevention_2,qwen,json_only,Prevention_2:horizontal_relation,relative_position,B,B,1,1,,1,
task_asset_vqa_v2:Prevention_2:qwen:json_only,Prevention_2,qwen,json_only,Prevention_2:vertical_relation,relative_position,C,C,1,1,,1,
task_asset_vqa_v2:Prevention_2:qwen:json_only,Prevention_2,qwen,json_only,Prevention_2:red_quadrant,coarse_location,D,D,1,1,,1,
task_asset_vqa_v2:Prevention_2:qwen:json_only,Prevention_2,qwen,json_only,Prevention_2:goal_quadrant,coarse_location,A,A,1,1,,1,
task_asset_vqa_v2:Prevention_2:qwen:json_only,Prevention_2,qwen,json_only,Prevention_2:containment,containment,B,B,1,1,,1,
task_asset_vqa_v2:Prevention_2:qwen:json_only,Prevention_2,qwen,json_only,Prevention_2:movable_object_relation,movable_object_relation,B,A,0,1,,1,
task_asset_vqa_v2:Prevention_10:qwen:json_only,Prevention_10,qwen,json_only,Prevention_10:red_shape,shape,B,B,1,1,,1,
task_asset_vqa_v2:Prevention_10:qwen:json_only,Prevention_10,qwen,json_only,Prevention_10:goal_shape,shape,C,C,1,1,,1,
task_asset_vqa_v2:Prevention_10:qwen:json_only,Prevention_10,qwen,json_only,Prevention_10:blue_count,count_color,D,D,1,1,,1,
task_asset_vqa_v2:Prevention_10:qwen:json_only,Prevention_10,qwen,json_only,Prevention_10:colored_count,count_color,C,A,0,1,,1,
task_asset_vqa_v2:Prevention_10:qwen:json_only,Prevention_10,qwen,json_only,Prevention_10:movable_count,movability,B,B,1,1,,1,
task_asset_vqa_v2:Prevention_10:qwen:json_only,Prevention_10,qwen,json_only,Prevention_10:horizontal_relation,relative_position,C,C,1,1,,1,
task_asset_vqa_v2:Prevention_10:qwen:json_only,Prevention_10,qwen,json_only,Prevention_10:vertical_relation,relative_position,A,A,1,1,,1,
task_asset_vqa_v2:Prevention_10:qwen:json_only,Prevention_10,qwen,json_only,Prevention_10:red_quadrant,coarse_location,A,A,1,0,within_60px_of_x_or_y_divider,1,
task_asset_vqa_v2:Prevention_10:qwen:json_only,Prevention_10,qwen,json_only,Prevention_10:goal_quadrant,coarse_location,B,B,1,1,,1,
task_asset_vqa_v2:Prevention_10:qwen:json_only,Prevention_10,qwen,json_only,Prevention_10:containment,containment,A,A,1,1,,1,
task_asset_vqa_v2:Prevention_10:qwen:json_only,Prevention_10,qwen,json_only,Prevention_10:movable_object_relation,movable_object_relation,B,B,1,1,,1,
task_asset_vqa_v2:FallingAlt_6:qwen:image_only,FallingAlt_6,qwen,image_only,FallingAlt_6:red_shape,shape,D,D,1,1,,1,
task_asset_vqa_v2:FallingAlt_6:qwen:image_only,FallingAlt_6,qwen,image_only,FallingAlt_6:goal_shape,shape,D,A,0,1,,1,
task_asset_vqa_v2:FallingAlt_6:qwen:image_only,FallingAlt_6,qwen,image_only,FallingAlt_6:blue_count,count_color,B,B,1,1,,1,
task_asset_vqa_v2:FallingAlt_6:qwen:image_only,FallingAlt_6,qwen,image_only,FallingAlt_6:colored_count,count_color,C,C,1,1,,1,
task_asset_vqa_v2:FallingAlt_6:qwen:image_only,FallingAlt_6,qwen,image_only,FallingAlt_6:movable_count,movability,D,D,1,1,,1,
task_asset_vqa_v2:FallingAlt_6:qwen:image_only,FallingAlt_6,qwen,image_only,FallingAlt_6:horizontal_relation,relative_position,B,B,1,1,,1,
task_asset_vqa_v2:FallingAlt_6:qwen:image_only,FallingAlt_6,qwen,image_only,FallingAlt_6:vertical_relation,relative_position,C,C,1,1,,1,
task_asset_vqa_v2:FallingAlt_6:qwen:image_only,FallingAlt_6,qwen,image_only,FallingAlt_6:red_quadrant,coarse_location,C,C,1,0,within_60px_of_x_or_y_divider,1,
task_asset_vqa_v2:FallingAlt_6:qwen:image_only,FallingAlt_6,qwen,image_only,FallingAlt_6:goal_quadrant,coarse_location,D,D,1,1,,1,
task_asset_vqa_v2:FallingAlt_6:qwen:image_only,FallingAlt_6,qwen,image_only,FallingAlt_6:containment,containment,A,A,1,1,,1,
task_asset_vqa_v2:FallingAlt_6:qwen:image_only,FallingAlt_6,qwen,image_only,FallingAlt_6:movable_object_relation,movable_object_relation,C,A,0,1,,1,
task_asset_vqa_v2:Prevention_5:qwen:json_only,Prevention_5,qwen,json_only,Prevention_5:red_shape,shape,B,B,1,1,,1,
task_asset_vqa_v2:Prevention_5:qwen:json_only,Prevention_5,qwen,json_only,Prevention_5:goal_shape,shape,C,C,1,1,,1,
task_asset_vqa_v2:Prevention_5:qwen:json_only,Prevention_5,qwen,json_only,Prevention_5:blue_count,count_color,D,D,1,1,,1,
task_asset_vqa_v2:Prevention_5:qwen:json_only,Prevention_5,qwen,json_only,Prevention_5:colored_count,count_color,C,C,1,1,,1,
task_asset_vqa_v2:Prevention_5:qwen:json_only,Prevention_5,qwen,json_only,Prevention_5:movable_count,movability,D,D,1,1,,1,
task_asset_vqa_v2:Prevention_5:qwen:json_only,Prevention_5,qwen,json_only,Prevention_5:horizontal_relation,relative_position,A,B,0,1,,1,
task_asset_vqa_v2:Prevention_5:qwen:json_only,Prevention_5,qwen,json_only,Prevention_5:vertical_relation,relative_position,C,C,1,1,,1,
task_asset_vqa_v2:Prevention_5:qwen:json_only,Prevention_5,qwen,json_only,Prevention_5:red_quadrant,coarse_location,A,A,1,1,,1,
task_asset_vqa_v2:Prevention_5:qwen:json_only,Prevention_5,qwen,json_only,Prevention_5:goal_quadrant,coarse_location,B,B,1,1,,1,
task_asset_vqa_v2:Prevention_5:qwen:json_only,Prevention_5,qwen,json_only,Prevention_5:containment,containment,A,A,1,1,,1,
task_asset_vqa_v2:Prevention_5:qwen:json_only,Prevention_5,qwen,json_only,Prevention_5:movable_object_relation,movable_object_relation,A,A,1,1,,1,
task_asset_vqa_v2:Remove_1:qwen:image_only,Remove_1,qwen,image_only,Remove_1:red_shape,shape,C,C,1,1,,1,
task_asset_vqa_v2:Remove_1:qwen:image_only,Remove_1,qwen,image_only,Remove_1:goal_shape,shape,D,D,1,1,,1,
task_asset_vqa_v2:Remove_1:qwen:image_only,Remove_1,qwen,image_only,Remove_1:blue_count,count_color,A,A,1,1,,1,
task_asset_vqa_v2:Remove_1:qwen:image_only,Remove_1,qwen,image_only,Remove_1:colored_count,count_color,F,F,1,1,,1,
task_asset_vqa_v2:Remove_1:qwen:image_only,Remove_1,qwen,image_only,Remove_1:movable_count,movability,A,A,1,1,,1,
task_asset_vqa_v2:Remove_1:qwen:image_only,Remove_1,qwen,image_only,Remove_1:horizontal_relation,relative_position,B,B,1,1,,1,
task_asset_vqa_v2:Remove_1:qwen:image_only,Remove_1,qwen,image_only,Remove_1:vertical_relation,relative_position,C,C,1,1,,1,
task_asset_vqa_v2:Remove_1:qwen:image_only,Remove_1,qwen,image_only,Remove_1:red_quadrant,coarse_location,B,B,1,1,,1,
task_asset_vqa_v2:Remove_1:qwen:image_only,Remove_1,qwen,image_only,Remove_1:goal_quadrant,coarse_location,C,C,1,1,,1,
task_asset_vqa_v2:Remove_1:qwen:image_only,Remove_1,qwen,image_only,Remove_1:containment,containment,B,B,1,1,,1,
task_asset_vqa_v2:Remove_1:qwen:image_only,Remove_1,qwen,image_only,Remove_1:movable_object_relation,movable_object_relation,A,A,1,1,,1,
task_asset_vqa_v2:Prevention_3:qwen:json_only,Prevention_3,qwen,json_only,Prevention_3:red_shape,shape,D,D,1,1,,1,
task_asset_vqa_v2:Prevention_3:qwen:json_only,Prevention_3,qwen,json_only,Prevention_3:goal_shape,shape,A,A,1,1,,1,
task_asset_vqa_v2:Prevention_3:qwen:json_only,Prevention_3,qwen,json_only,Prevention_3:blue_count,count_color,B,B,1,1,,1,
task_asset_vqa_v2:Prevention_3:qwen:json_only,Prevention_3,qwen,json_only,Prevention_3:colored_count,count_color,E,E,1,1,,1,
task_asset_vqa_v2:Prevention_3:qwen:json_only,Prevention_3,qwen,json_only,Prevention_3:movable_count,movability,F,F,1,1,,1,
task_asset_vqa_v2:Prevention_3:qwen:json_only,Prevention_3,qwen,json_only,Prevention_3:horizontal_relation,relative_position,B,A,0,1,,1,
task_asset_vqa_v2:Prevention_3:qwen:json_only,Prevention_3,qwen,json_only,Prevention_3:vertical_relation,relative_position,B,B,1,1,,1,
task_asset_vqa_v2:Prevention_3:qwen:json_only,Prevention_3,qwen,json_only,Prevention_3:red_quadrant,coarse_location,C,C,1,1,,1,
task_asset_vqa_v2:Prevention_3:qwen:json_only,Prevention_3,qwen,json_only,Prevention_3:goal_quadrant,coarse_location,D,D,1,1,,1,
task_asset_vqa_v2:Prevention_3:qwen:json_only,Prevention_3,qwen,json_only,Prevention_3:containment,containment,A,A,1,1,,1,
task_asset_vqa_v2:Prevention_3:qwen:json_only,Prevention_3,qwen,json_only,Prevention_3:movable_object_relation,movable_object_relation,C,C,1,1,,1,
task_asset_vqa_v2:Prevention_7:qwen:json_only,Prevention_7,qwen,json_only,Prevention_7:red_shape,shape,A,A,1,1,,1,
task_asset_vqa_v2:Prevention_7:qwen:json_only,Prevention_7,qwen,json_only,Prevention_7:goal_shape,shape,B,B,1,1,,1,
task_asset_vqa_v2:Prevention_7:qwen:json_only,Prevention_7,qwen,json_only,Prevention_7:blue_count,count_color,C,C,1,1,,1,
task_asset_vqa_v2:Prevention_7:qwen:json_only,Prevention_7,qwen,json_only,Prevention_7:colored_count,count_color,B,B,1,1,,1,
task_asset_vqa_v2:Prevention_7:qwen:json_only,Prevention_7,qwen,json_only,Prevention_7:movable_count,movability,C,C,1,1,,1,
task_asset_vqa_v2:Prevention_7:qwen:json_only,Prevention_7,qwen,json_only,Prevention_7:horizontal_relation,relative_position,A,A,1,1,,1,
task_asset_vqa_v2:Prevention_7:qwen:json_only,Prevention_7,qwen,json_only,Prevention_7:vertical_relation,relative_position,B,B,1,1,,1,
task_asset_vqa_v2:Prevention_7:qwen:json_only,Prevention_7,qwen,json_only,Prevention_7:red_quadrant,coarse_location,D,D,1,0,within_60px_of_x_or_y_divider,1,
task_asset_vqa_v2:Prevention_7:qwen:json_only,Prevention_7,qwen,json_only,Prevention_7:goal_quadrant,coarse_location,A,A,1,1,,1,
task_asset_vqa_v2:Prevention_7:qwen:json_only,Prevention_7,qwen,json_only,Prevention_7:containment,containment,B,B,1,1,,1,
task_asset_vqa_v2:Prevention_7:qwen:json_only,Prevention_7,qwen,json_only,Prevention_7:movable_object_relation,movable_object_relation,C,C,1,1,,1,
task_asset_vqa_v2:Prevention_1:qwen:image_only,Prevention_1,qwen,image_only,Prevention_1:red_shape,shape,C,C,1,1,,1,
task_asset_vqa_v2:Prevention_1:qwen:image_only,Prevention_1,qwen,image_only,Prevention_1:goal_shape,shape,D,D,1,1,,1,
task_asset_vqa_v2:Prevention_1:qwen:image_only,Prevention_1,qwen,image_only,Prevention_1:blue_count,count_color,A,A,1,1,,1,
task_asset_vqa_v2:Prevention_1:qwen:image_only,Prevention_1,qwen,image_only,Prevention_1:colored_count,count_color,B,B,1,1,,1,
task_asset_vqa_v2:Prevention_1:qwen:image_only,Prevention_1,qwen,image_only,Prevention_1:movable_count,movability,C,C,1,1,,1,
task_asset_vqa_v2:Prevention_1:qwen:image_only,Prevention_1,qwen,image_only,Prevention_1:horizontal_relation,relative_position,A,A,1,1,,1,
task_asset_vqa_v2:Prevention_1:qwen:image_only,Prevention_1,qwen,image_only,Prevention_1:vertical_relation,relative_position,B,B,1,1,,1,
task_asset_vqa_v2:Prevention_1:qwen:image_only,Prevention_1,qwen,image_only,Prevention_1:red_quadrant,coarse_location,B,B,1,1,,1,
task_asset_vqa_v2:Prevention_1:qwen:image_only,Prevention_1,qwen,image_only,Prevention_1:goal_quadrant,coarse_location,C,C,1,1,,1,
task_asset_vqa_v2:Prevention_1:qwen:image_only,Prevention_1,qwen,image_only,Prevention_1:containment,containment,B,B,1,1,,1,
task_asset_vqa_v2:Prevention_1:qwen:image_only,Prevention_1,qwen,image_only,Prevention_1:movable_object_relation,movable_object_relation,C,C,1,1,,1,
task_asset_vqa_v2:Prevention_8:qwen:json_only,Prevention_8,qwen,json_only,Prevention_8:red_shape,shape,D,D,1,1,,1,
task_asset_vqa_v2:Prevention_8:qwen:json_only,Prevention_8,qwen,json_only,Prevention_8:goal_shape,shape,A,A,1,1,,1,
task_asset_vqa_v2:Prevention_8:qwen:json_only,Prevention_8,qwen,json_only,Prevention_8:blue_count,count_color,B,B,1,1,,1,
task_asset_vqa_v2:Prevention_8:qwen:json_only,Prevention_8,qwen,json_only,Prevention_8:colored_count,count_color,C,A,0,1,,1,
task_asset_vqa_v2:Prevention_8:qwen:json_only,Prevention_8,qwen,json_only,Prevention_8:movable_count,movability,B,B,1,1,,1,
task_asset_vqa_v2:Prevention_8:qwen:json_only,Prevention_8,qwen,json_only,Prevention_8:horizontal_relation,relative_position,C,C,1,1,,1,
task_asset_vqa_v2:Prevention_8:qwen:json_only,Prevention_8,qwen,json_only,Prevention_8:vertical_relation,relative_position,A,A,1,1,,1,
task_asset_vqa_v2:Prevention_8:qwen:json_only,Prevention_8,qwen,json_only,Prevention_8:red_quadrant,coarse_location,C,C,1,1,,1,
task_asset_vqa_v2:Prevention_8:qwen:json_only,Prevention_8,qwen,json_only,Prevention_8:goal_quadrant,coarse_location,D,D,1,1,,1,
task_asset_vqa_v2:Prevention_8:qwen:json_only,Prevention_8,qwen,json_only,Prevention_8:containment,containment,A,A,1,1,,1,
task_asset_vqa_v2:Prevention_8:qwen:json_only,Prevention_8,qwen,json_only,Prevention_8:movable_object_relation,movable_object_relation,B,B,1,1,,1,
task_asset_vqa_v2:Prevention_2:qwen:image_only,Prevention_2,qwen,image_only,Prevention_2:red_shape,shape,A,A,1,1,,1,
task_asset_vqa_v2:Prevention_2:qwen:image_only,Prevention_2,qwen,image_only,Prevention_2:goal_shape,shape,B,B,1,1,,1,
task_asset_vqa_v2:Prevention_2:qwen:image_only,Prevention_2,qwen,image_only,Prevention_2:blue_count,count_color,C,C,1,1,,1,
task_asset_vqa_v2:Prevention_2:qwen:image_only,Prevention_2,qwen,image_only,Prevention_2:colored_count,count_color,F,F,1,1,,1,
task_asset_vqa_v2:Prevention_2:qwen:image_only,Prevention_2,qwen,image_only,Prevention_2:movable_count,movability,A,A,1,1,,1,
task_asset_vqa_v2:Prevention_2:qwen:image_only,Prevention_2,qwen,image_only,Prevention_2:horizontal_relation,relative_position,B,B,1,1,,1,
task_asset_vqa_v2:Prevention_2:qwen:image_only,Prevention_2,qwen,image_only,Prevention_2:vertical_relation,relative_position,C,C,1,1,,1,
task_asset_vqa_v2:Prevention_2:qwen:image_only,Prevention_2,qwen,image_only,Prevention_2:red_quadrant,coarse_location,D,D,1,1,,1,
task_asset_vqa_v2:Prevention_2:qwen:image_only,Prevention_2,qwen,image_only,Prevention_2:goal_quadrant,coarse_location,A,A,1,1,,1,
task_asset_vqa_v2:Prevention_2:qwen:image_only,Prevention_2,qwen,image_only,Prevention_2:containment,containment,B,B,1,1,,1,
task_asset_vqa_v2:Prevention_2:qwen:image_only,Prevention_2,qwen,image_only,Prevention_2:movable_object_relation,movable_object_relation,A,A,1,1,,1,
task_asset_vqa_v2:Remove_1:qwen:json_only,Remove_1,qwen,json_only,Remove_1:red_shape,shape,C,C,1,1,,1,
task_asset_vqa_v2:Remove_1:qwen:json_only,Remove_1,qwen,json_only,Remove_1:goal_shape,shape,D,D,1,1,,1,
task_asset_vqa_v2:Remove_1:qwen:json_only,Remove_1,qwen,json_only,Remove_1:blue_count,count_color,A,A,1,1,,1,
task_asset_vqa_v2:Remove_1:qwen:json_only,Remove_1,qwen,json_only,Remove_1:colored_count,count_color,B,F,0,1,,1,
task_asset_vqa_v2:Remove_1:qwen:json_only,Remove_1,qwen,json_only,Remove_1:movable_count,movability,A,A,1,1,,1,
task_asset_vqa_v2:Remove_1:qwen:json_only,Remove_1,qwen,json_only,Remove_1:horizontal_relation,relative_position,B,B,1,1,,1,
task_asset_vqa_v2:Remove_1:qwen:json_only,Remove_1,qwen,json_only,Remove_1:vertical_relation,relative_position,C,C,1,1,,1,
task_asset_vqa_v2:Remove_1:qwen:json_only,Remove_1,qwen,json_only,Remove_1:red_quadrant,coarse_location,B,B,1,1,,1,
task_asset_vqa_v2:Remove_1:qwen:json_only,Remove_1,qwen,json_only,Remove_1:goal_quadrant,coarse_location,C,C,1,1,,1,
task_asset_vqa_v2:Remove_1:qwen:json_only,Remove_1,qwen,json_only,Remove_1:containment,containment,B,B,1,1,,1,
task_asset_vqa_v2:Remove_1:qwen:json_only,Remove_1,qwen,json_only,Remove_1:movable_object_relation,movable_object_relation,A,A,1,1,,1,
task_asset_vqa_v2:Falling_6:qwen:json_only,Falling_6,qwen,json_only,Falling_6:red_shape,shape,C,C,1,1,,1,
task_asset_vqa_v2:Falling_6:qwen:json_only,Falling_6,qwen,json_only,Falling_6:goal_shape,shape,D,D,1,1,,1,
task_asset_vqa_v2:Falling_6:qwen:json_only,Falling_6,qwen,json_only,Falling_6:blue_count,count_color,A,A,1,1,,1,
task_asset_vqa_v2:Falling_6:qwen:json_only,Falling_6,qwen,json_only,Falling_6:colored_count,count_color,F,F,1,1,,1,
task_asset_vqa_v2:Falling_6:qwen:json_only,Falling_6,qwen,json_only,Falling_6:movable_count,movability,A,A,1,1,,1,
task_asset_vqa_v2:Falling_6:qwen:json_only,Falling_6,qwen,json_only,Falling_6:horizontal_relation,relative_position,A,B,0,1,,1,
task_asset_vqa_v2:Falling_6:qwen:json_only,Falling_6,qwen,json_only,Falling_6:vertical_relation,relative_position,C,C,1,1,,1,
task_asset_vqa_v2:Falling_6:qwen:json_only,Falling_6,qwen,json_only,Falling_6:red_quadrant,coarse_location,B,B,1,0,within_60px_of_x_or_y_divider,1,
task_asset_vqa_v2:Falling_6:qwen:json_only,Falling_6,qwen,json_only,Falling_6:goal_quadrant,coarse_location,C,C,1,1,,1,
task_asset_vqa_v2:Falling_6:qwen:json_only,Falling_6,qwen,json_only,Falling_6:containment,containment,B,B,1,1,,1,
task_asset_vqa_v2:Falling_6:qwen:json_only,Falling_6,qwen,json_only,Falling_6:movable_object_relation,movable_object_relation,A,A,1,1,,1,
task_asset_vqa_v2:Falling_8:qwen:image_only,Falling_8,qwen,image_only,Falling_8:red_shape,shape,A,A,1,1,,1,
task_asset_vqa_v2:Falling_8:qwen:image_only,Falling_8,qwen,image_only,Falling_8:goal_shape,shape,C,B,0,1,,1,
task_asset_vqa_v2:Falling_8:qwen:image_only,Falling_8,qwen,image_only,Falling_8:blue_count,count_color,C,C,1,1,,1,
task_asset_vqa_v2:Falling_8:qwen:image_only,Falling_8,qwen,image_only,Falling_8:colored_count,count_color,D,D,1,1,,1,
task_asset_vqa_v2:Falling_8:qwen:image_only,Falling_8,qwen,image_only,Falling_8:movable_count,movability,E,E,1,1,,1,
task_asset_vqa_v2:Falling_8:qwen:image_only,Falling_8,qwen,image_only,Falling_8:horizontal_relation,relative_position,C,C,1,1,,1,
task_asset_vqa_v2:Falling_8:qwen:image_only,Falling_8,qwen,image_only,Falling_8:vertical_relation,relative_position,A,A,1,1,,1,
task_asset_vqa_v2:Falling_8:qwen:image_only,Falling_8,qwen,image_only,Falling_8:red_quadrant,coarse_location,D,D,1,1,,1,
task_asset_vqa_v2:Falling_8:qwen:image_only,Falling_8,qwen,image_only,Falling_8:goal_quadrant,coarse_location,A,A,1,1,,1,
task_asset_vqa_v2:Falling_8:qwen:image_only,Falling_8,qwen,image_only,Falling_8:containment,containment,B,B,1,1,,1,
task_asset_vqa_v2:Falling_8:qwen:image_only,Falling_8,qwen,image_only,Falling_8:movable_object_relation,movable_object_relation,B,B,1,1,,1,
task_asset_vqa_v2:Remove_10:qwen:json_only,Remove_10,qwen,json_only,Remove_10:red_shape,shape,B,B,1,1,,1,
task_asset_vqa_v2:Remove_10:qwen:json_only,Remove_10,qwen,json_only,Remove_10:goal_shape,shape,C,C,1,1,,1,
task_asset_vqa_v2:Remove_10:qwen:json_only,Remove_10,qwen,json_only,Remove_10:blue_count,count_color,D,D,1,1,,1,
task_asset_vqa_v2:Remove_10:qwen:json_only,Remove_10,qwen,json_only,Remove_10:colored_count,count_color,C,E,0,1,,1,
task_asset_vqa_v2:Remove_10:qwen:json_only,Remove_10,qwen,json_only,Remove_10:movable_count,movability,B,F,0,1,,1,
task_asset_vqa_v2:Remove_10:qwen:json_only,Remove_10,qwen,json_only,Remove_10:horizontal_relation,relative_position,A,A,1,1,,1,
task_asset_vqa_v2:Remove_10:qwen:json_only,Remove_10,qwen,json_only,Remove_10:vertical_relation,relative_position,B,B,1,1,,1,
task_asset_vqa_v2:Remove_10:qwen:json_only,Remove_10,qwen,json_only,Remove_10:red_quadrant,coarse_location,A,A,1,0,within_60px_of_x_or_y_divider,1,
task_asset_vqa_v2:Remove_10:qwen:json_only,Remove_10,qwen,json_only,Remove_10:goal_quadrant,coarse_location,B,B,1,0,within_60px_of_x_or_y_divider,1,
task_asset_vqa_v2:Remove_10:qwen:json_only,Remove_10,qwen,json_only,Remove_10:containment,containment,A,A,1,1,,1,
task_asset_vqa_v2:Remove_10:qwen:json_only,Remove_10,qwen,json_only,Remove_10:movable_object_relation,movable_object_relation,B,C,0,1,,1,
task_asset_vqa_v2:Prevention_8:qwen:image_only,Prevention_8,qwen,image_only,Prevention_8:red_shape,shape,D,D,1,1,,1,
task_asset_vqa_v2:Prevention_8:qwen:image_only,Prevention_8,qwen,image_only,Prevention_8:goal_shape,shape,D,A,0,1,,1,
task_asset_vqa_v2:Prevention_8:qwen:image_only,Prevention_8,qwen,image_only,Prevention_8:blue_count,count_color,B,B,1,1,,1,
task_asset_vqa_v2:Prevention_8:qwen:image_only,Prevention_8,qwen,image_only,Prevention_8:colored_count,count_color,A,A,1,1,,1,
task_asset_vqa_v2:Prevention_8:qwen:image_only,Prevention_8,qwen,image_only,Prevention_8:movable_count,movability,B,B,1,1,,1,
task_asset_vqa_v2:Prevention_8:qwen:image_only,Prevention_8,qwen,image_only,Prevention_8:horizontal_relation,relative_position,C,C,1,1,,1,
task_asset_vqa_v2:Prevention_8:qwen:image_only,Prevention_8,qwen,image_only,Prevention_8:vertical_relation,relative_position,A,A,1,1,,1,
task_asset_vqa_v2:Prevention_8:qwen:image_only,Prevention_8,qwen,image_only,Prevention_8:red_quadrant,coarse_location,C,C,1,1,,1,
task_asset_vqa_v2:Prevention_8:qwen:image_only,Prevention_8,qwen,image_only,Prevention_8:goal_quadrant,coarse_location,D,D,1,1,,1,
task_asset_vqa_v2:Prevention_8:qwen:image_only,Prevention_8,qwen,image_only,Prevention_8:containment,containment,A,A,1,1,,1,
task_asset_vqa_v2:Prevention_8:qwen:image_only,Prevention_8,qwen,image_only,Prevention_8:movable_object_relation,movable_object_relation,B,B,1,1,,1,
task_asset_vqa_v2:Remove_2:qwen:json_only,Remove_2,qwen,json_only,Remove_2:red_shape,shape,A,A,1,1,,1,
task_asset_vqa_v2:Remove_2:qwen:json_only,Remove_2,qwen,json_only,Remove_2:goal_shape,shape,B,B,1,1,,1,
task_asset_vqa_v2:Remove_2:qwen:json_only,Remove_2,qwen,json_only,Remove_2:blue_count,count_color,C,C,1,1,,1,
task_asset_vqa_v2:Remove_2:qwen:json_only,Remove_2,qwen,json_only,Remove_2:colored_count,count_color,D,D,1,1,,1,
task_asset_vqa_v2:Remove_2:qwen:json_only,Remove_2,qwen,json_only,Remove_2:movable_count,movability,E,E,1,1,,1,
task_asset_vqa_v2:Remove_2:qwen:json_only,Remove_2,qwen,json_only,Remove_2:horizontal_relation,relative_position,C,C,1,1,,1,
task_asset_vqa_v2:Remove_2:qwen:json_only,Remove_2,qwen,json_only,Remove_2:vertical_relation,relative_position,A,A,1,1,,1,
task_asset_vqa_v2:Remove_2:qwen:json_only,Remove_2,qwen,json_only,Remove_2:red_quadrant,coarse_location,D,D,1,1,,1,
task_asset_vqa_v2:Remove_2:qwen:json_only,Remove_2,qwen,json_only,Remove_2:goal_quadrant,coarse_location,A,A,1,1,,1,
task_asset_vqa_v2:Remove_2:qwen:json_only,Remove_2,qwen,json_only,Remove_2:containment,containment,B,B,1,1,,1,
task_asset_vqa_v2:Remove_2:qwen:json_only,Remove_2,qwen,json_only,Remove_2:movable_object_relation,movable_object_relation,B,B,1,1,,1,
task_asset_vqa_v2:Remove_6:qwen:image_only,Remove_6,qwen,image_only,Remove_6:red_shape,shape,C,C,1,1,,1,
task_asset_vqa_v2:Remove_6:qwen:image_only,Remove_6,qwen,image_only,Remove_6:goal_shape,shape,D,D,1,1,,1,
task_asset_vqa_v2:Remove_6:qwen:image_only,Remove_6,qwen,image_only,Remove_6:blue_count,count_color,A,A,1,1,,1,
task_asset_vqa_v2:Remove_6:qwen:image_only,Remove_6,qwen,image_only,Remove_6:colored_count,count_color,B,B,1,1,,1,
task_asset_vqa_v2:Remove_6:qwen:image_only,Remove_6,qwen,image_only,Remove_6:movable_count,movability,C,C,1,1,,1,
task_asset_vqa_v2:Remove_6:qwen:image_only,Remove_6,qwen,image_only,Remove_6:horizontal_relation,relative_position,A,A,1,1,,1,
task_asset_vqa_v2:Remove_6:qwen:image_only,Remove_6,qwen,image_only,Remove_6:vertical_relation,relative_position,B,B,1,1,,1,
task_asset_vqa_v2:Remove_6:qwen:image_only,Remove_6,qwen,image_only,Remove_6:red_quadrant,coarse_location,B,B,1,1,,1,
task_asset_vqa_v2:Remove_6:qwen:image_only,Remove_6,qwen,image_only,Remove_6:goal_quadrant,coarse_location,C,C,1,0,within_60px_of_x_or_y_divider,1,
task_asset_vqa_v2:Remove_6:qwen:image_only,Remove_6,qwen,image_only,Remove_6:containment,containment,B,B,1,1,,1,
task_asset_vqa_v2:Remove_6:qwen:image_only,Remove_6,qwen,image_only,Remove_6:movable_object_relation,movable_object_relation,C,C,1,1,,1,
task_asset_vqa_v2:Falling_5:qwen:image_only,Falling_5,qwen,image_only,Falling_5:red_shape,shape,D,D,1,1,,1,
task_asset_vqa_v2:Falling_5:qwen:image_only,Falling_5,qwen,image_only,Falling_5:goal_shape,shape,D,A,0,1,,1,
task_asset_vqa_v2:Falling_5:qwen:image_only,Falling_5,qwen,image_only,Falling_5:blue_count,count_color,B,B,1,1,,1,
task_asset_vqa_v2:Falling_5:qwen:image_only,Falling_5,qwen,image_only,Falling_5:colored_count,count_color,A,A,1,1,,1,
task_asset_vqa_v2:Falling_5:qwen:image_only,Falling_5,qwen,image_only,Falling_5:movable_count,movability,B,B,1,1,,1,
task_asset_vqa_v2:Falling_5:qwen:image_only,Falling_5,qwen,image_only,Falling_5:horizontal_relation,relative_position,C,C,1,1,,1,
task_asset_vqa_v2:Falling_5:qwen:image_only,Falling_5,qwen,image_only,Falling_5:vertical_relation,relative_position,A,A,1,1,,1,
task_asset_vqa_v2:Falling_5:qwen:image_only,Falling_5,qwen,image_only,Falling_5:red_quadrant,coarse_location,C,C,1,0,within_60px_of_x_or_y_divider,1,
task_asset_vqa_v2:Falling_5:qwen:image_only,Falling_5,qwen,image_only,Falling_5:goal_quadrant,coarse_location,D,D,1,1,,1,
task_asset_vqa_v2:Falling_5:qwen:image_only,Falling_5,qwen,image_only,Falling_5:containment,containment,A,A,1,1,,1,
task_asset_vqa_v2:Falling_5:qwen:image_only,Falling_5,qwen,image_only,Falling_5:movable_object_relation,movable_object_relation,B,B,1,1,,1,
task_asset_vqa_v2:Prevention_7:qwen:image_only,Prevention_7,qwen,image_only,Prevention_7:red_shape,shape,A,A,1,1,,1,
task_asset_vqa_v2:Prevention_7:qwen:image_only,Prevention_7,qwen,image_only,Prevention_7:goal_shape,shape,C,B,0,1,,1,
task_asset_vqa_v2:Prevention_7:qwen:image_only,Prevention_7,qwen,image_only,Prevention_7:blue_count,count_color,C,C,1,1,,1,
task_asset_vqa_v2:Prevention_7:qwen:image_only,Prevention_7,qwen,image_only,Prevention_7:colored_count,count_color,B,B,1,1,,1,
task_asset_vqa_v2:Prevention_7:qwen:image_only,Prevention_7,qwen,image_only,Prevention_7:movable_count,movability,C,C,1,1,,1,
task_asset_vqa_v2:Prevention_7:qwen:image_only,Prevention_7,qwen,image_only,Prevention_7:horizontal_relation,relative_position,A,A,1,1,,1,
task_asset_vqa_v2:Prevention_7:qwen:image_only,Prevention_7,qwen,image_only,Prevention_7:vertical_relation,relative_position,B,B,1,1,,1,
task_asset_vqa_v2:Prevention_7:qwen:image_only,Prevention_7,qwen,image_only,Prevention_7:red_quadrant,coarse_location,D,D,1,0,within_60px_of_x_or_y_divider,1,
task_asset_vqa_v2:Prevention_7:qwen:image_only,Prevention_7,qwen,image_only,Prevention_7:goal_quadrant,coarse_location,A,A,1,1,,1,
task_asset_vqa_v2:Prevention_7:qwen:image_only,Prevention_7,qwen,image_only,Prevention_7:containment,containment,B,B,1,1,,1,
task_asset_vqa_v2:Prevention_7:qwen:image_only,Prevention_7,qwen,image_only,Prevention_7:movable_object_relation,movable_object_relation,C,C,1,1,,1,
task_asset_vqa_v2:Falling_9:qwen:image_only,Falling_9,qwen,image_only,Falling_9:red_shape,shape,D,D,1,1,,1,
task_asset_vqa_v2:Falling_9:qwen:image_only,Falling_9,qwen,image_only,Falling_9:goal_shape,shape,D,A,0,1,,1,
task_asset_vqa_v2:Falling_9:qwen:image_only,Falling_9,qwen,image_only,Falling_9:blue_count,count_color,B,B,1,1,,1,
task_asset_vqa_v2:Falling_9:qwen:image_only,Falling_9,qwen,image_only,Falling_9:colored_count,count_color,C,C,1,1,,1,
task_asset_vqa_v2:Falling_9:qwen:image_only,Falling_9,qwen,image_only,Falling_9:movable_count,movability,D,D,1,1,,1,
task_asset_vqa_v2:Falling_9:qwen:image_only,Falling_9,qwen,image_only,Falling_9:horizontal_relation,relative_position,B,B,1,1,,1,
task_asset_vqa_v2:Falling_9:qwen:image_only,Falling_9,qwen,image_only,Falling_9:vertical_relation,relative_position,C,C,1,1,,1,
task_asset_vqa_v2:Falling_9:qwen:image_only,Falling_9,qwen,image_only,Falling_9:red_quadrant,coarse_location,C,C,1,1,,1,
task_asset_vqa_v2:Falling_9:qwen:image_only,Falling_9,qwen,image_only,Falling_9:goal_quadrant,coarse_location,D,D,1,1,,1,
task_asset_vqa_v2:Falling_9:qwen:image_only,Falling_9,qwen,image_only,Falling_9:containment,containment,A,A,1,1,,1,
task_asset_vqa_v2:Falling_9:qwen:image_only,Falling_9,qwen,image_only,Falling_9:movable_object_relation,movable_object_relation,A,A,1,1,,1,
task_asset_vqa_v2:Remove_5:qwen:json_only,Remove_5,qwen,json_only,Remove_5:red_shape,shape,D,D,1,1,,1,
task_asset_vqa_v2:Remove_5:qwen:json_only,Remove_5,qwen,json_only,Remove_5:goal_shape,shape,A,A,1,1,,1,
task_asset_vqa_v2:Remove_5:qwen:json_only,Remove_5,qwen,json_only,Remove_5:blue_count,count_color,B,B,1,1,,1,
task_asset_vqa_v2:Remove_5:qwen:json_only,Remove_5,qwen,json_only,Remove_5:colored_count,count_color,C,C,1,1,,1,
task_asset_vqa_v2:Remove_5:qwen:json_only,Remove_5,qwen,json_only,Remove_5:movable_count,movability,D,D,1,1,,1,
task_asset_vqa_v2:Remove_5:qwen:json_only,Remove_5,qwen,json_only,Remove_5:horizontal_relation,relative_position,B,B,1,1,,1,
task_asset_vqa_v2:Remove_5:qwen:json_only,Remove_5,qwen,json_only,Remove_5:vertical_relation,relative_position,C,C,1,1,,1,
task_asset_vqa_v2:Remove_5:qwen:json_only,Remove_5,qwen,json_only,Remove_5:red_quadrant,coarse_location,C,C,1,1,,1,
task_asset_vqa_v2:Remove_5:qwen:json_only,Remove_5,qwen,json_only,Remove_5:goal_quadrant,coarse_location,D,D,1,0,within_60px_of_x_or_y_divider,1,
task_asset_vqa_v2:Remove_5:qwen:json_only,Remove_5,qwen,json_only,Remove_5:containment,containment,A,A,1,1,,1,
task_asset_vqa_v2:Remove_5:qwen:json_only,Remove_5,qwen,json_only,Remove_5:movable_object_relation,movable_object_relation,B,A,0,1,,1,
task_asset_vqa_v2:Remove_6:qwen:json_only,Remove_6,qwen,json_only,Remove_6:red_shape,shape,C,C,1,1,,1,
task_asset_vqa_v2:Remove_6:qwen:json_only,Remove_6,qwen,json_only,Remove_6:goal_shape,shape,D,D,1,1,,1,
task_asset_vqa_v2:Remove_6:qwen:json_only,Remove_6,qwen,json_only,Remove_6:blue_count,count_color,A,A,1,1,,1,
task_asset_vqa_v2:Remove_6:qwen:json_only,Remove_6,qwen,json_only,Remove_6:colored_count,count_color,B,B,1,1,,1,
task_asset_vqa_v2:Remove_6:qwen:json_only,Remove_6,qwen,json_only,Remove_6:movable_count,movability,C,C,1,1,,1,
task_asset_vqa_v2:Remove_6:qwen:json_only,Remove_6,qwen,json_only,Remove_6:horizontal_relation,relative_position,A,A,1,1,,1,
task_asset_vqa_v2:Remove_6:qwen:json_only,Remove_6,qwen,json_only,Remove_6:vertical_relation,relative_position,B,B,1,1,,1,
task_asset_vqa_v2:Remove_6:qwen:json_only,Remove_6,qwen,json_only,Remove_6:red_quadrant,coarse_location,B,B,1,1,,1,
task_asset_vqa_v2:Remove_6:qwen:json_only,Remove_6,qwen,json_only,Remove_6:goal_quadrant,coarse_location,D,C,0,0,within_60px_of_x_or_y_divider,1,
task_asset_vqa_v2:Remove_6:qwen:json_only,Remove_6,qwen,json_only,Remove_6:containment,containment,B,B,1,1,,1,
task_asset_vqa_v2:Remove_6:qwen:json_only,Remove_6,qwen,json_only,Remove_6:movable_object_relation,movable_object_relation,C,C,1,1,,1,
task_asset_vqa_v2:Remove_5:qwen:image_only,Remove_5,qwen,image_only,Remove_5:red_shape,shape,D,D,1,1,,1,
task_asset_vqa_v2:Remove_5:qwen:image_only,Remove_5,qwen,image_only,Remove_5:goal_shape,shape,A,A,1,1,,1,
task_asset_vqa_v2:Remove_5:qwen:image_only,Remove_5,qwen,image_only,Remove_5:blue_count,count_color,B,B,1,1,,1,
task_asset_vqa_v2:Remove_5:qwen:image_only,Remove_5,qwen,image_only,Remove_5:colored_count,count_color,C,C,1,1,,1,
task_asset_vqa_v2:Remove_5:qwen:image_only,Remove_5,qwen,image_only,Remove_5:movable_count,movability,D,D,1,1,,1,
task_asset_vqa_v2:Remove_5:qwen:image_only,Remove_5,qwen,image_only,Remove_5:horizontal_relation,relative_position,B,B,1,1,,1,
task_asset_vqa_v2:Remove_5:qwen:image_only,Remove_5,qwen,image_only,Remove_5:vertical_relation,relative_position,C,C,1,1,,1,
task_asset_vqa_v2:Remove_5:qwen:image_only,Remove_5,qwen,image_only,Remove_5:red_quadrant,coarse_location,C,C,1,1,,1,
task_asset_vqa_v2:Remove_5:qwen:image_only,Remove_5,qwen,image_only,Remove_5:goal_quadrant,coarse_location,C,D,0,0,within_60px_of_x_or_y_divider,1,
task_asset_vqa_v2:Remove_5:qwen:image_only,Remove_5,qwen,image_only,Remove_5:containment,containment,A,A,1,1,,1,
task_asset_vqa_v2:Remove_5:qwen:image_only,Remove_5,qwen,image_only,Remove_5:movable_object_relation,movable_object_relation,A,A,1,1,,1,
task_asset_vqa_v2:Remove_7:qwen:json_only,Remove_7,qwen,json_only,Remove_7:red_shape,shape,B,B,1,1,,1,
task_asset_vqa_v2:Remove_7:qwen:json_only,Remove_7,qwen,json_only,Remove_7:goal_shape,shape,C,C,1,1,,1,
task_asset_vqa_v2:Remove_7:qwen:json_only,Remove_7,qwen,json_only,Remove_7:blue_count,count_color,D,D,1,1,,1,
task_asset_vqa_v2:Remove_7:qwen:json_only,Remove_7,qwen,json_only,Remove_7:colored_count,count_color,A,A,1,1,,1,
task_asset_vqa_v2:Remove_7:qwen:json_only,Remove_7,qwen,json_only,Remove_7:movable_count,movability,B,B,1,1,,1,
task_asset_vqa_v2:Remove_7:qwen:json_only,Remove_7,qwen,json_only,Remove_7:horizontal_relation,relative_position,C,C,1,1,,1,
task_asset_vqa_v2:Remove_7:qwen:json_only,Remove_7,qwen,json_only,Remove_7:vertical_relation,relative_position,A,A,1,1,,1,
task_asset_vqa_v2:Remove_7:qwen:json_only,Remove_7,qwen,json_only,Remove_7:red_quadrant,coarse_location,A,A,1,1,,1,
task_asset_vqa_v2:Remove_7:qwen:json_only,Remove_7,qwen,json_only,Remove_7:goal_quadrant,coarse_location,B,B,1,1,,1,
task_asset_vqa_v2:Remove_7:qwen:json_only,Remove_7,qwen,json_only,Remove_7:containment,containment,A,A,1,1,,1,
task_asset_vqa_v2:Remove_7:qwen:json_only,Remove_7,qwen,json_only,Remove_7:movable_object_relation,movable_object_relation,B,B,1,1,,1,
task_asset_vqa_v2:Prevention_3:qwen:image_only,Prevention_3,qwen,image_only,Prevention_3:red_shape,shape,D,D,1,1,,1,
task_asset_vqa_v2:Prevention_3:qwen:image_only,Prevention_3,qwen,image_only,Prevention_3:goal_shape,shape,D,A,0,1,,1,
task_asset_vqa_v2:Prevention_3:qwen:image_only,Prevention_3,qwen,image_only,Prevention_3:blue_count,count_color,B,B,1,1,,1,
task_asset_vqa_v2:Prevention_3:qwen:image_only,Prevention_3,qwen,image_only,Prevention_3:colored_count,count_color,E,E,1,1,,1,
task_asset_vqa_v2:Prevention_3:qwen:image_only,Prevention_3,qwen,image_only,Prevention_3:movable_count,movability,F,F,1,1,,1,
task_asset_vqa_v2:Prevention_3:qwen:image_only,Prevention_3,qwen,image_only,Prevention_3:horizontal_relation,relative_position,A,A,1,1,,1,
task_asset_vqa_v2:Prevention_3:qwen:image_only,Prevention_3,qwen,image_only,Prevention_3:vertical_relation,relative_position,B,B,1,1,,1,
task_asset_vqa_v2:Prevention_3:qwen:image_only,Prevention_3,qwen,image_only,Prevention_3:red_quadrant,coarse_location,C,C,1,1,,1,
task_asset_vqa_v2:Prevention_3:qwen:image_only,Prevention_3,qwen,image_only,Prevention_3:goal_quadrant,coarse_location,D,D,1,1,,1,
task_asset_vqa_v2:Prevention_3:qwen:image_only,Prevention_3,qwen,image_only,Prevention_3:containment,containment,A,A,1,1,,1,
task_asset_vqa_v2:Prevention_3:qwen:image_only,Prevention_3,qwen,image_only,Prevention_3:movable_object_relation,movable_object_relation,B,C,0,1,,1,
task_asset_vqa_v2:Remove_7:qwen:image_only,Remove_7,qwen,image_only,Remove_7:red_shape,shape,B,B,1,1,,1,
task_asset_vqa_v2:Remove_7:qwen:image_only,Remove_7,qwen,image_only,Remove_7:goal_shape,shape,C,C,1,1,,1,
task_asset_vqa_v2:Remove_7:qwen:image_only,Remove_7,qwen,image_only,Remove_7:blue_count,count_color,D,D,1,1,,1,
task_asset_vqa_v2:Remove_7:qwen:image_only,Remove_7,qwen,image_only,Remove_7:colored_count,count_color,A,A,1,1,,1,
task_asset_vqa_v2:Remove_7:qwen:image_only,Remove_7,qwen,image_only,Remove_7:movable_count,movability,B,B,1,1,,1,
task_asset_vqa_v2:Remove_7:qwen:image_only,Remove_7,qwen,image_only,Remove_7:horizontal_relation,relative_position,C,C,1,1,,1,
task_asset_vqa_v2:Remove_7:qwen:image_only,Remove_7,qwen,image_only,Remove_7:vertical_relation,relative_position,A,A,1,1,,1,
task_asset_vqa_v2:Remove_7:qwen:image_only,Remove_7,qwen,image_only,Remove_7:red_quadrant,coarse_location,A,A,1,1,,1,
task_asset_vqa_v2:Remove_7:qwen:image_only,Remove_7,qwen,image_only,Remove_7:goal_quadrant,coarse_location,B,B,1,1,,1,
task_asset_vqa_v2:Remove_7:qwen:image_only,Remove_7,qwen,image_only,Remove_7:containment,containment,A,A,1,1,,1,
task_asset_vqa_v2:Remove_7:qwen:image_only,Remove_7,qwen,image_only,Remove_7:movable_object_relation,movable_object_relation,B,B,1,1,,1,
task_asset_vqa_v2:Basic_7:qwen:image_only,Basic_7,qwen,image_only,Basic_7:red_shape,shape,A,A,1,1,,1,
task_asset_vqa_v2:Basic_7:qwen:image_only,Basic_7,qwen,image_only,Basic_7:goal_shape,shape,B,B,1,1,,1,
task_asset_vqa_v2:Basic_7:qwen:image_only,Basic_7,qwen,image_only,Basic_7:blue_count,count_color,C,C,1,1,,1,
task_asset_vqa_v2:Basic_7:qwen:image_only,Basic_7,qwen,image_only,Basic_7:colored_count,count_color,F,F,1,1,,1,
task_asset_vqa_v2:Basic_7:qwen:image_only,Basic_7,qwen,image_only,Basic_7:movable_count,movability,A,A,1,1,,1,
task_asset_vqa_v2:Basic_7:qwen:image_only,Basic_7,qwen,image_only,Basic_7:horizontal_relation,relative_position,B,B,1,1,,1,
task_asset_vqa_v2:Basic_7:qwen:image_only,Basic_7,qwen,image_only,Basic_7:vertical_relation,relative_position,C,C,1,1,,1,
task_asset_vqa_v2:Basic_7:qwen:image_only,Basic_7,qwen,image_only,Basic_7:red_quadrant,coarse_location,D,D,1,1,,1,
task_asset_vqa_v2:Basic_7:qwen:image_only,Basic_7,qwen,image_only,Basic_7:goal_quadrant,coarse_location,C,A,0,0,within_60px_of_x_or_y_divider,1,
task_asset_vqa_v2:Basic_7:qwen:image_only,Basic_7,qwen,image_only,Basic_7:containment,containment,B,B,1,1,,1,
task_asset_vqa_v2:Basic_7:qwen:image_only,Basic_7,qwen,image_only,Basic_7:movable_object_relation,movable_object_relation,D,D,1,1,,1,
task_asset_vqa_v2:Remove_2:qwen:image_only,Remove_2,qwen,image_only,Remove_2:red_shape,shape,A,A,1,1,,1,
task_asset_vqa_v2:Remove_2:qwen:image_only,Remove_2,qwen,image_only,Remove_2:goal_shape,shape,B,B,1,1,,1,
task_asset_vqa_v2:Remove_2:qwen:image_only,Remove_2,qwen,image_only,Remove_2:blue_count,count_color,C,C,1,1,,1,
task_asset_vqa_v2:Remove_2:qwen:image_only,Remove_2,qwen,image_only,Remove_2:colored_count,count_color,D,D,1,1,,1,
task_asset_vqa_v2:Remove_2:qwen:image_only,Remove_2,qwen,image_only,Remove_2:movable_count,movability,E,E,1,1,,1,
task_asset_vqa_v2:Remove_2:qwen:image_only,Remove_2,qwen,image_only,Remove_2:horizontal_relation,relative_position,C,C,1,1,,1,
task_asset_vqa_v2:Remove_2:qwen:image_only,Remove_2,qwen,image_only,Remove_2:vertical_relation,relative_position,A,A,1,1,,1,
task_asset_vqa_v2:Remove_2:qwen:image_only,Remove_2,qwen,image_only,Remove_2:red_quadrant,coarse_location,D,D,1,1,,1,
task_asset_vqa_v2:Remove_2:qwen:image_only,Remove_2,qwen,image_only,Remove_2:goal_quadrant,coarse_location,A,A,1,1,,1,
task_asset_vqa_v2:Remove_2:qwen:image_only,Remove_2,qwen,image_only,Remove_2:containment,containment,B,B,1,1,,1,
task_asset_vqa_v2:Remove_2:qwen:image_only,Remove_2,qwen,image_only,Remove_2:movable_object_relation,movable_object_relation,B,B,1,1,,1,
task_asset_vqa_v2:Prevention_5:qwen:image_only,Prevention_5,qwen,image_only,Prevention_5:red_shape,shape,B,B,1,1,,1,
task_asset_vqa_v2:Prevention_5:qwen:image_only,Prevention_5,qwen,image_only,Prevention_5:goal_shape,shape,C,C,1,1,,1,
task_asset_vqa_v2:Prevention_5:qwen:image_only,Prevention_5,qwen,image_only,Prevention_5:blue_count,count_color,D,D,1,1,,1,
task_asset_vqa_v2:Prevention_5:qwen:image_only,Prevention_5,qwen,image_only,Prevention_5:colored_count,count_color,C,C,1,1,,1,
task_asset_vqa_v2:Prevention_5:qwen:image_only,Prevention_5,qwen,image_only,Prevention_5:movable_count,movability,D,D,1,1,,1,
task_asset_vqa_v2:Prevention_5:qwen:image_only,Prevention_5,qwen,image_only,Prevention_5:horizontal_relation,relative_position,B,B,1,1,,1,
task_asset_vqa_v2:Prevention_5:qwen:image_only,Prevention_5,qwen,image_only,Prevention_5:vertical_relation,relative_position,C,C,1,1,,1,
task_asset_vqa_v2:Prevention_5:qwen:image_only,Prevention_5,qwen,image_only,Prevention_5:red_quadrant,coarse_location,A,A,1,1,,1,
task_asset_vqa_v2:Prevention_5:qwen:image_only,Prevention_5,qwen,image_only,Prevention_5:goal_quadrant,coarse_location,B,B,1,1,,1,
task_asset_vqa_v2:Prevention_5:qwen:image_only,Prevention_5,qwen,image_only,Prevention_5:containment,containment,A,A,1,1,,1,
task_asset_vqa_v2:Prevention_5:qwen:image_only,Prevention_5,qwen,image_only,Prevention_5:movable_object_relation,movable_object_relation,A,A,1,1,,1,
task_asset_vqa_v2:Remove_8:qwen:json_only,Remove_8,qwen,json_only,Remove_8:red_shape,shape,A,A,1,1,,1,
task_asset_vqa_v2:Remove_8:qwen:json_only,Remove_8,qwen,json_only,Remove_8:goal_shape,shape,B,B,1,1,,1,
task_asset_vqa_v2:Remove_8:qwen:json_only,Remove_8,qwen,json_only,Remove_8:blue_count,count_color,C,C,1,1,,1,
task_asset_vqa_v2:Remove_8:qwen:json_only,Remove_8,qwen,json_only,Remove_8:colored_count,count_color,F,F,1,1,,1,
task_asset_vqa_v2:Remove_8:qwen:json_only,Remove_8,qwen,json_only,Remove_8:movable_count,movability,A,A,1,1,,1,
task_asset_vqa_v2:Remove_8:qwen:json_only,Remove_8,qwen,json_only,Remove_8:horizontal_relation,relative_position,B,B,1,1,,1,
task_asset_vqa_v2:Remove_8:qwen:json_only,Remove_8,qwen,json_only,Remove_8:vertical_relation,relative_position,C,C,1,1,,1,
task_asset_vqa_v2:Remove_8:qwen:json_only,Remove_8,qwen,json_only,Remove_8:red_quadrant,coarse_location,D,D,1,0,within_60px_of_x_or_y_divider,1,
task_asset_vqa_v2:Remove_8:qwen:json_only,Remove_8,qwen,json_only,Remove_8:goal_quadrant,coarse_location,A,A,1,0,within_60px_of_x_or_y_divider,1,
task_asset_vqa_v2:Remove_8:qwen:json_only,Remove_8,qwen,json_only,Remove_8:containment,containment,B,B,1,1,,1,
task_asset_vqa_v2:Remove_8:qwen:json_only,Remove_8,qwen,json_only,Remove_8:movable_object_relation,movable_object_relation,A,A,1,1,,1,
task_asset_vqa_v2:Prevention_10:qwen:image_only,Prevention_10,qwen,image_only,Prevention_10:red_shape,shape,B,B,1,1,,1,
task_asset_vqa_v2:Prevention_10:qwen:image_only,Prevention_10,qwen,image_only,Prevention_10:goal_shape,shape,C,C,1,1,,1,
task_asset_vqa_v2:Prevention_10:qwen:image_only,Prevention_10,qwen,image_only,Prevention_10:blue_count,count_color,D,D,1,1,,1,
task_asset_vqa_v2:Prevention_10:qwen:image_only,Prevention_10,qwen,image_only,Prevention_10:colored_count,count_color,A,A,1,1,,1,
task_asset_vqa_v2:Prevention_10:qwen:image_only,Prevention_10,qwen,image_only,Prevention_10:movable_count,movability,B,B,1,1,,1,
task_asset_vqa_v2:Prevention_10:qwen:image_only,Prevention_10,qwen,image_only,Prevention_10:horizontal_relation,relative_position,C,C,1,1,,1,
task_asset_vqa_v2:Prevention_10:qwen:image_only,Prevention_10,qwen,image_only,Prevention_10:vertical_relation,relative_position,A,A,1,1,,1,
task_asset_vqa_v2:Prevention_10:qwen:image_only,Prevention_10,qwen,image_only,Prevention_10:red_quadrant,coarse_location,B,A,0,0,within_60px_of_x_or_y_divider,1,
task_asset_vqa_v2:Prevention_10:qwen:image_only,Prevention_10,qwen,image_only,Prevention_10:goal_quadrant,coarse_location,B,B,1,1,,1,
task_asset_vqa_v2:Prevention_10:qwen:image_only,Prevention_10,qwen,image_only,Prevention_10:containment,containment,A,A,1,1,,1,
task_asset_vqa_v2:Prevention_10:qwen:image_only,Prevention_10,qwen,image_only,Prevention_10:movable_object_relation,movable_object_relation,B,B,1,1,,1,
task_asset_vqa_v2:Prevention_4:qwen:image_only,Prevention_4,qwen,image_only,Prevention_4:red_shape,shape,C,C,1,1,,1,
task_asset_vqa_v2:Prevention_4:qwen:image_only,Prevention_4,qwen,image_only,Prevention_4:goal_shape,shape,D,D,1,1,,1,
task_asset_vqa_v2:Prevention_4:qwen:image_only,Prevention_4,qwen,image_only,Prevention_4:blue_count,count_color,A,A,1,1,,1,
task_asset_vqa_v2:Prevention_4:qwen:image_only,Prevention_4,qwen,image_only,Prevention_4:colored_count,count_color,D,D,1,1,,1,
task_asset_vqa_v2:Prevention_4:qwen:image_only,Prevention_4,qwen,image_only,Prevention_4:movable_count,movability,E,E,1,1,,1,
task_asset_vqa_v2:Prevention_4:qwen:image_only,Prevention_4,qwen,image_only,Prevention_4:horizontal_relation,relative_position,C,C,1,1,,1,
task_asset_vqa_v2:Prevention_4:qwen:image_only,Prevention_4,qwen,image_only,Prevention_4:vertical_relation,relative_position,A,A,1,1,,1,
task_asset_vqa_v2:Prevention_4:qwen:image_only,Prevention_4,qwen,image_only,Prevention_4:red_quadrant,coarse_location,B,B,1,1,,1,
task_asset_vqa_v2:Prevention_4:qwen:image_only,Prevention_4,qwen,image_only,Prevention_4:goal_quadrant,coarse_location,C,C,1,1,,1,
task_asset_vqa_v2:Prevention_4:qwen:image_only,Prevention_4,qwen,image_only,Prevention_4:containment,containment,B,B,1,1,,1,
task_asset_vqa_v2:Prevention_4:qwen:image_only,Prevention_4,qwen,image_only,Prevention_4:movable_object_relation,movable_object_relation,B,B,1,1,,1,
task_asset_vqa_v2:Remove_9:qwen:json_only,Remove_9,qwen,json_only,Remove_9:red_shape,shape,D,D,1,1,,1,
task_asset_vqa_v2:Remove_9:qwen:json_only,Remove_9,qwen,json_only,Remove_9:goal_shape,shape,A,A,1,1,,1,
task_asset_vqa_v2:Remove_9:qwen:json_only,Remove_9,qwen,json_only,Remove_9:blue_count,count_color,B,B,1,1,,1,
task_asset_vqa_v2:Remove_9:qwen:json_only,Remove_9,qwen,json_only,Remove_9:colored_count,count_color,C,E,0,1,,1,
task_asset_vqa_v2:Remove_9:qwen:json_only,Remove_9,qwen,json_only,Remove_9:movable_count,movability,B,F,0,1,,1,
task_asset_vqa_v2:Remove_9:qwen:json_only,Remove_9,qwen,json_only,Remove_9:horizontal_relation,relative_position,A,A,1,1,,1,
task_asset_vqa_v2:Remove_9:qwen:json_only,Remove_9,qwen,json_only,Remove_9:vertical_relation,relative_position,B,B,1,1,,1,
task_asset_vqa_v2:Remove_9:qwen:json_only,Remove_9,qwen,json_only,Remove_9:red_quadrant,coarse_location,C,C,1,1,,1,
task_asset_vqa_v2:Remove_9:qwen:json_only,Remove_9,qwen,json_only,Remove_9:goal_quadrant,coarse_location,D,D,1,0,within_60px_of_x_or_y_divider,1,
task_asset_vqa_v2:Remove_9:qwen:json_only,Remove_9,qwen,json_only,Remove_9:containment,containment,A,A,1,1,,1,
task_asset_vqa_v2:Remove_9:qwen:json_only,Remove_9,qwen,json_only,Remove_9:movable_object_relation,movable_object_relation,A,C,0,1,,1,
task_asset_vqa_v2:Remove_9:qwen:image_only,Remove_9,qwen,image_only,Remove_9:red_shape,shape,D,D,1,1,,1,
task_asset_vqa_v2:Remove_9:qwen:image_only,Remove_9,qwen,image_only,Remove_9:goal_shape,shape,A,A,1,1,,1,
task_asset_vqa_v2:Remove_9:qwen:image_only,Remove_9,qwen,image_only,Remove_9:blue_count,count_color,B,B,1,1,,1,
task_asset_vqa_v2:Remove_9:qwen:image_only,Remove_9,qwen,image_only,Remove_9:colored_count,count_color,E,E,1,1,,1,
task_asset_vqa_v2:Remove_9:qwen:image_only,Remove_9,qwen,image_only,Remove_9:movable_count,movability,F,F,1,1,,1,
task_asset_vqa_v2:Remove_9:qwen:image_only,Remove_9,qwen,image_only,Remove_9:horizontal_relation,relative_position,A,A,1,1,,1,
task_asset_vqa_v2:Remove_9:qwen:image_only,Remove_9,qwen,image_only,Remove_9:vertical_relation,relative_position,B,B,1,1,,1,
task_asset_vqa_v2:Remove_9:qwen:image_only,Remove_9,qwen,image_only,Remove_9:red_quadrant,coarse_location,C,C,1,1,,1,
task_asset_vqa_v2:Remove_9:qwen:image_only,Remove_9,qwen,image_only,Remove_9:goal_quadrant,coarse_location,C,D,0,0,within_60px_of_x_or_y_divider,1,
task_asset_vqa_v2:Remove_9:qwen:image_only,Remove_9,qwen,image_only,Remove_9:containment,containment,A,A,1,1,,1,
task_asset_vqa_v2:Remove_9:qwen:image_only,Remove_9,qwen,image_only,Remove_9:movable_object_relation,movable_object_relation,A,C,0,1,,1,
task_asset_vqa_v2:Remove_8:qwen:image_only,Remove_8,qwen,image_only,Remove_8:red_shape,shape,A,A,1,1,,1,
task_asset_vqa_v2:Remove_8:qwen:image_only,Remove_8,qwen,image_only,Remove_8:goal_shape,shape,B,B,1,1,,1,
task_asset_vqa_v2:Remove_8:qwen:image_only,Remove_8,qwen,image_only,Remove_8:blue_count,count_color,C,C,1,1,,1,
task_asset_vqa_v2:Remove_8:qwen:image_only,Remove_8,qwen,image_only,Remove_8:colored_count,count_color,F,F,1,1,,1,
task_asset_vqa_v2:Remove_8:qwen:image_only,Remove_8,qwen,image_only,Remove_8:movable_count,movability,A,A,1,1,,1,
task_asset_vqa_v2:Remove_8:qwen:image_only,Remove_8,qwen,image_only,Remove_8:horizontal_relation,relative_position,A,B,0,1,,1,
task_asset_vqa_v2:Remove_8:qwen:image_only,Remove_8,qwen,image_only,Remove_8:vertical_relation,relative_position,C,C,1,1,,1,
task_asset_vqa_v2:Remove_8:qwen:image_only,Remove_8,qwen,image_only,Remove_8:red_quadrant,coarse_location,D,D,1,0,within_60px_of_x_or_y_divider,1,
task_asset_vqa_v2:Remove_8:qwen:image_only,Remove_8,qwen,image_only,Remove_8:goal_quadrant,coarse_location,D,A,0,0,within_60px_of_x_or_y_divider,1,
task_asset_vqa_v2:Remove_8:qwen:image_only,Remove_8,qwen,image_only,Remove_8:containment,containment,B,B,1,1,,1,
task_asset_vqa_v2:Remove_8:qwen:image_only,Remove_8,qwen,image_only,Remove_8:movable_object_relation,movable_object_relation,A,A,1,1,,1,
task_asset_vqa_v2:Remove_10:qwen:image_only,Remove_10,qwen,image_only,Remove_10:red_shape,shape,B,B,1,1,,1,
task_asset_vqa_v2:Remove_10:qwen:image_only,Remove_10,qwen,image_only,Remove_10:goal_shape,shape,C,C,1,1,,1,
task_asset_vqa_v2:Remove_10:qwen:image_only,Remove_10,qwen,image_only,Remove_10:blue_count,count_color,D,D,1,1,,1,
task_asset_vqa_v2:Remove_10:qwen:image_only,Remove_10,qwen,image_only,Remove_10:colored_count,count_color,E,E,1,1,,1,
task_asset_vqa_v2:Remove_10:qwen:image_only,Remove_10,qwen,image_only,Remove_10:movable_count,movability,F,F,1,1,,1,
task_asset_vqa_v2:Remove_10:qwen:image_only,Remove_10,qwen,image_only,Remove_10:horizontal_relation,relative_position,A,A,1,1,,1,
task_asset_vqa_v2:Remove_10:qwen:image_only,Remove_10,qwen,image_only,Remove_10:vertical_relation,relative_position,B,B,1,1,,1,
task_asset_vqa_v2:Remove_10:qwen:image_only,Remove_10,qwen,image_only,Remove_10:red_quadrant,coarse_location,B,A,0,0,within_60px_of_x_or_y_divider,1,
task_asset_vqa_v2:Remove_10:qwen:image_only,Remove_10,qwen,image_only,Remove_10:goal_quadrant,coarse_location,C,B,0,0,within_60px_of_x_or_y_divider,1,
task_asset_vqa_v2:Remove_10:qwen:image_only,Remove_10,qwen,image_only,Remove_10:containment,containment,A,A,1,1,,1,
task_asset_vqa_v2:Remove_10:qwen:image_only,Remove_10,qwen,image_only,Remove_10:movable_object_relation,movable_object_relation,B,C,0,1,,1,
