goal_id,environment_id,run_name,gravity,category,internal_subtype,solution_density,success_count,valid_placement_count,density_kind,selection_uses_model_outcomes
0001_Balance_2_downward__goal_0020,021,Balance_2_downward,downward,contact,multi_object_final_contact,0.0550355067785668,341.0,6196.0,paper_saved_solution_density,False
0002_Remove_9_downward__goal_0022,129,Remove_9_downward,downward,orientation,final_orientation,0.0155194449516158,85.0,5477.0,paper_saved_solution_density,False
0003_FallingAlt_4_downward__goal_0048,087,FallingAlt_4_downward,downward,contact,loss_of_contact,0.0111708729830368,54.0,4834.0,paper_saved_solution_density,False
0004_BalanceUnder_8_downward__goal_0093,045,BalanceUnder_8_downward,downward,position,relative_position,0.0525544772019776,287.0,5461.0,paper_saved_solution_density,False
0005_BackUp_6_upward__goal_0001,010,BackUp_6_upward,upward,contact,transient_contact,0.0032997855139415,20.0,6061.0,paper_saved_solution_density,False
0006_FallingAlt_9_downward__goal_0020,097,FallingAlt_9_downward,downward,contact,multi_object_final_contact,0.0008708904855214,4.0,4593.0,paper_saved_solution_density,False
0007_Remove_9_downward__goal_0010,129,Remove_9_downward,downward,contact,final_contact,0.0031038889903231,17.0,5477.0,paper_saved_solution_density,False
0009_Remove_1_upward__goal_0013,118,Remove_1_upward,upward,position,relative_position,0.0162180814354727,94.0,5796.0,paper_saved_solution_density,False
0010_BackUp_7_upward__goal_0005,012,BackUp_7_upward,upward,contact,final_contact,0.0009319664492078,6.0,6438.0,paper_saved_solution_density,False
0011_Prevention_1_upward__goal_0005,102,Prevention_1_upward,upward,position,relative_position,0.0068890500362581,19.0,2758.0,paper_saved_solution_density,False
0012_BalanceUnder_2_downward__goal_0093,035,BalanceUnder_2_downward,downward,contact,multi_object_final_contact,0.0848545636910732,423.0,4985.0,paper_saved_solution_density,False
0013_Falling_6_downward__goal_0001,071,Falling_6_downward,downward,contact,transient_contact,0.0001503533303262,1.0,6651.0,paper_saved_solution_density,False
0015_FallingAlt_4_downward__goal_0007,087,FallingAlt_4_downward,downward,contact,final_contact,0.0004137360364087,2.0,4834.0,paper_saved_solution_density,False
0016_BalanceUnder_5_downward__goal_0151,039,BalanceUnder_5_downward,downward,contact,loss_of_contact,0.2886866059817945,1554.0,5383.0,paper_saved_solution_density,False
0019_BackUp_8_downward__goal_0001,013,BackUp_8_downward,downward,orientation,final_orientation,0.0001600768368817,1.0,6247.0,paper_saved_solution_density,False
0020_Balance_2_downward__goal_0031,021,Balance_2_downward,downward,movement,single_object_movement,0.1426726920593931,884.0,6196.0,paper_saved_solution_density,False
0022_Balance_7_downward__goal_0012,029,Balance_7_downward,downward,contact,multi_object_final_contact,0.0008833922261484,5.0,5660.0,paper_saved_solution_density,False
0026_Prevention_5_downward__goal_0008,109,Prevention_5_downward,downward,contact,multi_object_final_contact,0.001131221719457,3.0,2652.0,paper_saved_solution_density,False
0028_BalanceUnder_2_downward__goal_0084,035,BalanceUnder_2_downward,downward,position,relative_position,0.0507522567703109,253.0,4985.0,paper_saved_solution_density,False
0032_Prevention_7_downward__goal_0016,111,Prevention_7_downward,downward,position,relative_position,0.0117517443995593,32.0,2723.0,paper_saved_solution_density,False
0033_Falling_5_downward__goal_0004,069,Falling_5_downward,downward,movement,single_object_movement,0.0023205221174764,16.0,6895.0,paper_saved_solution_density,False
0034_Balance_4_downward__goal_0036,025,Balance_4_downward,downward,contact,final_contact,0.1208198489751887,672.0,5562.0,paper_saved_solution_density,False
0036_Remove_6_upward__goal_0009,124,Remove_6_upward,upward,position,relative_position,0.0003578457684737,2.0,5589.0,paper_saved_solution_density,False
0037_Prevention_5_upward__goal_0035,110,Prevention_5_upward,upward,contact,multi_object_final_contact,0.0350678733031674,93.0,2652.0,paper_saved_solution_density,False
0039_BalanceUnder_3_downward__goal_0015,037,BalanceUnder_3_downward,downward,position,relative_position,0.0009335324869305,5.0,5356.0,paper_saved_solution_density,False
0040_BalanceUnder_3_upward__goal_0066,038,BalanceUnder_3_upward,upward,position,relative_position,0.068521284540702,367.0,5356.0,paper_saved_solution_density,False
0041_BalanceUnder_5_downward__goal_0055,039,BalanceUnder_5_downward,downward,contact,final_contact,0.0048300204347018,26.0,5383.0,paper_saved_solution_density,False
0042_Prevention_3_downward__goal_0028,105,Prevention_3_downward,downward,contact,final_contact,0.022029897718332,56.0,2542.0,paper_saved_solution_density,False
0044_FallingAlt_10_upward__goal_0004,100,FallingAlt_10_upward,upward,position,support_or_surface,0.0002178649237472,1.0,4590.0,paper_saved_solution_density,False
0045_FallingAlt_7_downward__goal_0046,093,FallingAlt_7_downward,downward,position,relative_position,0.1886710239651416,866.0,4590.0,paper_saved_solution_density,False
0047_Prevention_7_downward__goal_0002,111,Prevention_7_downward,downward,orientation,final_orientation,0.0003672420124862,1.0,2723.0,paper_saved_solution_density,False
0049_Remove_7_downward__goal_0059,125,Remove_7_downward,downward,position,relative_position,0.0519433996059466,290.0,5583.0,paper_saved_solution_density,False
0050_FallingAlt_10_upward__goal_0022,100,FallingAlt_10_upward,upward,position,support_or_surface,0.0013071895424836,6.0,4590.0,paper_saved_solution_density,False
0051_Remove_7_downward__goal_0018,125,Remove_7_downward,downward,contact,multi_object_final_contact,0.0010746910263299,6.0,5583.0,paper_saved_solution_density,False
0053_FallingAlt_2_upward__goal_0031,084,FallingAlt_2_upward,upward,position,relative_position,0.0630360205831904,294.0,4664.0,paper_saved_solution_density,False
0056_BackUp_5_upward__goal_0001,008,BackUp_5_upward,upward,contact,transient_contact,0.005978817902289,35.0,5854.0,paper_saved_solution_density,False
0057_FallingAlt_8_upward__goal_0025,096,FallingAlt_8_upward,upward,contact,transient_contact,0.0135578394926743,62.0,4573.0,paper_saved_solution_density,False
0058_Remove_5_downward__goal_0012,121,Remove_5_downward,downward,contact,final_contact,0.0048128342245989,27.0,5610.0,paper_saved_solution_density,False
0060_Basic_9_upward__goal_0002,060,Basic_9_upward,upward,contact,final_contact,0.001353441608662,7.0,5172.0,paper_saved_solution_density,False
0063_Falling_9_upward__goal_0027,078,Falling_9_upward,upward,movement,single_object_movement,0.0223313272093759,141.0,6314.0,paper_saved_solution_density,False
0064_Remove_7_upward__goal_0039,126,Remove_7_upward,upward,containment,container_contact_or_other,0.014866559197564,83.0,5583.0,paper_saved_solution_density,False
0065_BalanceUnder_2_upward__goal_0039,036,BalanceUnder_2_upward,upward,contact,multi_object_final_contact,0.0076228686058174,38.0,4985.0,paper_saved_solution_density,False
0066_Remove_8_downward__goal_0019,127,Remove_8_downward,downward,contact,multi_object_final_contact,0.0116708811515269,60.0,5141.0,paper_saved_solution_density,False
0067_Prevention_1_upward__goal_0007,102,Prevention_1_upward,upward,movement,single_object_movement,0.0079767947788252,22.0,2758.0,paper_saved_solution_density,False
0068_Balance_3_downward__goal_0025,023,Balance_3_downward,downward,position,relative_position,0.1056664290805416,593.0,5612.0,paper_saved_solution_density,False
0070_Remove_10_downward__goal_0013,131,Remove_10_downward,downward,position,support_or_surface,0.004663309084126,25.0,5361.0,paper_saved_solution_density,False
0074_FallingAlt_7_downward__goal_0010,093,FallingAlt_7_downward,downward,position,relative_position,0.0013071895424836,6.0,4590.0,paper_saved_solution_density,False
0076_Falling_6_upward__goal_0018,072,Falling_6_upward,upward,movement,single_object_movement,0.0263118328070966,175.0,6651.0,paper_saved_solution_density,False
0077_BalanceUnder_10_downward__goal_0032,047,BalanceUnder_10_downward,downward,position,relative_position,0.0005335230304108,3.0,5623.0,paper_saved_solution_density,False
0078_Falling_3_downward__goal_0008,067,Falling_3_downward,downward,orientation,final_orientation,0.0176529926025554,105.0,5948.0,paper_saved_solution_density,False
0080_FallingAlt_6_downward__goal_0058,091,FallingAlt_6_downward,downward,position,relative_position,0.1219702892885066,624.0,5116.0,paper_saved_solution_density,False
0081_Remove_2_downward__goal_0030,119,Remove_2_downward,downward,position,relative_position,0.0270173555197709,151.0,5589.0,paper_saved_solution_density,False
0083_Basic_6_downward__goal_0011,053,Basic_6_downward,downward,contact,final_contact,0.0191291674257606,105.0,5489.0,paper_saved_solution_density,False
0086_BalanceUnder_8_downward__goal_0117,045,BalanceUnder_8_downward,downward,movement,single_object_movement,0.271195751693829,1481.0,5461.0,paper_saved_solution_density,False
0087_FallingAlt_10_downward__goal_0061,099,FallingAlt_10_downward,downward,contact,final_contact,0.0272331154684095,125.0,4590.0,paper_saved_solution_density,False
0089_BalanceUnder_10_downward__goal_0094,047,BalanceUnder_10_downward,downward,movement,single_object_movement,0.0561977592032722,316.0,5623.0,paper_saved_solution_density,False
0090_BalanceUnder_8_upward__goal_0063,046,BalanceUnder_8_upward,upward,movement,single_object_movement,0.0333272294451565,182.0,5461.0,paper_saved_solution_density,False
0093_Falling_9_upward__goal_0020,078,Falling_9_upward,upward,contact,multi_object_final_contact,0.0164713335445042,104.0,6314.0,paper_saved_solution_density,False
0094_Falling_10_downward__goal_0002,079,Falling_10_downward,downward,contact,multi_object_final_contact,0.0001589319771137,1.0,6292.0,paper_saved_solution_density,False
0095_Remove_5_downward__goal_0008,121,Remove_5_downward,downward,contact,multi_object_final_contact,0.0016042780748663,9.0,5610.0,paper_saved_solution_density,False
0096_FallingAlt_1_upward__goal_0040,082,FallingAlt_1_upward,upward,orientation,final_orientation,0.0085634767715692,40.0,4671.0,paper_saved_solution_density,False
0097_Falling_8_upward__goal_0020,076,Falling_8_upward,upward,orientation,final_orientation,0.0084566596194503,52.0,6149.0,paper_saved_solution_density,False
0098_FallingAlt_7_upward__goal_0051,094,FallingAlt_7_upward,upward,contact,final_contact,0.0429193899782135,197.0,4590.0,paper_saved_solution_density,False
0099_FallingAlt_10_downward__goal_0036,099,FallingAlt_10_downward,downward,contact,multi_object_final_contact,0.0032679738562091,15.0,4590.0,paper_saved_solution_density,False
0100_Remove_8_upward__goal_0010,128,Remove_8_upward,upward,position,support_or_surface,0.0005835440575763,3.0,5141.0,paper_saved_solution_density,False
0105_Basic_2_downward__goal_0010,051,Basic_2_downward,downward,containment,container_contact_or_other,0.0616966580976863,360.0,5835.0,paper_saved_solution_density,False
0107_FallingAlt_7_upward__goal_0003,094,FallingAlt_7_upward,upward,contact,multi_object_final_contact,0.0002178649237472,1.0,4590.0,paper_saved_solution_density,False
0108_Prevention_3_upward__goal_0015,106,Prevention_3_upward,upward,position,relative_position,0.0066876475216365,17.0,2542.0,paper_saved_solution_density,False
0109_Balance_7_upward__goal_0036,030,Balance_7_upward,upward,movement,single_object_movement,0.2040636042402827,1155.0,5660.0,paper_saved_solution_density,False
0110_FallingAlt_7_downward__goal_0028,093,FallingAlt_7_downward,downward,containment,final_inside_or_partially_inside,0.0320261437908496,147.0,4590.0,paper_saved_solution_density,False
0111_Balance_10_downward__goal_0040,033,Balance_10_downward,downward,movement,single_object_movement,0.0925719739144265,582.0,6287.0,paper_saved_solution_density,False
0112_BackUp_3_downward__goal_0003,003,BackUp_3_downward,downward,position,relative_position,0.0130938391807957,78.0,5957.0,paper_saved_solution_density,False
0114_BalanceUnder_6_upward__goal_0057,042,BalanceUnder_6_upward,upward,movement,single_object_movement,0.0146215065704238,79.0,5403.0,paper_saved_solution_density,False
0117_Remove_8_upward__goal_0011,128,Remove_8_upward,upward,position,relative_position,0.0007780587434351,4.0,5141.0,paper_saved_solution_density,False
0118_FallingAlt_8_downward__goal_0009,095,FallingAlt_8_downward,downward,contact,final_contact,0.000874699322108,4.0,4573.0,paper_saved_solution_density,False
0119_Prevention_10_downward__goal_0031,115,Prevention_10_downward,downward,containment,final_inside_or_partially_inside,0.2104539202200825,612.0,2908.0,paper_saved_solution_density,False
0120_Prevention_8_downward__goal_0006,113,Prevention_8_downward,downward,position,relative_position,0.0019821605550049,6.0,3027.0,paper_saved_solution_density,False
0121_BalanceUnder_10_upward__goal_0040,048,BalanceUnder_10_upward,upward,position,relative_position,0.0088920505068468,50.0,5623.0,paper_saved_solution_density,False
0122_Remove_2_upward__goal_0014,120,Remove_2_upward,upward,position,support_or_surface,0.0098407586330291,55.0,5589.0,paper_saved_solution_density,False
0123_Falling_9_upward__goal_0026,078,Falling_9_upward,upward,orientation,final_orientation,0.0216978143807412,137.0,6314.0,paper_saved_solution_density,False
0125_FallingAlt_8_downward__goal_0013,095,FallingAlt_8_downward,downward,contact,final_contact,0.002405423135797,11.0,4573.0,paper_saved_solution_density,False
0127_BackUp_3_downward__goal_0008,003,BackUp_3_downward,downward,movement,single_object_movement,0.0327345979519892,195.0,5957.0,paper_saved_solution_density,False
0128_BalanceUnder_2_upward__goal_0055,036,BalanceUnder_2_upward,upward,orientation,final_orientation,0.0224674022066198,112.0,4985.0,paper_saved_solution_density,False
0129_BalanceUnder_8_upward__goal_0040,046,BalanceUnder_8_upward,upward,movement,single_object_movement,0.0071415491668192,39.0,5461.0,paper_saved_solution_density,False
0130_Balance_1_upward__goal_0021,020,Balance_1_upward,upward,position,relative_position,0.0365267542454341,228.0,6242.0,paper_saved_solution_density,False
0131_BalanceUnder_10_downward__goal_0015,047,BalanceUnder_10_downward,downward,contact,multi_object_final_contact,0.0001778410101369,1.0,5623.0,paper_saved_solution_density,False
0132_Balance_7_upward__goal_0006,030,Balance_7_upward,upward,contact,final_contact,0.0026501766784452,15.0,5660.0,paper_saved_solution_density,False
0135_BackUp_6_upward__goal_0005,010,BackUp_6_upward,upward,movement,single_object_movement,0.0191387559808612,116.0,6061.0,paper_saved_solution_density,False
0136_Balance_8_downward__goal_0006,031,Balance_8_downward,downward,position,relative_position,0.0061272301315552,34.0,5549.0,paper_saved_solution_density,False
0137_Prevention_2_downward__goal_0014,103,Prevention_2_downward,downward,contact,transient_contact,0.0586329770003239,181.0,3087.0,paper_saved_solution_density,False
0139_BackUp_9_downward__goal_0017,015,BackUp_9_downward,downward,movement,single_object_movement,0.0315508813509109,213.0,6751.0,paper_saved_solution_density,False
0140_Remove_1_downward__goal_0024,117,Remove_1_downward,downward,position,relative_position,0.0388198757763975,225.0,5796.0,paper_saved_solution_density,False
0141_BalanceUnder_5_upward__goal_0007,040,BalanceUnder_5_upward,upward,contact,multi_object_final_contact,0.0009288500835965,5.0,5383.0,paper_saved_solution_density,False
0142_BalanceUnder_2_upward__goal_0033,036,BalanceUnder_2_upward,upward,contact,transient_contact,0.0058174523570712,29.0,4985.0,paper_saved_solution_density,False
0144_Remove_5_downward__goal_0014,121,Remove_5_downward,downward,containment,container_contact_or_other,0.0092691622103386,52.0,5610.0,paper_saved_solution_density,False
0146_Remove_9_upward__goal_0023,130,Remove_9_upward,upward,contact,final_contact,0.057330655468322,314.0,5477.0,paper_saved_solution_density,False
0147_BalanceUnder_5_downward__goal_0069,039,BalanceUnder_5_downward,downward,orientation,final_orientation,0.0076165706854913,41.0,5383.0,paper_saved_solution_density,False
0148_Falling_10_upward__goal_0026,080,Falling_10_upward,upward,position,support_or_surface,0.0257469802924348,162.0,6292.0,paper_saved_solution_density,False
0149_Basic_8_downward__goal_0029,057,Basic_8_downward,downward,movement,single_object_movement,0.0331150608044901,177.0,5345.0,paper_saved_solution_density,False
0150_Balance_8_downward__goal_0030,031,Balance_8_downward,downward,position,relative_position,0.1560641557037304,866.0,5549.0,paper_saved_solution_density,False
0152_BalanceUnder_3_upward__goal_0003,038,BalanceUnder_3_upward,upward,contact,final_contact,0.0001867064973861,1.0,5356.0,paper_saved_solution_density,False
0153_Remove_9_downward__goal_0005,129,Remove_9_downward,downward,movement,single_object_movement,0.0003651634106262,2.0,5477.0,paper_saved_solution_density,False
0155_Falling_9_downward__goal_0030,077,Falling_9_downward,downward,movement,single_object_movement,0.1108647450110864,700.0,6314.0,paper_saved_solution_density,False
0159_BalanceUnder_5_downward__goal_0070,039,BalanceUnder_5_downward,downward,contact,final_contact,0.0079881107189299,43.0,5383.0,paper_saved_solution_density,False
0162_Remove_9_downward__goal_0033,129,Remove_9_downward,downward,contact,final_contact,0.0368815044732517,202.0,5477.0,paper_saved_solution_density,False
0163_BalanceUnder_8_upward__goal_0062,046,BalanceUnder_8_upward,upward,movement,single_object_movement,0.0331441127998535,181.0,5461.0,paper_saved_solution_density,False
0164_BalanceUnder_10_downward__goal_0061,047,BalanceUnder_10_downward,downward,contact,final_contact,0.0042681842432865,24.0,5623.0,paper_saved_solution_density,False
0166_BalanceUnder_2_downward__goal_0080,035,BalanceUnder_2_downward,downward,contact,transient_contact,0.0304914744232698,152.0,4985.0,paper_saved_solution_density,False
0167_FallingAlt_3_downward__goal_0012,085,FallingAlt_3_downward,downward,contact,final_contact,0.0088934850051706,43.0,4835.0,paper_saved_solution_density,False
0168_FallingAlt_9_upward__goal_0046,098,FallingAlt_9_upward,upward,position,relative_position,0.0472458088395384,217.0,4593.0,paper_saved_solution_density,False
0169_BalanceUnder_5_downward__goal_0027,039,BalanceUnder_5_downward,downward,contact,final_contact,0.0009288500835965,5.0,5383.0,paper_saved_solution_density,False
0170_Basic_8_upward__goal_0011,058,Basic_8_upward,upward,position,relative_position,0.0056127221702525,30.0,5345.0,paper_saved_solution_density,False
0171_BalanceUnder_6_upward__goal_0069,042,BalanceUnder_6_upward,upward,movement,single_object_movement,0.0194336479733481,105.0,5403.0,paper_saved_solution_density,False
0172_FallingAlt_1_downward__goal_0041,081,FallingAlt_1_downward,downward,position,relative_position,0.0798544208948833,373.0,4671.0,paper_saved_solution_density,False
0174_BalanceUnder_7_downward__goal_0017,043,BalanceUnder_7_downward,downward,contact,multi_object_final_contact,0.0003789314134141,2.0,5278.0,paper_saved_solution_density,False
0175_FallingAlt_7_downward__goal_0012,093,FallingAlt_7_downward,downward,position,relative_position,0.0013071895424836,6.0,4590.0,paper_saved_solution_density,False
0176_FallingAlt_1_downward__goal_0010,081,FallingAlt_1_downward,downward,position,relative_position,0.0004281738385784,2.0,4671.0,paper_saved_solution_density,False
0177_BalanceUnder_2_downward__goal_0088,035,BalanceUnder_2_downward,downward,contact,multi_object_final_contact,0.0647943831494483,323.0,4985.0,paper_saved_solution_density,False
0178_Balance_1_downward__goal_0004,019,Balance_1_downward,downward,position,relative_position,0.0003204101249599,2.0,6242.0,paper_saved_solution_density,False
0180_Basic_7_downward__goal_0008,055,Basic_7_downward,downward,containment,container_contact_or_other,0.0031781344350866,20.0,6293.0,paper_saved_solution_density,False
0182_FallingAlt_9_downward__goal_0056,097,FallingAlt_9_downward,downward,contact,multi_object_final_contact,0.0250381014587415,115.0,4593.0,paper_saved_solution_density,False
0183_BalanceUnder_6_downward__goal_0073,041,BalanceUnder_6_downward,downward,containment,final_inside_or_partially_inside,0.0220248010364612,119.0,5403.0,paper_saved_solution_density,False
0186_FallingAlt_10_upward__goal_0045,100,FallingAlt_10_upward,upward,position,relative_position,0.0130718954248366,60.0,4590.0,paper_saved_solution_density,False
0187_Balance_1_upward__goal_0007,020,Balance_1_upward,upward,position,relative_position,0.0004806151874399,3.0,6242.0,paper_saved_solution_density,False
0188_Balance_3_downward__goal_0008,023,Balance_3_downward,downward,contact,final_contact,0.0007127583749109,4.0,5612.0,paper_saved_solution_density,False
0190_Remove_6_downward__goal_0052,123,Remove_6_downward,downward,movement,single_object_movement,0.0427625693326176,239.0,5589.0,paper_saved_solution_density,False
0192_Remove_6_upward__goal_0037,124,Remove_6_upward,upward,containment,container_contact_or_other,0.0323850420468777,181.0,5589.0,paper_saved_solution_density,False
0193_FallingAlt_2_upward__goal_0025,084,FallingAlt_2_upward,upward,contact,multi_object_final_contact,0.0141509433962264,66.0,4664.0,paper_saved_solution_density,False
0194_Remove_8_downward__goal_0023,127,Remove_8_downward,downward,position,support_or_surface,0.0354016728262983,182.0,5141.0,paper_saved_solution_density,False
0196_Prevention_7_upward__goal_0023,112,Prevention_7_upward,upward,position,relative_position,0.0253396988615497,69.0,2723.0,paper_saved_solution_density,False
0197_BalanceUnder_8_upward__goal_0033,046,BalanceUnder_8_upward,upward,contact,multi_object_final_contact,0.0018311664530305,10.0,5461.0,paper_saved_solution_density,False
0199_Remove_10_downward__goal_0011,131,Remove_10_downward,downward,movement,single_object_movement,0.0039171796306659,21.0,5361.0,paper_saved_solution_density,False
0200_BalanceUnder_8_downward__goal_0101,045,BalanceUnder_8_downward,downward,contact,multi_object_final_contact,0.0996154550448635,544.0,5461.0,paper_saved_solution_density,False
0202_BalanceUnder_8_downward__goal_0106,045,BalanceUnder_8_downward,downward,contact,multi_object_final_contact,0.1312946346822926,717.0,5461.0,paper_saved_solution_density,False
0204_BalanceUnder_10_downward__goal_0009,047,BalanceUnder_10_downward,downward,contact,multi_object_final_contact,0.0001778410101369,1.0,5623.0,paper_saved_solution_density,False
0205_FallingAlt_9_downward__goal_0069,097,FallingAlt_9_downward,downward,movement,single_object_movement,0.0659699542782495,303.0,4593.0,paper_saved_solution_density,False
0206_FallingAlt_10_downward__goal_0007,099,FallingAlt_10_downward,downward,contact,final_contact,0.0002178649237472,1.0,4590.0,paper_saved_solution_density,False
0208_BalanceUnder_7_downward__goal_0111,043,BalanceUnder_7_downward,downward,contact,final_contact,0.0456612353164077,241.0,5278.0,paper_saved_solution_density,False
0211_Prevention_8_downward__goal_0015,113,Prevention_8_downward,downward,contact,multi_object_final_contact,0.0614469772051536,186.0,3027.0,paper_saved_solution_density,False
0214_Prevention_2_downward__goal_0003,103,Prevention_2_downward,downward,contact,multi_object_final_contact,0.0042112082928409,13.0,3087.0,paper_saved_solution_density,False
0215_BalanceUnder_3_upward__goal_0013,038,BalanceUnder_3_upward,upward,contact,multi_object_final_contact,0.0003734129947722,2.0,5356.0,paper_saved_solution_density,False
0216_BalanceUnder_6_downward__goal_0123,041,BalanceUnder_6_downward,downward,position,relative_position,0.1625023135295206,878.0,5403.0,paper_saved_solution_density,False
0217_FallingAlt_2_downward__goal_0053,083,FallingAlt_2_downward,downward,orientation,final_orientation,0.0769725557461406,359.0,4664.0,paper_saved_solution_density,False
0218_BalanceUnder_10_downward__goal_0082,047,BalanceUnder_10_downward,downward,contact,multi_object_final_contact,0.0176062600035568,99.0,5623.0,paper_saved_solution_density,False
0220_Falling_8_downward__goal_0018,075,Falling_8_downward,downward,orientation,final_orientation,0.0084566596194503,52.0,6149.0,paper_saved_solution_density,False
0221_BalanceUnder_2_downward__goal_0082,035,BalanceUnder_2_downward,downward,contact,multi_object_final_contact,0.038716148445336,193.0,4985.0,paper_saved_solution_density,False
0222_Remove_7_upward__goal_0013,126,Remove_7_upward,upward,containment,transient_enter_container,0.0007164606842199,4.0,5583.0,paper_saved_solution_density,False
0223_Balance_7_upward__goal_0015,030,Balance_7_upward,upward,position,relative_position,0.0553003533568904,313.0,5660.0,paper_saved_solution_density,False
0224_Falling_9_downward__goal_0005,077,Falling_9_downward,downward,contact,transient_contact,0.0006335128286347,4.0,6314.0,paper_saved_solution_density,False
0225_Falling_6_upward__goal_0016,072,Falling_6_upward,upward,containment,final_inside_or_partially_inside,0.0205984062546985,137.0,6651.0,paper_saved_solution_density,False
0227_BalanceUnder_7_upward__goal_0068,044,BalanceUnder_7_upward,upward,position,relative_position,0.0162940507768094,86.0,5278.0,paper_saved_solution_density,False
0228_BalanceUnder_6_downward__goal_0087,041,BalanceUnder_6_downward,downward,contact,multi_object_final_contact,0.0538589672404219,291.0,5403.0,paper_saved_solution_density,False
0229_Basic_1_downward__goal_0007,049,Basic_1_downward,downward,containment,container_contact_or_other,0.0064861358845467,40.0,6167.0,paper_saved_solution_density,False
0230_Remove_8_upward__goal_0032,128,Remove_8_upward,upward,contact,final_contact,0.0468780392919665,241.0,5141.0,paper_saved_solution_density,False
0234_Prevention_1_downward__goal_0009,101,Prevention_1_downward,downward,contact,multi_object_final_contact,0.0054387237128353,15.0,2758.0,paper_saved_solution_density,False
0235_Balance_1_upward__goal_0027,020,Balance_1_upward,upward,orientation,final_orientation,0.043575776994553,272.0,6242.0,paper_saved_solution_density,False
0236_FallingAlt_6_upward__goal_0040,092,FallingAlt_6_upward,upward,movement,single_object_movement,0.0435887412040656,223.0,5116.0,paper_saved_solution_density,False
0237_BalanceUnder_6_downward__goal_0132,041,BalanceUnder_6_downward,downward,movement,single_object_movement,0.2289468813622061,1237.0,5403.0,paper_saved_solution_density,False
0239_FallingAlt_5_downward__goal_0033,089,FallingAlt_5_downward,downward,orientation,final_orientation,0.0341824515567167,157.0,4593.0,paper_saved_solution_density,False
0240_Remove_2_downward__goal_0033,119,Remove_2_downward,downward,movement,single_object_movement,0.0411522633744856,230.0,5589.0,paper_saved_solution_density,False
0241_Balance_10_downward__goal_0041,033,Balance_10_downward,downward,contact,loss_of_contact,0.0998886591379036,628.0,6287.0,paper_saved_solution_density,False
0242_Remove_9_downward__goal_0031,129,Remove_9_downward,downward,position,support_or_surface,0.0259266021544641,142.0,5477.0,paper_saved_solution_density,False
0243_BalanceUnder_5_downward__goal_0081,039,BalanceUnder_5_downward,downward,contact,multi_object_final_contact,0.0150473713542634,81.0,5383.0,paper_saved_solution_density,False
0247_FallingAlt_10_upward__goal_0015,100,FallingAlt_10_upward,upward,contact,transient_contact,0.0008714596949891,4.0,4590.0,paper_saved_solution_density,False
0248_BalanceUnder_6_upward__goal_0011,042,BalanceUnder_6_upward,upward,contact,final_contact,0.0003701647233018,2.0,5403.0,paper_saved_solution_density,False
0249_Balance_7_upward__goal_0010,030,Balance_7_upward,upward,contact,multi_object_final_contact,0.0056537102473498,32.0,5660.0,paper_saved_solution_density,False
0252_FallingAlt_9_upward__goal_0026,098,FallingAlt_9_upward,upward,movement,single_object_movement,0.0263444371870237,121.0,4593.0,paper_saved_solution_density,False
0253_BalanceUnder_5_upward__goal_0067,040,BalanceUnder_5_upward,upward,movement,single_object_movement,0.0248931822403864,134.0,5383.0,paper_saved_solution_density,False
0254_FallingAlt_9_upward__goal_0009,098,FallingAlt_9_upward,upward,orientation,final_orientation,0.000653167864141,3.0,4593.0,paper_saved_solution_density,False
0256_FallingAlt_3_upward__goal_0033,086,FallingAlt_3_upward,upward,position,relative_position,0.0107549120992761,52.0,4835.0,paper_saved_solution_density,False
0257_Prevention_3_downward__goal_0037,105,Prevention_3_downward,downward,position,relative_position,0.026750590086546,68.0,2542.0,paper_saved_solution_density,False
0258_Remove_9_downward__goal_0013,129,Remove_9_downward,downward,containment,final_inside_or_partially_inside,0.0060251962753332,33.0,5477.0,paper_saved_solution_density,False
0259_Remove_2_upward__goal_0036,120,Remove_2_upward,upward,contact,final_contact,0.0901771336553945,504.0,5589.0,paper_saved_solution_density,False
0260_Prevention_4_upward__goal_0004,108,Prevention_4_upward,upward,contact,final_contact,0.0017349063150589,5.0,2882.0,paper_saved_solution_density,False
0261_FallingAlt_10_upward__goal_0034,100,FallingAlt_10_upward,upward,contact,multi_object_final_contact,0.0045751633986928,21.0,4590.0,paper_saved_solution_density,False
0262_Remove_8_downward__goal_0012,127,Remove_8_downward,downward,contact,transient_contact,0.0070025286909161,36.0,5141.0,paper_saved_solution_density,False
0263_Balance_7_upward__goal_0034,030,Balance_7_upward,upward,position,relative_position,0.2033568904593639,1151.0,5660.0,paper_saved_solution_density,False
0264_FallingAlt_3_upward__goal_0001,086,FallingAlt_3_upward,upward,contact,multi_object_final_contact,0.0002068252326783,1.0,4835.0,paper_saved_solution_density,False
0265_Balance_4_upward__goal_0015,026,Balance_4_upward,upward,contact,final_contact,0.0102481121898597,57.0,5562.0,paper_saved_solution_density,False
0266_Falling_2_upward__goal_0017,066,Falling_2_upward,upward,movement,single_object_movement,0.0368740515933232,243.0,6590.0,paper_saved_solution_density,False
0267_BalanceUnder_6_downward__goal_0004,041,BalanceUnder_6_downward,downward,contact,multi_object_final_contact,0.0001850823616509,1.0,5403.0,paper_saved_solution_density,False
0268_Remove_6_upward__goal_0032,124,Remove_6_upward,upward,containment,transient_enter_container,0.0119878332438718,67.0,5589.0,paper_saved_solution_density,False
0269_BalanceUnder_3_downward__goal_0046,037,BalanceUnder_3_downward,downward,contact,multi_object_final_contact,0.0067214339058999,36.0,5356.0,paper_saved_solution_density,False
0271_FallingAlt_10_downward__goal_0064,099,FallingAlt_10_downward,downward,contact,multi_object_final_contact,0.0296296296296296,136.0,4590.0,paper_saved_solution_density,False
0272_FallingAlt_10_downward__goal_0002,099,FallingAlt_10_downward,downward,contact,multi_object_final_contact,0.0002178649237472,1.0,4590.0,paper_saved_solution_density,False
0273_BalanceUnder_5_upward__goal_0074,040,BalanceUnder_5_upward,upward,orientation,final_orientation,0.027122422441018,146.0,5383.0,paper_saved_solution_density,False
0274_BalanceUnder_5_downward__goal_0149,039,BalanceUnder_5_downward,downward,position,relative_position,0.2766115548950399,1489.0,5383.0,paper_saved_solution_density,False
0275_BalanceUnder_3_downward__goal_0070,037,BalanceUnder_3_downward,downward,contact,multi_object_final_contact,0.0425690814040328,228.0,5356.0,paper_saved_solution_density,False
0276_BalanceUnder_10_upward__goal_0013,048,BalanceUnder_10_upward,upward,contact,multi_object_final_contact,0.0005335230304108,3.0,5623.0,paper_saved_solution_density,False
0278_BalanceUnder_2_upward__goal_0006,036,BalanceUnder_2_upward,upward,contact,multi_object_final_contact,0.0002006018054162,1.0,4985.0,paper_saved_solution_density,False
0279_FallingAlt_8_upward__goal_0020,096,FallingAlt_8_upward,upward,movement,single_object_movement,0.0034987972884321,16.0,4573.0,paper_saved_solution_density,False
0281_Falling_5_downward__goal_0012,069,Falling_5_downward,downward,position,support_or_surface,0.0171138506163886,118.0,6895.0,paper_saved_solution_density,False
0283_FallingAlt_9_upward__goal_0005,098,FallingAlt_9_upward,upward,contact,multi_object_final_contact,0.0002177226213803,1.0,4593.0,paper_saved_solution_density,False
0286_BalanceUnder_10_upward__goal_0011,048,BalanceUnder_10_upward,upward,contact,transient_contact,0.0005335230304108,3.0,5623.0,paper_saved_solution_density,False
0287_BalanceUnder_6_downward__goal_0110,041,BalanceUnder_6_downward,downward,position,relative_position,0.1240051823061262,670.0,5403.0,paper_saved_solution_density,False
0290_BalanceUnder_6_downward__goal_0025,041,BalanceUnder_6_downward,downward,contact,multi_object_final_contact,0.0005552470849528,3.0,5403.0,paper_saved_solution_density,False
0294_FallingAlt_6_downward__goal_0059,091,FallingAlt_6_downward,downward,position,relative_position,0.1221657544956997,625.0,5116.0,paper_saved_solution_density,False
0296_BalanceUnder_8_downward__goal_0001,045,BalanceUnder_8_downward,downward,contact,transient_contact,0.000183116645303,1.0,5461.0,paper_saved_solution_density,False
0297_FallingAlt_2_downward__goal_0017,083,FallingAlt_2_downward,downward,contact,multi_object_final_contact,0.0021440823327615,10.0,4664.0,paper_saved_solution_density,False
0299_BalanceUnder_7_downward__goal_0079,043,BalanceUnder_7_downward,downward,contact,multi_object_final_contact,0.0085259568018188,45.0,5278.0,paper_saved_solution_density,False
0300_Balance_5_downward__goal_0001,027,Balance_5_downward,downward,contact,final_contact,0.000169147496617,1.0,5912.0,paper_saved_solution_density,False
0301_Falling_6_downward__goal_0003,071,Falling_6_downward,downward,containment,container_contact_or_other,0.0001503533303262,1.0,6651.0,paper_saved_solution_density,False
0302_Remove_6_downward__goal_0054,123,Remove_6_downward,downward,containment,transient_enter_container,0.0456253354804079,255.0,5589.0,paper_saved_solution_density,False
0304_BackUp_5_downward__goal_0003,007,BackUp_5_downward,downward,containment,final_inside_or_partially_inside,0.0058079945336522,34.0,5854.0,paper_saved_solution_density,False
0306_BalanceUnder_10_downward__goal_0127,047,BalanceUnder_10_downward,downward,position,relative_position,0.2201671705495287,1238.0,5623.0,paper_saved_solution_density,False
0308_BackUp_7_downward__goal_0019,011,BackUp_7_downward,downward,containment,final_inside_or_partially_inside,0.1025163094128611,660.0,6438.0,paper_saved_solution_density,False
0309_BalanceUnder_5_upward__goal_0028,040,BalanceUnder_5_upward,upward,position,relative_position,0.0050157904514211,27.0,5383.0,paper_saved_solution_density,False
0311_Falling_6_downward__goal_0008,071,Falling_6_downward,downward,containment,container_contact_or_other,0.000601413321305,4.0,6651.0,paper_saved_solution_density,False
0315_BalanceUnder_3_upward__goal_0022,038,BalanceUnder_3_upward,upward,contact,multi_object_final_contact,0.0013069454817027,7.0,5356.0,paper_saved_solution_density,False
0317_Prevention_4_upward__goal_0017,108,Prevention_4_upward,upward,movement,single_object_movement,0.0142262317834836,41.0,2882.0,paper_saved_solution_density,False
0318_Balance_2_upward__goal_0013,022,Balance_2_upward,upward,position,relative_position,0.0112976113621691,70.0,6196.0,paper_saved_solution_density,False
0320_Balance_4_upward__goal_0021,026,Balance_4_upward,upward,movement,single_object_movement,0.0697590794678173,388.0,5562.0,paper_saved_solution_density,False
0321_FallingAlt_9_upward__goal_0008,098,FallingAlt_9_upward,upward,contact,final_contact,0.000653167864141,3.0,4593.0,paper_saved_solution_density,False
0322_Prevention_4_downward__goal_0007,107,Prevention_4_downward,downward,orientation,final_orientation,0.0038167938931297,11.0,2882.0,paper_saved_solution_density,False
0324_Remove_5_downward__goal_0031,121,Remove_5_downward,downward,contact,transient_contact,0.0392156862745098,220.0,5610.0,paper_saved_solution_density,False
0325_BalanceUnder_6_downward__goal_0043,041,BalanceUnder_6_downward,downward,contact,multi_object_final_contact,0.0020359059781602,11.0,5403.0,paper_saved_solution_density,False
0326_Basic_7_upward__goal_0009,056,Basic_7_upward,upward,containment,transient_enter_container,0.0114412839663117,72.0,6293.0,paper_saved_solution_density,False
0327_Remove_7_upward__goal_0051,126,Remove_7_upward,upward,orientation,final_orientation,0.0639441160666308,357.0,5583.0,paper_saved_solution_density,False
0328_Remove_1_downward__goal_0030,117,Remove_1_downward,downward,position,relative_position,0.0626293995859213,363.0,5796.0,paper_saved_solution_density,False
0332_BackUp_6_upward__goal_0007,010,BackUp_6_upward,upward,movement,single_object_movement,0.0244184128031677,148.0,6061.0,paper_saved_solution_density,False
0333_FallingAlt_6_upward__goal_0025,092,FallingAlt_6_upward,upward,contact,loss_of_contact,0.0236512900703674,121.0,5116.0,paper_saved_solution_density,False
0334_FallingAlt_7_upward__goal_0049,094,FallingAlt_7_upward,upward,containment,container_contact_or_other,0.0418300653594771,192.0,4590.0,paper_saved_solution_density,False
0335_Basic_2_downward__goal_0002,051,Basic_2_downward,downward,contact,final_contact,0.0008568980291345,5.0,5835.0,paper_saved_solution_density,False
0338_BalanceUnder_2_upward__goal_0051,036,BalanceUnder_2_upward,upward,position,relative_position,0.0184553660982948,92.0,4985.0,paper_saved_solution_density,False
0339_Prevention_5_downward__goal_0001,109,Prevention_5_downward,downward,contact,transient_contact,0.0003770739064856,1.0,2652.0,paper_saved_solution_density,False
0340_BackUp_7_downward__goal_0003,011,BackUp_7_downward,downward,contact,multi_object_final_contact,0.0035725380552966,23.0,6438.0,paper_saved_solution_density,False
0341_Prevention_10_downward__goal_0025,115,Prevention_10_downward,downward,contact,multi_object_final_contact,0.0230398899587345,67.0,2908.0,paper_saved_solution_density,False
0343_Balance_7_downward__goal_0047,029,Balance_7_downward,downward,position,relative_position,0.13886925795053,786.0,5660.0,paper_saved_solution_density,False
0345_Remove_5_downward__goal_0011,121,Remove_5_downward,downward,position,relative_position,0.0037433155080213,21.0,5610.0,paper_saved_solution_density,False
0346_BalanceUnder_2_downward__goal_0017,035,BalanceUnder_2_downward,downward,contact,multi_object_final_contact,0.0002006018054162,1.0,4985.0,paper_saved_solution_density,False
0347_Remove_7_downward__goal_0012,125,Remove_7_downward,downward,contact,multi_object_final_contact,0.0003582303421099,2.0,5583.0,paper_saved_solution_density,False
0348_BalanceUnder_3_downward__goal_0050,037,BalanceUnder_3_downward,downward,containment,final_inside_or_partially_inside,0.0097087378640776,52.0,5356.0,paper_saved_solution_density,False
0349_FallingAlt_6_upward__goal_0033,092,FallingAlt_6_upward,upward,position,relative_position,0.0279515246286161,143.0,5116.0,paper_saved_solution_density,False
0350_Remove_6_downward__goal_0058,123,Remove_6_downward,downward,containment,container_contact_or_other,0.0499194847020934,279.0,5589.0,paper_saved_solution_density,False
0351_BalanceUnder_6_downward__goal_0034,041,BalanceUnder_6_downward,downward,contact,multi_object_final_contact,0.0011104941699056,6.0,5403.0,paper_saved_solution_density,False
0355_BalanceUnder_10_downward__goal_0003,047,BalanceUnder_10_downward,downward,contact,multi_object_final_contact,0.0001778410101369,1.0,5623.0,paper_saved_solution_density,False
0356_FallingAlt_10_upward__goal_0006,100,FallingAlt_10_upward,upward,position,relative_position,0.0002178649237472,1.0,4590.0,paper_saved_solution_density,False
0357_Prevention_8_downward__goal_0018,113,Prevention_8_downward,downward,position,relative_position,0.0614469772051536,186.0,3027.0,paper_saved_solution_density,False
0358_BalanceUnder_3_downward__goal_0007,037,BalanceUnder_3_downward,downward,contact,multi_object_final_contact,0.0003734129947722,2.0,5356.0,paper_saved_solution_density,False
0359_Prevention_5_downward__goal_0035,109,Prevention_5_downward,downward,orientation,final_orientation,0.0365761689291101,97.0,2652.0,paper_saved_solution_density,False
0360_Remove_2_upward__goal_0019,120,Remove_2_upward,upward,containment,container_contact_or_other,0.0123456790123456,69.0,5589.0,paper_saved_solution_density,False
0362_Falling_10_downward__goal_0020,079,Falling_10_downward,downward,contact,multi_object_final_contact,0.0052447552447552,33.0,6292.0,paper_saved_solution_density,False
0363_FallingAlt_1_downward__goal_0032,081,FallingAlt_1_downward,downward,contact,final_contact,0.0023549561121815,11.0,4671.0,paper_saved_solution_density,False
0364_BalanceUnder_3_downward__goal_0047,037,BalanceUnder_3_downward,downward,contact,multi_object_final_contact,0.0067214339058999,36.0,5356.0,paper_saved_solution_density,False
0365_Balance_4_downward__goal_0011,025,Balance_4_downward,downward,contact,multi_object_final_contact,0.0003595828838547,2.0,5562.0,paper_saved_solution_density,False
0366_BalanceUnder_6_downward__goal_0084,041,BalanceUnder_6_downward,downward,position,relative_position,0.0477512493059411,258.0,5403.0,paper_saved_solution_density,False
0367_BalanceUnder_6_upward__goal_0061,042,BalanceUnder_6_upward,upward,position,relative_position,0.0149916712937257,81.0,5403.0,paper_saved_solution_density,False
0368_Balance_2_downward__goal_0019,021,Balance_2_downward,downward,orientation,final_orientation,0.0535829567462879,332.0,6196.0,paper_saved_solution_density,False
0370_BalanceUnder_8_downward__goal_0099,045,BalanceUnder_8_downward,downward,contact,transient_contact,0.0745284746383446,407.0,5461.0,paper_saved_solution_density,False
0371_BalanceUnder_3_upward__goal_0051,038,BalanceUnder_3_upward,upward,contact,multi_object_final_contact,0.029126213592233,156.0,5356.0,paper_saved_solution_density,False
0372_Prevention_1_downward__goal_0027,101,Prevention_1_downward,downward,position,relative_position,0.0366207396664249,101.0,2758.0,paper_saved_solution_density,False
0373_FallingAlt_6_upward__goal_0018,092,FallingAlt_6_upward,upward,contact,multi_object_final_contact,0.0117279124315871,60.0,5116.0,paper_saved_solution_density,False
0374_Balance_7_downward__goal_0039,029,Balance_7_downward,downward,position,relative_position,0.1114840989399293,631.0,5660.0,paper_saved_solution_density,False
0375_BackUp_9_downward__goal_0012,015,BackUp_9_downward,downward,position,relative_position,0.0174788920159976,118.0,6751.0,paper_saved_solution_density,False
0377_Balance_4_downward__goal_0005,025,Balance_4_downward,downward,contact,multi_object_final_contact,0.0001797914419273,1.0,5562.0,paper_saved_solution_density,False
0378_FallingAlt_10_downward__goal_0011,099,FallingAlt_10_downward,downward,containment,final_inside_or_partially_inside,0.0004357298474945,2.0,4590.0,paper_saved_solution_density,False
0379_FallingAlt_3_upward__goal_0036,086,FallingAlt_3_upward,upward,movement,single_object_movement,0.0107549120992761,52.0,4835.0,paper_saved_solution_density,False
0380_Remove_6_downward__goal_0038,123,Remove_6_downward,downward,contact,multi_object_final_contact,0.0137770620862408,77.0,5589.0,paper_saved_solution_density,False
0381_Prevention_7_downward__goal_0001,111,Prevention_7_downward,downward,contact,transient_contact,0.0003672420124862,1.0,2723.0,paper_saved_solution_density,False
0382_BalanceUnder_3_upward__goal_0035,038,BalanceUnder_3_upward,upward,contact,transient_contact,0.0072815533980582,39.0,5356.0,paper_saved_solution_density,False
0383_FallingAlt_3_upward__goal_0023,086,FallingAlt_3_upward,upward,contact,multi_object_final_contact,0.0033092037228541,16.0,4835.0,paper_saved_solution_density,False
0384_FallingAlt_4_upward__goal_0003,088,FallingAlt_4_upward,upward,contact,final_contact,0.0004137360364087,2.0,4834.0,paper_saved_solution_density,False
0386_BalanceUnder_6_upward__goal_0002,042,BalanceUnder_6_upward,upward,contact,final_contact,0.0001850823616509,1.0,5403.0,paper_saved_solution_density,False
0389_BackUp_8_downward__goal_0005,013,BackUp_8_downward,downward,orientation,final_orientation,0.0008003841844085,5.0,6247.0,paper_saved_solution_density,False
0391_Falling_7_upward__goal_0013,074,Falling_7_upward,upward,contact,final_contact,0.0028006589785831,17.0,6070.0,paper_saved_solution_density,False
0392_Remove_8_upward__goal_0015,128,Remove_8_upward,upward,position,relative_position,0.0011670881151526,6.0,5141.0,paper_saved_solution_density,False
0393_BalanceUnder_6_downward__goal_0108,041,BalanceUnder_6_downward,downward,position,relative_position,0.1166018878400888,630.0,5403.0,paper_saved_solution_density,False
0394_Remove_9_downward__goal_0034,129,Remove_9_downward,downward,position,relative_position,0.040167975168888,220.0,5477.0,paper_saved_solution_density,False
0395_Falling_1_downward__goal_0020,063,Falling_1_downward,downward,contact,multi_object_final_contact,0.1316411792527195,835.0,6343.0,paper_saved_solution_density,False
0396_BalanceUnder_6_upward__goal_0012,042,BalanceUnder_6_upward,upward,contact,multi_object_final_contact,0.0005552470849528,3.0,5403.0,paper_saved_solution_density,False
0397_Remove_6_downward__goal_0048,123,Remove_6_downward,downward,position,relative_position,0.0381105743424584,213.0,5589.0,paper_saved_solution_density,False
0398_FallingAlt_6_downward__goal_0052,091,FallingAlt_6_downward,downward,contact,multi_object_final_contact,0.0602032838154808,308.0,5116.0,paper_saved_solution_density,False
0399_Balance_8_downward__goal_0014,031,Balance_8_downward,downward,position,support_or_surface,0.0818165435213552,454.0,5549.0,paper_saved_solution_density,False
0402_BalanceUnder_5_upward__goal_0063,040,BalanceUnder_5_upward,upward,containment,final_inside_or_partially_inside,0.0217350919561582,117.0,5383.0,paper_saved_solution_density,False
0403_BalanceUnder_7_downward__goal_0018,043,BalanceUnder_7_downward,downward,contact,final_contact,0.0003789314134141,2.0,5278.0,paper_saved_solution_density,False
0404_BalanceUnder_6_downward__goal_0120,041,BalanceUnder_6_downward,downward,movement,single_object_movement,0.1604664075513603,867.0,5403.0,paper_saved_solution_density,False
0405_Basic_9_upward__goal_0010,060,Basic_9_upward,upward,position,relative_position,0.0174013921113689,90.0,5172.0,paper_saved_solution_density,False
0406_BalanceUnder_2_downward__goal_0026,035,BalanceUnder_2_downward,downward,contact,multi_object_final_contact,0.0008024072216649,4.0,4985.0,paper_saved_solution_density,False
0407_BalanceUnder_6_upward__goal_0058,042,BalanceUnder_6_upward,upward,position,relative_position,0.0146215065704238,79.0,5403.0,paper_saved_solution_density,False
0408_BackUp_9_downward__goal_0015,015,BackUp_9_downward,downward,orientation,final_orientation,0.024588949785217,166.0,6751.0,paper_saved_solution_density,False
0410_Falling_6_upward__goal_0011,072,Falling_6_upward,upward,contact,multi_object_final_contact,0.006765899864682,45.0,6651.0,paper_saved_solution_density,False
0411_Balance_10_upward__goal_0023,034,Balance_10_upward,upward,position,relative_position,0.0329250835056465,207.0,6287.0,paper_saved_solution_density,False
0412_Remove_2_upward__goal_0032,120,Remove_2_upward,upward,position,relative_position,0.0583288602612274,326.0,5589.0,paper_saved_solution_density,False
0413_BalanceUnder_10_downward__goal_0087,047,BalanceUnder_10_downward,downward,contact,multi_object_final_contact,0.0280988796016361,158.0,5623.0,paper_saved_solution_density,False
0414_Remove_10_upward__goal_0003,132,Remove_10_upward,upward,contact,transient_contact,0.00037306472673,2.0,5361.0,paper_saved_solution_density,False
0416_Prevention_3_upward__goal_0027,106,Prevention_3_upward,upward,containment,container_contact_or_other,0.0279307631785995,71.0,2542.0,paper_saved_solution_density,False
0419_Basic_7_upward__goal_0014,056,Basic_7_upward,upward,orientation,final_orientation,0.0316224376291117,199.0,6293.0,paper_saved_solution_density,False
0420_Falling_10_upward__goal_0029,080,Falling_10_upward,upward,orientation,final_orientation,0.0367132867132867,231.0,6292.0,paper_saved_solution_density,False
0422_Falling_10_downward__goal_0006,079,Falling_10_downward,downward,position,support_or_surface,0.0003178639542275,2.0,6292.0,paper_saved_solution_density,False
0423_BalanceUnder_6_upward__goal_0037,042,BalanceUnder_6_upward,upward,position,relative_position,0.0061077179344808,33.0,5403.0,paper_saved_solution_density,False
0425_Balance_5_upward__goal_0025,028,Balance_5_upward,upward,position,relative_position,0.0889715832205683,526.0,5912.0,paper_saved_solution_density,False
0429_BalanceUnder_7_downward__goal_0115,043,BalanceUnder_7_downward,downward,position,relative_position,0.0545661235316407,288.0,5278.0,paper_saved_solution_density,False
0430_Basic_10_downward__goal_0007,061,Basic_10_downward,downward,containment,container_contact_or_other,0.003610108303249,20.0,5540.0,paper_saved_solution_density,False
0431_BalanceUnder_6_upward__goal_0071,042,BalanceUnder_6_upward,upward,contact,multi_object_final_contact,0.019618730334999,106.0,5403.0,paper_saved_solution_density,False
0433_Prevention_7_downward__goal_0018,111,Prevention_7_downward,downward,orientation,final_orientation,0.0198310686742563,54.0,2723.0,paper_saved_solution_density,False
0434_FallingAlt_6_upward__goal_0022,092,FallingAlt_6_upward,upward,orientation,final_orientation,0.0177873338545738,91.0,5116.0,paper_saved_solution_density,False
0435_BalanceUnder_7_downward__goal_0008,043,BalanceUnder_7_downward,downward,contact,final_contact,0.000189465706707,1.0,5278.0,paper_saved_solution_density,False
0437_Falling_3_upward__goal_0011,068,Falling_3_upward,upward,movement,single_object_movement,0.1276059179556153,759.0,5948.0,paper_saved_solution_density,False
0438_BalanceUnder_2_upward__goal_0078,036,BalanceUnder_2_upward,upward,containment,container_contact_or_other,0.0519558676028084,259.0,4985.0,paper_saved_solution_density,False
0439_Falling_10_upward__goal_0017,080,Falling_10_upward,upward,position,relative_position,0.0085823267641449,54.0,6292.0,paper_saved_solution_density,False
0440_BalanceUnder_7_downward__goal_0119,043,BalanceUnder_7_downward,downward,position,relative_position,0.0852595680181887,450.0,5278.0,paper_saved_solution_density,False
0442_Prevention_2_downward__goal_0001,103,Prevention_2_downward,downward,contact,multi_object_final_contact,0.0003239390994493,1.0,3087.0,paper_saved_solution_density,False
0443_BalanceUnder_2_downward__goal_0003,035,BalanceUnder_2_downward,downward,contact,multi_object_final_contact,0.0002006018054162,1.0,4985.0,paper_saved_solution_density,False
0445_Prevention_10_downward__goal_0027,115,Prevention_10_downward,downward,contact,multi_object_final_contact,0.0512379642365887,149.0,2908.0,paper_saved_solution_density,False
0446_FallingAlt_1_upward__goal_0023,082,FallingAlt_1_upward,upward,position,relative_position,0.0017126953543138,8.0,4671.0,paper_saved_solution_density,False
0447_FallingAlt_2_downward__goal_0050,083,FallingAlt_2_downward,downward,position,relative_position,0.0733276157804459,342.0,4664.0,paper_saved_solution_density,False
0448_Balance_1_upward__goal_0014,020,Balance_1_upward,upward,movement,single_object_movement,0.0024030759371996,15.0,6242.0,paper_saved_solution_density,False
0449_FallingAlt_10_downward__goal_0041,099,FallingAlt_10_downward,downward,contact,final_contact,0.0041394335511982,19.0,4590.0,paper_saved_solution_density,False
0450_FallingAlt_2_upward__goal_0035,084,FallingAlt_2_upward,upward,position,relative_position,0.0797598627787307,372.0,4664.0,paper_saved_solution_density,False
0451_Remove_6_downward__goal_0034,123,Remove_6_downward,downward,contact,multi_object_final_contact,0.0098407586330291,55.0,5589.0,paper_saved_solution_density,False
0452_BalanceUnder_2_upward__goal_0008,036,BalanceUnder_2_upward,upward,contact,multi_object_final_contact,0.0002006018054162,1.0,4985.0,paper_saved_solution_density,False
0453_FallingAlt_3_upward__goal_0025,086,FallingAlt_3_upward,upward,position,relative_position,0.0041365046535677,20.0,4835.0,paper_saved_solution_density,False
0454_BalanceUnder_5_upward__goal_0079,040,BalanceUnder_5_upward,upward,position,relative_position,0.0313951328255619,169.0,5383.0,paper_saved_solution_density,False
0455_BalanceUnder_7_downward__goal_0048,043,BalanceUnder_7_downward,downward,contact,multi_object_final_contact,0.0018946570670708,10.0,5278.0,paper_saved_solution_density,False
0456_Remove_9_downward__goal_0002,129,Remove_9_downward,downward,contact,final_contact,0.0001825817053131,1.0,5477.0,paper_saved_solution_density,False
0457_BalanceUnder_5_downward__goal_0144,039,BalanceUnder_5_downward,downward,position,relative_position,0.2071335686420211,1115.0,5383.0,paper_saved_solution_density,False
0458_Basic_2_upward__goal_0021,052,Basic_2_upward,upward,movement,single_object_movement,0.0896315338474721,523.0,5835.0,paper_saved_solution_density,False
0459_Prevention_8_downward__goal_0025,113,Prevention_8_downward,downward,contact,multi_object_final_contact,0.1205814337628014,365.0,3027.0,paper_saved_solution_density,False
0460_Falling_9_downward__goal_0023,077,Falling_9_downward,downward,contact,multi_object_final_contact,0.0318340196388976,201.0,6314.0,paper_saved_solution_density,False
0462_Falling_1_downward__goal_0009,063,Falling_1_downward,downward,position,relative_position,0.0174996058647327,111.0,6343.0,paper_saved_solution_density,False
0463_Remove_6_upward__goal_0007,124,Remove_6_upward,upward,contact,multi_object_final_contact,0.0003578457684737,2.0,5589.0,paper_saved_solution_density,False
0465_FallingAlt_8_downward__goal_0052,095,FallingAlt_8_downward,downward,movement,single_object_movement,0.0244915810190247,112.0,4573.0,paper_saved_solution_density,False
0466_BackUp_7_downward__goal_0001,011,BackUp_7_downward,downward,contact,final_contact,0.0023299161230195,15.0,6438.0,paper_saved_solution_density,False
0467_Prevention_1_downward__goal_0028,101,Prevention_1_downward,downward,position,relative_position,0.0369833212472806,102.0,2758.0,paper_saved_solution_density,False
0469_Balance_3_downward__goal_0015,023,Balance_3_downward,downward,contact,transient_contact,0.003207412687099,18.0,5612.0,paper_saved_solution_density,False
0470_FallingAlt_4_upward__goal_0002,088,FallingAlt_4_upward,upward,contact,final_contact,0.0002068680182043,1.0,4834.0,paper_saved_solution_density,False
0471_Falling_5_downward__goal_0009,069,Falling_5_downward,downward,orientation,final_orientation,0.0101522842639593,70.0,6895.0,paper_saved_solution_density,False
0472_FallingAlt_6_upward__goal_0014,092,FallingAlt_6_upward,upward,contact,multi_object_final_contact,0.0091868647380766,47.0,5116.0,paper_saved_solution_density,False
0473_Basic_2_downward__goal_0009,051,Basic_2_downward,downward,containment,container_contact_or_other,0.0389031705227077,227.0,5835.0,paper_saved_solution_density,False
0474_Remove_9_downward__goal_0004,129,Remove_9_downward,downward,position,relative_position,0.0001825817053131,1.0,5477.0,paper_saved_solution_density,False
0475_BalanceUnder_6_upward__goal_0070,042,BalanceUnder_6_upward,upward,movement,single_object_movement,0.0194336479733481,105.0,5403.0,paper_saved_solution_density,False
0479_BalanceUnder_6_downward__goal_0047,041,BalanceUnder_6_downward,downward,contact,final_contact,0.002776235424764,15.0,5403.0,paper_saved_solution_density,False
0480_Basic_2_upward__goal_0020,052,Basic_2_upward,upward,orientation,final_orientation,0.0783204798628963,457.0,5835.0,paper_saved_solution_density,False
0481_Remove_7_downward__goal_0029,125,Remove_7_downward,downward,orientation,final_orientation,0.0042987641053197,24.0,5583.0,paper_saved_solution_density,False
0482_BalanceUnder_5_downward__goal_0132,039,BalanceUnder_5_downward,downward,orientation,final_orientation,0.1852127066691436,997.0,5383.0,paper_saved_solution_density,False
0483_Balance_10_upward__goal_0001,034,Balance_10_upward,upward,contact,transient_contact,0.0001590583744234,1.0,6287.0,paper_saved_solution_density,False
0485_BalanceUnder_8_downward__goal_0119,045,BalanceUnder_8_downward,downward,position,relative_position,0.277604834279436,1516.0,5461.0,paper_saved_solution_density,False
0487_BalanceUnder_6_upward__goal_0006,042,BalanceUnder_6_upward,upward,movement,single_object_movement,0.0001850823616509,1.0,5403.0,paper_saved_solution_density,False
0488_Falling_7_downward__goal_0015,073,Falling_7_downward,downward,containment,final_inside_or_partially_inside,0.0062602965403624,38.0,6070.0,paper_saved_solution_density,False
0489_Falling_8_upward__goal_0009,076,Falling_8_upward,upward,contact,loss_of_contact,0.0040657017401203,25.0,6149.0,paper_saved_solution_density,False
0491_Remove_8_upward__goal_0014,128,Remove_8_upward,upward,containment,container_contact_or_other,0.0009725734292939,5.0,5141.0,paper_saved_solution_density,False
0492_BalanceUnder_5_downward__goal_0103,039,BalanceUnder_5_downward,downward,position,relative_position,0.0507152145643693,273.0,5383.0,paper_saved_solution_density,False
0493_Balance_5_downward__goal_0032,027,Balance_5_downward,downward,contact,multi_object_final_contact,0.0720568335588633,426.0,5912.0,paper_saved_solution_density,False
0494_BalanceUnder_6_downward__goal_0039,041,BalanceUnder_6_downward,downward,contact,multi_object_final_contact,0.0016657412548584,9.0,5403.0,paper_saved_solution_density,False
0495_BackUp_8_downward__goal_0010,013,BackUp_8_downward,downward,containment,container_contact_or_other,0.0046422282695693,29.0,6247.0,paper_saved_solution_density,False
0496_Basic_1_downward__goal_0019,049,Basic_1_downward,downward,contact,final_contact,0.1691259931895573,1043.0,6167.0,paper_saved_solution_density,False
0499_FallingAlt_6_downward__goal_0049,091,FallingAlt_6_downward,downward,position,relative_position,0.0494526974198592,253.0,5116.0,paper_saved_solution_density,False
0500_Prevention_7_downward__goal_0010,111,Prevention_7_downward,downward,contact,multi_object_final_contact,0.0018362100624311,5.0,2723.0,paper_saved_solution_density,False
0501_BalanceUnder_5_downward__goal_0092,039,BalanceUnder_5_downward,downward,contact,multi_object_final_contact,0.0312093628088426,168.0,5383.0,paper_saved_solution_density,False
0502_Falling_7_downward__goal_0023,073,Falling_7_downward,downward,movement,single_object_movement,0.015156507413509,92.0,6070.0,paper_saved_solution_density,False
0503_FallingAlt_1_upward__goal_0012,082,FallingAlt_1_upward,upward,position,relative_position,0.0006422607578676,3.0,4671.0,paper_saved_solution_density,False
0504_Prevention_7_upward__goal_0022,112,Prevention_7_upward,upward,position,relative_position,0.0253396988615497,69.0,2723.0,paper_saved_solution_density,False
0505_BalanceUnder_7_downward__goal_0023,043,BalanceUnder_7_downward,downward,contact,multi_object_final_contact,0.0003789314134141,2.0,5278.0,paper_saved_solution_density,False
0508_Balance_7_downward__goal_0019,029,Balance_7_downward,downward,contact,multi_object_final_contact,0.004416961130742,25.0,5660.0,paper_saved_solution_density,False
0511_Prevention_10_upward__goal_0004,116,Prevention_10_upward,upward,contact,multi_object_final_contact,0.0013755158184319,4.0,2908.0,paper_saved_solution_density,False
0513_BalanceUnder_7_upward__goal_0039,044,BalanceUnder_7_upward,upward,contact,final_contact,0.0024630541871921,13.0,5278.0,paper_saved_solution_density,False
0514_BalanceUnder_6_downward__goal_0113,041,BalanceUnder_6_downward,downward,position,relative_position,0.1256709235609846,679.0,5403.0,paper_saved_solution_density,False
0515_Remove_2_upward__goal_0016,120,Remove_2_upward,upward,movement,single_object_movement,0.0110932188226874,62.0,5589.0,paper_saved_solution_density,False
0516_FallingAlt_1_upward__goal_0027,082,FallingAlt_1_upward,upward,contact,multi_object_final_contact,0.0059944337400984,28.0,4671.0,paper_saved_solution_density,False
0519_BalanceUnder_6_downward__goal_0022,041,BalanceUnder_6_downward,downward,contact,multi_object_final_contact,0.0005552470849528,3.0,5403.0,paper_saved_solution_density,False
0520_BalanceUnder_2_downward__goal_0020,035,BalanceUnder_2_downward,downward,contact,multi_object_final_contact,0.0004012036108324,2.0,4985.0,paper_saved_solution_density,False
0521_BalanceUnder_7_downward__goal_0104,043,BalanceUnder_7_downward,downward,containment,final_inside_or_partially_inside,0.0335354300871542,177.0,5278.0,paper_saved_solution_density,False
0523_BackUp_3_downward__goal_0005,003,BackUp_3_downward,downward,contact,transient_contact,0.0219909350344132,131.0,5957.0,paper_saved_solution_density,False
0524_FallingAlt_3_upward__goal_0004,086,FallingAlt_3_upward,upward,contact,multi_object_final_contact,0.0002068252326783,1.0,4835.0,paper_saved_solution_density,False
0525_Balance_10_downward__goal_0030,033,Balance_10_downward,downward,contact,final_contact,0.0405598854779704,255.0,6287.0,paper_saved_solution_density,False
0526_BalanceUnder_8_downward__goal_0109,045,BalanceUnder_8_downward,downward,position,relative_position,0.1759750961362388,961.0,5461.0,paper_saved_solution_density,False
0527_FallingAlt_9_upward__goal_0045,098,FallingAlt_9_upward,upward,containment,final_inside_or_partially_inside,0.0472458088395384,217.0,4593.0,paper_saved_solution_density,False
0529_Remove_10_downward__goal_0010,131,Remove_10_downward,downward,containment,container_contact_or_other,0.0027979854504756,15.0,5361.0,paper_saved_solution_density,False
0530_BalanceUnder_10_downward__goal_0100,047,BalanceUnder_10_downward,downward,contact,transient_contact,0.065267650720256,367.0,5623.0,paper_saved_solution_density,False
0531_FallingAlt_6_upward__goal_0028,092,FallingAlt_6_upward,upward,contact,final_contact,0.0258014073494917,132.0,5116.0,paper_saved_solution_density,False
0532_Falling_2_downward__goal_0006,065,Falling_2_downward,downward,contact,transient_contact,0.0138088012139605,91.0,6590.0,paper_saved_solution_density,False
0533_BalanceUnder_7_upward__goal_0074,044,BalanceUnder_7_upward,upward,movement,single_object_movement,0.0168624478969306,89.0,5278.0,paper_saved_solution_density,False
0534_Remove_7_upward__goal_0024,126,Remove_7_upward,upward,contact,multi_object_final_contact,0.0032240730789897,18.0,5583.0,paper_saved_solution_density,False
0536_BalanceUnder_6_downward__goal_0001,041,BalanceUnder_6_downward,downward,contact,multi_object_final_contact,0.0001850823616509,1.0,5403.0,paper_saved_solution_density,False
0537_Balance_4_upward__goal_0006,026,Balance_4_upward,upward,orientation,final_orientation,0.000539374325782,3.0,5562.0,paper_saved_solution_density,False
0541_Balance_4_upward__goal_0011,026,Balance_4_upward,upward,contact,multi_object_final_contact,0.0044947860481841,25.0,5562.0,paper_saved_solution_density,False
0543_FallingAlt_2_upward__goal_0017,084,FallingAlt_2_upward,upward,containment,container_contact_or_other,0.0038593481989708,18.0,4664.0,paper_saved_solution_density,False
0546_BalanceUnder_10_downward__goal_0049,047,BalanceUnder_10_downward,downward,orientation,final_orientation,0.0021340921216432,12.0,5623.0,paper_saved_solution_density,False
0547_BalanceUnder_7_upward__goal_0015,044,BalanceUnder_7_upward,upward,contact,final_contact,0.0005683971201212,3.0,5278.0,paper_saved_solution_density,False
0552_Basic_9_downward__goal_0003,059,Basic_9_downward,downward,contact,multi_object_final_contact,0.0021268368136117,11.0,5172.0,paper_saved_solution_density,False
0554_BalanceUnder_3_downward__goal_0054,037,BalanceUnder_3_downward,downward,containment,final_inside_or_partially_inside,0.0126960418222554,68.0,5356.0,paper_saved_solution_density,False
0556_FallingAlt_1_upward__goal_0022,082,FallingAlt_1_upward,upward,contact,multi_object_final_contact,0.0017126953543138,8.0,4671.0,paper_saved_solution_density,False
0557_Remove_6_upward__goal_0003,124,Remove_6_upward,upward,contact,final_contact,0.0001789228842368,1.0,5589.0,paper_saved_solution_density,False
0561_Remove_2_upward__goal_0030,120,Remove_2_upward,upward,movement,single_object_movement,0.0459831812488817,257.0,5589.0,paper_saved_solution_density,False
0562_FallingAlt_7_upward__goal_0009,094,FallingAlt_7_upward,upward,contact,multi_object_final_contact,0.0013071895424836,6.0,4590.0,paper_saved_solution_density,False
0563_BalanceUnder_7_upward__goal_0025,044,BalanceUnder_7_upward,upward,position,relative_position,0.0009473285335354,5.0,5278.0,paper_saved_solution_density,False
0564_FallingAlt_9_upward__goal_0036,098,FallingAlt_9_upward,upward,position,relative_position,0.0461571957326366,212.0,4593.0,paper_saved_solution_density,False
0566_Falling_7_upward__goal_0003,074,Falling_7_upward,upward,contact,multi_object_final_contact,0.000164744645799,1.0,6070.0,paper_saved_solution_density,False
0568_Prevention_10_downward__goal_0026,115,Prevention_10_downward,downward,contact,multi_object_final_contact,0.0257909215955983,75.0,2908.0,paper_saved_solution_density,False
0569_BalanceUnder_5_downward__goal_0023,039,BalanceUnder_5_downward,downward,contact,multi_object_final_contact,0.0007430800668772,4.0,5383.0,paper_saved_solution_density,False
0570_Prevention_4_downward__goal_0005,107,Prevention_4_downward,downward,contact,transient_contact,0.0038167938931297,11.0,2882.0,paper_saved_solution_density,False
0571_Remove_6_upward__goal_0033,124,Remove_6_upward,upward,position,relative_position,0.0232599749507962,130.0,5589.0,paper_saved_solution_density,False
0572_BalanceUnder_3_downward__goal_0027,037,BalanceUnder_3_downward,downward,position,relative_position,0.0020537714712471,11.0,5356.0,paper_saved_solution_density,False
0573_BalanceUnder_6_downward__goal_0125,041,BalanceUnder_6_downward,downward,movement,single_object_movement,0.1858226910975384,1004.0,5403.0,paper_saved_solution_density,False
0574_Remove_1_downward__goal_0021,117,Remove_1_downward,downward,position,relative_position,0.0208764665286404,121.0,5796.0,paper_saved_solution_density,False
0575_FallingAlt_10_upward__goal_0064,100,FallingAlt_10_upward,upward,containment,final_inside_or_partially_inside,0.0601307189542483,276.0,4590.0,paper_saved_solution_density,False
0578_FallingAlt_8_downward__goal_0026,095,FallingAlt_8_downward,downward,containment,final_inside_or_partially_inside,0.0067789197463371,31.0,4573.0,paper_saved_solution_density,False
0579_Balance_5_downward__goal_0010,027,Balance_5_downward,downward,contact,multi_object_final_contact,0.0020297699594046,12.0,5912.0,paper_saved_solution_density,False
0580_Falling_1_downward__goal_0014,063,Falling_1_downward,downward,containment,container_contact_or_other,0.0266435440643228,169.0,6343.0,paper_saved_solution_density,False
0581_Falling_9_upward__goal_0017,078,Falling_9_upward,upward,movement,single_object_movement,0.0133037694013303,84.0,6314.0,paper_saved_solution_density,False
0582_FallingAlt_10_downward__goal_0062,099,FallingAlt_10_downward,downward,contact,multi_object_final_contact,0.0278867102396514,128.0,4590.0,paper_saved_solution_density,False
0583_Falling_1_upward__goal_0003,064,Falling_1_upward,upward,position,relative_position,0.010089862840927,64.0,6343.0,paper_saved_solution_density,False
0584_FallingAlt_10_downward__goal_0073,099,FallingAlt_10_downward,downward,contact,final_contact,0.0542483660130719,249.0,4590.0,paper_saved_solution_density,False
0585_Remove_9_downward__goal_0030,129,Remove_9_downward,downward,contact,multi_object_final_contact,0.0217272229322621,119.0,5477.0,paper_saved_solution_density,False
0586_BalanceUnder_8_upward__goal_0025,046,BalanceUnder_8_upward,upward,contact,multi_object_final_contact,0.0009155832265152,5.0,5461.0,paper_saved_solution_density,False
0588_Falling_2_upward__goal_0006,066,Falling_2_upward,upward,position,relative_position,0.0122913505311077,81.0,6590.0,paper_saved_solution_density,False
0589_FallingAlt_3_upward__goal_0022,086,FallingAlt_3_upward,upward,contact,transient_contact,0.0033092037228541,16.0,4835.0,paper_saved_solution_density,False
0590_Falling_7_downward__goal_0007,073,Falling_7_downward,downward,position,relative_position,0.0026359143327841,16.0,6070.0,paper_saved_solution_density,False
0591_BalanceUnder_5_downward__goal_0072,039,BalanceUnder_5_downward,downward,contact,multi_object_final_contact,0.0089169608025264,48.0,5383.0,paper_saved_solution_density,False
0592_Falling_2_upward__goal_0016,066,Falling_2_upward,upward,orientation,final_orientation,0.0359635811836115,237.0,6590.0,paper_saved_solution_density,False
0593_FallingAlt_6_downward__goal_0013,091,FallingAlt_6_downward,downward,contact,final_contact,0.0007818608287724,4.0,5116.0,paper_saved_solution_density,False
0596_Balance_3_downward__goal_0003,023,Balance_3_downward,downward,position,support_or_surface,0.0003563791874554,2.0,5612.0,paper_saved_solution_density,False
0597_Balance_2_upward__goal_0010,022,Balance_2_upward,upward,movement,single_object_movement,0.0029051000645577,18.0,6196.0,paper_saved_solution_density,False
0599_Prevention_3_upward__goal_0020,106,Prevention_3_upward,upward,movement,single_object_movement,0.011014948859166,28.0,2542.0,paper_saved_solution_density,False
0601_Balance_5_downward__goal_0028,027,Balance_5_downward,downward,contact,final_contact,0.040595399188092,240.0,5912.0,paper_saved_solution_density,False
0602_Prevention_10_downward__goal_0011,115,Prevention_10_downward,downward,contact,final_contact,0.0055020632737276,16.0,2908.0,paper_saved_solution_density,False
0606_Remove_8_upward__goal_0012,128,Remove_8_upward,upward,movement,single_object_movement,0.0007780587434351,4.0,5141.0,paper_saved_solution_density,False
0608_Prevention_8_upward__goal_0015,114,Prevention_8_upward,upward,position,relative_position,0.1681532870829203,509.0,3027.0,paper_saved_solution_density,False
0609_Remove_7_upward__goal_0016,126,Remove_7_upward,upward,position,relative_position,0.0010746910263299,6.0,5583.0,paper_saved_solution_density,False
0610_BalanceUnder_7_downward__goal_0004,043,BalanceUnder_7_downward,downward,contact,multi_object_final_contact,0.000189465706707,1.0,5278.0,paper_saved_solution_density,False
0611_BalanceUnder_5_downward__goal_0058,039,BalanceUnder_5_downward,downward,contact,multi_object_final_contact,0.0048300204347018,26.0,5383.0,paper_saved_solution_density,False
0612_BalanceUnder_7_downward__goal_0067,043,BalanceUnder_7_downward,downward,contact,multi_object_final_contact,0.0056839712012125,30.0,5278.0,paper_saved_solution_density,False
0613_Balance_4_upward__goal_0001,026,Balance_4_upward,upward,contact,transient_contact,0.0001797914419273,1.0,5562.0,paper_saved_solution_density,False
0614_Remove_5_downward__goal_0005,121,Remove_5_downward,downward,contact,multi_object_final_contact,0.0010695187165775,6.0,5610.0,paper_saved_solution_density,False
0615_BalanceUnder_5_downward__goal_0117,039,BalanceUnder_5_downward,downward,position,relative_position,0.1016161991454579,547.0,5383.0,paper_saved_solution_density,False
0617_Falling_6_downward__goal_0029,071,Falling_6_downward,downward,position,relative_position,0.0768305517967223,511.0,6651.0,paper_saved_solution_density,False
0618_BalanceUnder_5_downward__goal_0002,039,BalanceUnder_5_downward,downward,position,relative_position,0.0001857700167193,1.0,5383.0,paper_saved_solution_density,False
0620_Basic_9_downward__goal_0013,059,Basic_9_downward,downward,movement,single_object_movement,0.0181747873163186,94.0,5172.0,paper_saved_solution_density,False
0621_Prevention_7_upward__goal_0018,112,Prevention_7_upward,upward,orientation,final_orientation,0.0205655526992287,56.0,2723.0,paper_saved_solution_density,False
0623_Remove_7_upward__goal_0032,126,Remove_7_upward,upward,position,relative_position,0.0077019523553645,43.0,5583.0,paper_saved_solution_density,False
0624_Falling_5_downward__goal_0010,069,Falling_5_downward,downward,orientation,final_orientation,0.0124728063814358,86.0,6895.0,paper_saved_solution_density,False
0625_BalanceUnder_6_downward__goal_0074,041,BalanceUnder_6_downward,downward,contact,multi_object_final_contact,0.0222098833981121,120.0,5403.0,paper_saved_solution_density,False
0626_FallingAlt_8_downward__goal_0037,095,FallingAlt_8_downward,downward,orientation,final_orientation,0.0104963918652963,48.0,4573.0,paper_saved_solution_density,False
0627_BalanceUnder_5_downward__goal_0016,039,BalanceUnder_5_downward,downward,contact,multi_object_final_contact,0.0003715400334386,2.0,5383.0,paper_saved_solution_density,False
0628_Prevention_4_upward__goal_0012,108,Prevention_4_upward,upward,position,relative_position,0.0138792505204718,40.0,2882.0,paper_saved_solution_density,False
0629_Balance_4_downward__goal_0004,025,Balance_4_downward,downward,contact,multi_object_final_contact,0.0001797914419273,1.0,5562.0,paper_saved_solution_density,False
0630_BackUp_4_downward__goal_0005,005,BackUp_4_downward,downward,position,relative_position,0.0521896608495225,317.0,6074.0,paper_saved_solution_density,False
0631_Falling_9_downward__goal_0012,077,Falling_9_downward,downward,contact,multi_object_final_contact,0.0044345898004434,28.0,6314.0,paper_saved_solution_density,False
0632_FallingAlt_10_downward__goal_0039,099,FallingAlt_10_downward,downward,contact,multi_object_final_contact,0.0039215686274509,18.0,4590.0,paper_saved_solution_density,False
0633_Remove_2_downward__goal_0021,119,Remove_2_downward,downward,contact,transient_contact,0.010019681517266,56.0,5589.0,paper_saved_solution_density,False
0634_Balance_7_downward__goal_0024,029,Balance_7_downward,downward,position,relative_position,0.0060070671378091,34.0,5660.0,paper_saved_solution_density,False
0635_Remove_7_downward__goal_0052,125,Remove_7_downward,downward,contact,final_contact,0.0368977252373276,206.0,5583.0,paper_saved_solution_density,False
0637_Prevention_3_upward__goal_0005,106,Prevention_3_upward,upward,position,relative_position,0.0003933910306845,1.0,2542.0,paper_saved_solution_density,False
0638_Balance_1_upward__goal_0016,020,Balance_1_upward,upward,contact,final_contact,0.0072092278115988,45.0,6242.0,paper_saved_solution_density,False
0639_BalanceUnder_7_downward__goal_0130,043,BalanceUnder_7_downward,downward,contact,final_contact,0.207086017430845,1093.0,5278.0,paper_saved_solution_density,False
0640_BalanceUnder_5_downward__goal_0025,039,BalanceUnder_5_downward,downward,contact,loss_of_contact,0.0009288500835965,5.0,5383.0,paper_saved_solution_density,False
0641_Basic_9_downward__goal_0018,059,Basic_9_downward,downward,contact,multi_object_final_contact,0.0638051044083526,330.0,5172.0,paper_saved_solution_density,False
0642_FallingAlt_10_downward__goal_0005,099,FallingAlt_10_downward,downward,contact,multi_object_final_contact,0.0002178649237472,1.0,4590.0,paper_saved_solution_density,False
0644_FallingAlt_5_downward__goal_0006,089,FallingAlt_5_downward,downward,movement,single_object_movement,0.0015240583496625,7.0,4593.0,paper_saved_solution_density,False
0646_FallingAlt_3_downward__goal_0033,085,FallingAlt_3_downward,downward,position,relative_position,0.1226473629782833,593.0,4835.0,paper_saved_solution_density,False
0647_Basic_6_upward__goal_0003,054,Basic_6_upward,upward,movement,single_object_movement,0.000364365093824,2.0,5489.0,paper_saved_solution_density,False
0648_Prevention_1_downward__goal_0029,101,Prevention_1_downward,downward,containment,final_inside_or_partially_inside,0.0551124002900652,152.0,2758.0,paper_saved_solution_density,False
0649_FallingAlt_9_upward__goal_0018,098,FallingAlt_9_upward,upward,containment,container_contact_or_other,0.0065316786414108,30.0,4593.0,paper_saved_solution_density,False
0651_Falling_6_downward__goal_0039,071,Falling_6_downward,downward,orientation,final_orientation,0.2395128552097429,1593.0,6651.0,paper_saved_solution_density,False
0652_BalanceUnder_6_upward__goal_0055,042,BalanceUnder_6_upward,upward,movement,single_object_movement,0.0146215065704238,79.0,5403.0,paper_saved_solution_density,False
0655_Balance_7_upward__goal_0042,030,Balance_7_upward,upward,contact,loss_of_contact,0.2554770318021201,1446.0,5660.0,paper_saved_solution_density,False
0656_Basic_8_downward__goal_0013,057,Basic_8_downward,downward,contact,transient_contact,0.0069223573433115,37.0,5345.0,paper_saved_solution_density,False
0657_Prevention_3_upward__goal_0024,106,Prevention_3_upward,upward,movement,single_object_movement,0.021243115656963,54.0,2542.0,paper_saved_solution_density,False
0658_BalanceUnder_7_upward__goal_0001,044,BalanceUnder_7_upward,upward,contact,multi_object_final_contact,0.000189465706707,1.0,5278.0,paper_saved_solution_density,False
0659_Remove_6_upward__goal_0004,124,Remove_6_upward,upward,containment,container_contact_or_other,0.0001789228842368,1.0,5589.0,paper_saved_solution_density,False
0660_BalanceUnder_7_upward__goal_0070,044,BalanceUnder_7_upward,upward,position,relative_position,0.0162940507768094,86.0,5278.0,paper_saved_solution_density,False
0661_Remove_6_downward__goal_0017,123,Remove_6_downward,downward,contact,multi_object_final_contact,0.0007156915369475,4.0,5589.0,paper_saved_solution_density,False
0663_Falling_7_downward__goal_0012,073,Falling_7_downward,downward,orientation,final_orientation,0.0049423393739703,30.0,6070.0,paper_saved_solution_density,False
0664_BalanceUnder_2_upward__goal_0059,036,BalanceUnder_2_upward,upward,orientation,final_orientation,0.0294884653961885,147.0,4985.0,paper_saved_solution_density,False
0668_FallingAlt_2_upward__goal_0053,084,FallingAlt_2_upward,upward,containment,final_inside_or_partially_inside,0.1164236706689536,543.0,4664.0,paper_saved_solution_density,False
0669_Remove_7_downward__goal_0017,125,Remove_7_downward,downward,position,relative_position,0.0005373455131649,3.0,5583.0,paper_saved_solution_density,False
0671_Basic_9_downward__goal_0011,059,Basic_9_downward,downward,contact,multi_object_final_contact,0.015661252900232,81.0,5172.0,paper_saved_solution_density,False
0673_BalanceUnder_7_upward__goal_0004,044,BalanceUnder_7_upward,upward,contact,multi_object_final_contact,0.000189465706707,1.0,5278.0,paper_saved_solution_density,False
0674_BalanceUnder_8_upward__goal_0082,046,BalanceUnder_8_upward,upward,movement,single_object_movement,0.0573155099798571,313.0,5461.0,paper_saved_solution_density,False
0676_FallingAlt_9_downward__goal_0037,097,FallingAlt_9_downward,downward,contact,transient_contact,0.0050076202917483,23.0,4593.0,paper_saved_solution_density,False
0677_Balance_5_upward__goal_0004,028,Balance_5_upward,upward,contact,multi_object_final_contact,0.0006765899864682,4.0,5912.0,paper_saved_solution_density,False
0678_Prevention_8_upward__goal_0009,114,Prevention_8_upward,upward,position,relative_position,0.0789560621076973,239.0,3027.0,paper_saved_solution_density,False
0679_FallingAlt_3_downward__goal_0027,085,FallingAlt_3_downward,downward,position,relative_position,0.0355739400206825,172.0,4835.0,paper_saved_solution_density,False
0680_FallingAlt_7_upward__goal_0004,094,FallingAlt_7_upward,upward,containment,container_contact_or_other,0.0002178649237472,1.0,4590.0,paper_saved_solution_density,False
0681_Prevention_3_downward__goal_0033,105,Prevention_3_downward,downward,orientation,final_orientation,0.0232100708103855,59.0,2542.0,paper_saved_solution_density,False
0682_FallingAlt_3_upward__goal_0011,086,FallingAlt_3_upward,upward,contact,transient_contact,0.0008273009307135,4.0,4835.0,paper_saved_solution_density,False
0683_FallingAlt_10_upward__goal_0056,100,FallingAlt_10_upward,upward,position,relative_position,0.0555555555555555,255.0,4590.0,paper_saved_solution_density,False
0685_Falling_10_upward__goal_0006,080,Falling_10_upward,upward,orientation,final_orientation,0.0015893197711379,10.0,6292.0,paper_saved_solution_density,False
0686_BalanceUnder_6_downward__goal_0128,041,BalanceUnder_6_downward,downward,position,relative_position,0.1976679622431982,1068.0,5403.0,paper_saved_solution_density,False
0687_BalanceUnder_5_upward__goal_0045,040,BalanceUnder_5_upward,upward,contact,multi_object_final_contact,0.0139327512539476,75.0,5383.0,paper_saved_solution_density,False
0689_BalanceUnder_3_upward__goal_0048,038,BalanceUnder_3_upward,upward,movement,single_object_movement,0.0169902912621359,91.0,5356.0,paper_saved_solution_density,False
0690_Remove_10_upward__goal_0030,132,Remove_10_upward,upward,movement,single_object_movement,0.0397313933967543,213.0,5361.0,paper_saved_solution_density,False
0691_Falling_10_upward__goal_0021,080,Falling_10_upward,upward,movement,single_object_movement,0.0173235855054036,109.0,6292.0,paper_saved_solution_density,False
0692_BalanceUnder_5_downward__goal_0048,039,BalanceUnder_5_downward,downward,contact,multi_object_final_contact,0.003715400334386,20.0,5383.0,paper_saved_solution_density,False
0694_BalanceUnder_8_downward__goal_0090,045,BalanceUnder_8_downward,downward,contact,multi_object_final_contact,0.0417505951290972,228.0,5461.0,paper_saved_solution_density,False
0696_FallingAlt_6_downward__goal_0065,091,FallingAlt_6_downward,downward,contact,loss_of_contact,0.1772869429241595,907.0,5116.0,paper_saved_solution_density,False
0697_Falling_7_downward__goal_0022,073,Falling_7_downward,downward,movement,single_object_movement,0.0120263591433278,73.0,6070.0,paper_saved_solution_density,False
0698_BalanceUnder_8_downward__goal_0010,045,BalanceUnder_8_downward,downward,contact,final_contact,0.000183116645303,1.0,5461.0,paper_saved_solution_density,False
0699_BackUp_7_downward__goal_0024,011,BackUp_7_downward,downward,movement,single_object_movement,0.1436781609195402,925.0,6438.0,paper_saved_solution_density,False
0700_Prevention_10_downward__goal_0024,115,Prevention_10_downward,downward,contact,transient_contact,0.0216643741403026,63.0,2908.0,paper_saved_solution_density,False
0701_Falling_1_downward__goal_0010,063,Falling_1_downward,downward,movement,single_object_movement,0.019864417468075,126.0,6343.0,paper_saved_solution_density,False
0702_Remove_9_upward__goal_0004,130,Remove_9_upward,upward,movement,single_object_movement,0.0012780719371918,7.0,5477.0,paper_saved_solution_density,False
0703_Balance_1_upward__goal_0006,020,Balance_1_upward,upward,contact,multi_object_final_contact,0.0004806151874399,3.0,6242.0,paper_saved_solution_density,False
0704_BalanceUnder_10_downward__goal_0034,047,BalanceUnder_10_downward,downward,contact,multi_object_final_contact,0.0007113640405477,4.0,5623.0,paper_saved_solution_density,False
0705_FallingAlt_7_downward__goal_0038,093,FallingAlt_7_downward,downward,contact,transient_contact,0.0803921568627451,369.0,4590.0,paper_saved_solution_density,False
0706_Prevention_2_downward__goal_0023,103,Prevention_2_downward,downward,contact,final_contact,0.0981535471331389,303.0,3087.0,paper_saved_solution_density,False
0707_Falling_5_upward__goal_0003,070,Falling_5_upward,upward,position,support_or_surface,0.0059463379260333,41.0,6895.0,paper_saved_solution_density,False
0708_Falling_1_downward__goal_0004,063,Falling_1_downward,downward,movement,single_object_movement,0.0118240580167113,75.0,6343.0,paper_saved_solution_density,False
0709_FallingAlt_4_downward__goal_0018,087,FallingAlt_4_downward,downward,position,relative_position,0.0010343400910219,5.0,4834.0,paper_saved_solution_density,False
0711_Balance_8_upward__goal_0015,032,Balance_8_upward,upward,position,relative_position,0.1481347990628942,822.0,5549.0,paper_saved_solution_density,False
0712_FallingAlt_10_downward__goal_0079,099,FallingAlt_10_downward,downward,position,relative_position,0.0917211328976034,421.0,4590.0,paper_saved_solution_density,False
0713_BackUp_4_downward__goal_0006,005,BackUp_4_downward,downward,movement,single_object_movement,0.0556470200856108,338.0,6074.0,paper_saved_solution_density,False
0714_Balance_3_upward__goal_0024,024,Balance_3_upward,upward,movement,single_object_movement,0.0800071275837491,449.0,5612.0,paper_saved_solution_density,False
0715_Remove_6_downward__goal_0002,123,Remove_6_downward,downward,contact,multi_object_final_contact,0.0001789228842368,1.0,5589.0,paper_saved_solution_density,False
0716_Balance_8_downward__goal_0012,031,Balance_8_downward,downward,contact,multi_object_final_contact,0.0200036042530185,111.0,5549.0,paper_saved_solution_density,False
0717_FallingAlt_9_downward__goal_0031,097,FallingAlt_9_downward,downward,contact,multi_object_final_contact,0.0023949488351839,11.0,4593.0,paper_saved_solution_density,False
0718_BalanceUnder_3_downward__goal_0075,037,BalanceUnder_3_downward,downward,contact,multi_object_final_contact,0.0748693054518297,401.0,5356.0,paper_saved_solution_density,False
0720_Remove_9_downward__goal_0037,129,Remove_9_downward,downward,movement,single_object_movement,0.0461931714442212,253.0,5477.0,paper_saved_solution_density,False
0721_Prevention_3_downward__goal_0002,105,Prevention_3_downward,downward,position,relative_position,0.0003933910306845,1.0,2542.0,paper_saved_solution_density,False
0723_Prevention_4_downward__goal_0012,107,Prevention_4_downward,downward,containment,final_inside_or_partially_inside,0.0093684941013185,27.0,2882.0,paper_saved_solution_density,False
0724_Falling_3_downward__goal_0006,067,Falling_3_downward,downward,contact,multi_object_final_contact,0.0141223940820443,84.0,5948.0,paper_saved_solution_density,False
0725_FallingAlt_8_downward__goal_0056,095,FallingAlt_8_downward,downward,position,relative_position,0.0387054450032801,177.0,4573.0,paper_saved_solution_density,False
0726_FallingAlt_7_downward__goal_0015,093,FallingAlt_7_downward,downward,contact,transient_contact,0.0017429193899782,8.0,4590.0,paper_saved_solution_density,False
0728_Remove_10_downward__goal_0023,131,Remove_10_downward,downward,movement,single_object_movement,0.0645401977243051,346.0,5361.0,paper_saved_solution_density,False
0729_BalanceUnder_5_downward__goal_0022,039,BalanceUnder_5_downward,downward,contact,multi_object_final_contact,0.0005573100501579,3.0,5383.0,paper_saved_solution_density,False
0730_FallingAlt_9_downward__goal_0091,097,FallingAlt_9_downward,downward,position,relative_position,0.1933376877857609,888.0,4593.0,paper_saved_solution_density,False
0731_Basic_2_upward__goal_0005,052,Basic_2_upward,upward,contact,final_contact,0.0005141388174807,3.0,5835.0,paper_saved_solution_density,False
0732_Falling_6_upward__goal_0012,072,Falling_6_upward,upward,containment,container_contact_or_other,0.0093219064802285,62.0,6651.0,paper_saved_solution_density,False
0733_BalanceUnder_8_upward__goal_0054,046,BalanceUnder_8_upward,upward,contact,multi_object_final_contact,0.0230726973081853,126.0,5461.0,paper_saved_solution_density,False
0734_Falling_10_upward__goal_0022,080,Falling_10_upward,upward,movement,single_object_movement,0.0174825174825174,110.0,6292.0,paper_saved_solution_density,False
0736_BalanceUnder_2_upward__goal_0040,036,BalanceUnder_2_upward,upward,containment,final_inside_or_partially_inside,0.0080240722166499,40.0,4985.0,paper_saved_solution_density,False
0737_FallingAlt_2_downward__goal_0041,083,FallingAlt_2_downward,downward,position,support_or_surface,0.0718267581475128,335.0,4664.0,paper_saved_solution_density,False
0738_Basic_6_upward__goal_0009,054,Basic_6_upward,upward,contact,transient_contact,0.0351612315540171,193.0,5489.0,paper_saved_solution_density,False
0739_FallingAlt_10_downward__goal_0010,099,FallingAlt_10_downward,downward,contact,multi_object_final_contact,0.0004357298474945,2.0,4590.0,paper_saved_solution_density,False
0741_Basic_10_downward__goal_0015,061,Basic_10_downward,downward,contact,loss_of_contact,0.0373646209386281,207.0,5540.0,paper_saved_solution_density,False
0742_Balance_2_upward__goal_0015,022,Balance_2_upward,upward,containment,container_contact_or_other,0.0112976113621691,70.0,6196.0,paper_saved_solution_density,False
0743_BalanceUnder_7_downward__goal_0015,043,BalanceUnder_7_downward,downward,contact,multi_object_final_contact,0.0003789314134141,2.0,5278.0,paper_saved_solution_density,False
0744_Remove_7_downward__goal_0002,125,Remove_7_downward,downward,contact,multi_object_final_contact,0.0001791151710549,1.0,5583.0,paper_saved_solution_density,False
0747_Basic_6_upward__goal_0004,054,Basic_6_upward,upward,orientation,final_orientation,0.000546547640736,3.0,5489.0,paper_saved_solution_density,False
0748_Balance_5_downward__goal_0012,027,Balance_5_downward,downward,containment,final_inside_or_partially_inside,0.0027063599458728,16.0,5912.0,paper_saved_solution_density,False
0749_BackUp_7_downward__goal_0002,011,BackUp_7_downward,downward,containment,final_inside_or_partially_inside,0.0029512270891581,19.0,6438.0,paper_saved_solution_density,False
0750_BalanceUnder_10_downward__goal_0085,047,BalanceUnder_10_downward,downward,contact,multi_object_final_contact,0.0213409212164325,120.0,5623.0,paper_saved_solution_density,False
0751_FallingAlt_7_downward__goal_0019,093,FallingAlt_7_downward,downward,movement,single_object_movement,0.0037037037037037,17.0,4590.0,paper_saved_solution_density,False
0752_Remove_6_downward__goal_0050,123,Remove_6_downward,downward,containment,container_contact_or_other,0.040436571837538,226.0,5589.0,paper_saved_solution_density,False
0755_Falling_6_upward__goal_0002,072,Falling_6_upward,upward,contact,transient_contact,0.0001503533303262,1.0,6651.0,paper_saved_solution_density,False
0756_Balance_5_upward__goal_0002,028,Balance_5_upward,upward,containment,final_inside_or_partially_inside,0.000169147496617,1.0,5912.0,paper_saved_solution_density,False
0757_Basic_9_downward__goal_0008,059,Basic_9_downward,downward,contact,multi_object_final_contact,0.0058004640371229,30.0,5172.0,paper_saved_solution_density,False
0758_BalanceUnder_7_upward__goal_0014,044,BalanceUnder_7_upward,upward,contact,final_contact,0.0005683971201212,3.0,5278.0,paper_saved_solution_density,False
0761_FallingAlt_2_downward__goal_0037,083,FallingAlt_2_downward,downward,position,relative_position,0.0456689536878216,213.0,4664.0,paper_saved_solution_density,False
0762_FallingAlt_1_upward__goal_0013,082,FallingAlt_1_upward,upward,movement,single_object_movement,0.0006422607578676,3.0,4671.0,paper_saved_solution_density,False
0763_BalanceUnder_8_downward__goal_0080,045,BalanceUnder_8_downward,downward,position,relative_position,0.0355246291887932,194.0,5461.0,paper_saved_solution_density,False
0764_BalanceUnder_8_upward__goal_0046,046,BalanceUnder_8_upward,upward,contact,multi_object_final_contact,0.0170298480131843,93.0,5461.0,paper_saved_solution_density,False
0765_FallingAlt_3_upward__goal_0035,086,FallingAlt_3_upward,upward,containment,container_contact_or_other,0.0107549120992761,52.0,4835.0,paper_saved_solution_density,False
0766_Falling_1_upward__goal_0008,064,Falling_1_upward,upward,position,relative_position,0.0135582531924956,86.0,6343.0,paper_saved_solution_density,False
0770_BalanceUnder_5_upward__goal_0081,040,BalanceUnder_5_upward,upward,movement,single_object_movement,0.0319524428757198,172.0,5383.0,paper_saved_solution_density,False
0771_FallingAlt_5_downward__goal_0017,089,FallingAlt_5_downward,downward,contact,final_contact,0.005443065534509,25.0,4593.0,paper_saved_solution_density,False
0773_BalanceUnder_3_upward__goal_0050,038,BalanceUnder_3_upward,upward,movement,single_object_movement,0.0259522031366691,139.0,5356.0,paper_saved_solution_density,False
0774_Balance_1_upward__goal_0028,020,Balance_1_upward,upward,orientation,final_orientation,0.0440563921819929,275.0,6242.0,paper_saved_solution_density,False
0775_FallingAlt_4_upward__goal_0010,088,FallingAlt_4_upward,upward,contact,transient_contact,0.0014480761274306,7.0,4834.0,paper_saved_solution_density,False
0776_Basic_8_downward__goal_0022,057,Basic_8_downward,downward,containment,final_inside_or_partially_inside,0.0157156220767072,84.0,5345.0,paper_saved_solution_density,False
0777_BalanceUnder_8_downward__goal_0053,045,BalanceUnder_8_downward,downward,contact,multi_object_final_contact,0.0067753158762131,37.0,5461.0,paper_saved_solution_density,False
0778_Falling_2_downward__goal_0002,065,Falling_2_downward,downward,containment,container_contact_or_other,0.0006069802731411,4.0,6590.0,paper_saved_solution_density,False
0779_Prevention_3_downward__goal_0008,105,Prevention_3_downward,downward,contact,transient_contact,0.001573564122738,4.0,2542.0,paper_saved_solution_density,False
0780_Remove_7_downward__goal_0039,125,Remove_7_downward,downward,containment,container_contact_or_other,0.0195235536449937,109.0,5583.0,paper_saved_solution_density,False
0781_Falling_2_downward__goal_0019,065,Falling_2_downward,downward,orientation,final_orientation,0.1569044006069802,1034.0,6590.0,paper_saved_solution_density,False
0783_FallingAlt_7_downward__goal_0047,093,FallingAlt_7_downward,downward,movement,single_object_movement,0.1917211328976034,880.0,4590.0,paper_saved_solution_density,False
0785_Basic_10_downward__goal_0004,061,Basic_10_downward,downward,contact,final_contact,0.0005415162454873,3.0,5540.0,paper_saved_solution_density,False
0787_Balance_10_upward__goal_0008,034,Balance_10_upward,upward,contact,loss_of_contact,0.0028630507396214,18.0,6287.0,paper_saved_solution_density,False
0788_Remove_7_upward__goal_0009,126,Remove_7_upward,upward,containment,container_contact_or_other,0.0003582303421099,2.0,5583.0,paper_saved_solution_density,False
0789_Remove_6_downward__goal_0070,123,Remove_6_downward,downward,containment,container_contact_or_other,0.1035963499731615,579.0,5589.0,paper_saved_solution_density,False
0791_Prevention_5_downward__goal_0002,109,Prevention_5_downward,downward,contact,transient_contact,0.0003770739064856,1.0,2652.0,paper_saved_solution_density,False
0792_Balance_1_upward__goal_0012,020,Balance_1_upward,upward,position,support_or_surface,0.0008010253123998,5.0,6242.0,paper_saved_solution_density,False
0793_Basic_9_downward__goal_0010,059,Basic_9_downward,downward,containment,container_contact_or_other,0.0143078112915699,74.0,5172.0,paper_saved_solution_density,False
0794_FallingAlt_9_downward__goal_0018,097,FallingAlt_9_downward,downward,contact,final_contact,0.0008708904855214,4.0,4593.0,paper_saved_solution_density,False
0795_FallingAlt_4_downward__goal_0026,087,FallingAlt_4_downward,downward,movement,single_object_movement,0.0022755482002482,11.0,4834.0,paper_saved_solution_density,False
0801_Remove_10_upward__goal_0017,132,Remove_10_upward,upward,contact,multi_object_final_contact,0.013057265435553,70.0,5361.0,paper_saved_solution_density,False
0802_Prevention_5_upward__goal_0025,110,Prevention_5_upward,upward,containment,container_contact_or_other,0.0154600301659125,41.0,2652.0,paper_saved_solution_density,False
0803_Balance_7_downward__goal_0003,029,Balance_7_downward,downward,contact,multi_object_final_contact,0.0001766784452296,1.0,5660.0,paper_saved_solution_density,False
0805_Balance_10_upward__goal_0018,034,Balance_10_upward,upward,orientation,final_orientation,0.031175441386989,196.0,6287.0,paper_saved_solution_density,False
0806_BalanceUnder_3_downward__goal_0020,037,BalanceUnder_3_downward,downward,contact,transient_contact,0.0014936519790888,8.0,5356.0,paper_saved_solution_density,False
0808_Prevention_5_upward__goal_0004,110,Prevention_5_upward,upward,position,relative_position,0.0003770739064856,1.0,2652.0,paper_saved_solution_density,False
0809_FallingAlt_5_downward__goal_0032,089,FallingAlt_5_downward,downward,orientation,final_orientation,0.0322229479642934,148.0,4593.0,paper_saved_solution_density,False
0810_FallingAlt_6_downward__goal_0020,091,FallingAlt_6_downward,downward,movement,single_object_movement,0.003322908522283,17.0,5116.0,paper_saved_solution_density,False
0811_Basic_10_downward__goal_0010,061,Basic_10_downward,downward,orientation,final_orientation,0.0043321299638989,24.0,5540.0,paper_saved_solution_density,False
0812_BalanceUnder_10_downward__goal_0091,047,BalanceUnder_10_downward,downward,position,relative_position,0.0433932064734127,244.0,5623.0,paper_saved_solution_density,False
0813_Prevention_5_upward__goal_0031,110,Prevention_5_upward,upward,orientation,final_orientation,0.0301659125188536,80.0,2652.0,paper_saved_solution_density,False
0815_FallingAlt_1_downward__goal_0011,081,FallingAlt_1_downward,downward,contact,final_contact,0.0004281738385784,2.0,4671.0,paper_saved_solution_density,False
0817_Prevention_3_upward__goal_0021,106,Prevention_3_upward,upward,orientation,final_orientation,0.0121951219512195,31.0,2542.0,paper_saved_solution_density,False
0818_FallingAlt_2_downward__goal_0062,083,FallingAlt_2_downward,downward,position,relative_position,0.0962692967409948,449.0,4664.0,paper_saved_solution_density,False
0819_Balance_5_downward__goal_0024,027,Balance_5_downward,downward,contact,multi_object_final_contact,0.0241880920162381,143.0,5912.0,paper_saved_solution_density,False
0820_FallingAlt_2_downward__goal_0004,083,FallingAlt_2_downward,downward,contact,multi_object_final_contact,0.0002144082332761,1.0,4664.0,paper_saved_solution_density,False
0821_BackUp_9_downward__goal_0005,015,BackUp_9_downward,downward,contact,final_contact,0.0005925048141016,4.0,6751.0,paper_saved_solution_density,False
0822_BalanceUnder_8_upward__goal_0004,046,BalanceUnder_8_upward,upward,contact,final_contact,0.000183116645303,1.0,5461.0,paper_saved_solution_density,False
0823_Remove_9_upward__goal_0006,130,Remove_9_upward,upward,position,relative_position,0.0020083987584444,11.0,5477.0,paper_saved_solution_density,False
0824_FallingAlt_1_downward__goal_0048,081,FallingAlt_1_downward,downward,movement,single_object_movement,0.1010490259045172,472.0,4671.0,paper_saved_solution_density,False
0827_BackUp_4_upward__goal_0002,006,BackUp_4_upward,upward,containment,container_contact_or_other,0.0177807046427395,108.0,6074.0,paper_saved_solution_density,False
0828_Balance_7_downward__goal_0046,029,Balance_7_downward,downward,movement,single_object_movement,0.1348056537102473,763.0,5660.0,paper_saved_solution_density,False
0829_Remove_2_downward__goal_0012,119,Remove_2_downward,downward,contact,multi_object_final_contact,0.0037573805689747,21.0,5589.0,paper_saved_solution_density,False
0830_Prevention_10_downward__goal_0032,115,Prevention_10_downward,downward,contact,loss_of_contact,0.2162998624484181,629.0,2908.0,paper_saved_solution_density,False
0831_Remove_9_downward__goal_0001,129,Remove_9_downward,downward,contact,transient_contact,0.0001825817053131,1.0,5477.0,paper_saved_solution_density,False
0832_BalanceUnder_10_upward__goal_0034,048,BalanceUnder_10_upward,upward,position,relative_position,0.0062244353547928,35.0,5623.0,paper_saved_solution_density,False
0833_Basic_9_downward__goal_0025,059,Basic_9_downward,downward,containment,container_contact_or_other,0.1656999226604795,857.0,5172.0,paper_saved_solution_density,False
0834_FallingAlt_4_downward__goal_0051,087,FallingAlt_4_downward,downward,movement,single_object_movement,0.0111708729830368,54.0,4834.0,paper_saved_solution_density,False
0835_BalanceUnder_8_upward__goal_0051,046,BalanceUnder_8_upward,upward,position,relative_position,0.0201428309833363,110.0,5461.0,paper_saved_solution_density,False
0836_BalanceUnder_2_upward__goal_0044,036,BalanceUnder_2_upward,upward,contact,multi_object_final_contact,0.0088264794383149,44.0,4985.0,paper_saved_solution_density,False
0839_BalanceUnder_7_downward__goal_0044,043,BalanceUnder_7_downward,downward,contact,multi_object_final_contact,0.0015157256536566,8.0,5278.0,paper_saved_solution_density,False
0840_FallingAlt_10_downward__goal_0012,099,FallingAlt_10_downward,downward,contact,final_contact,0.0006535947712418,3.0,4590.0,paper_saved_solution_density,False
0841_Balance_5_downward__goal_0034,027,Balance_5_downward,downward,position,relative_position,0.0940460081190798,556.0,5912.0,paper_saved_solution_density,False
0842_BackUp_10_downward__goal_0007,017,BackUp_10_downward,downward,containment,container_contact_or_other,0.0046240794656619,27.0,5839.0,paper_saved_solution_density,False
0844_BalanceUnder_6_downward__goal_0100,041,BalanceUnder_6_downward,downward,movement,single_object_movement,0.0910605219322598,492.0,5403.0,paper_saved_solution_density,False
0845_Falling_2_upward__goal_0005,066,Falling_2_upward,upward,position,relative_position,0.0122913505311077,81.0,6590.0,paper_saved_solution_density,False
0846_Remove_6_downward__goal_0006,123,Remove_6_downward,downward,contact,multi_object_final_contact,0.0003578457684737,2.0,5589.0,paper_saved_solution_density,False
0847_Prevention_3_downward__goal_0016,105,Prevention_3_downward,downward,contact,multi_object_final_contact,0.007081038552321,18.0,2542.0,paper_saved_solution_density,False
0851_Remove_1_upward__goal_0012,118,Remove_1_upward,upward,position,support_or_surface,0.0162180814354727,94.0,5796.0,paper_saved_solution_density,False
0853_Remove_8_upward__goal_0005,128,Remove_8_upward,upward,containment,final_inside_or_partially_inside,0.0003890293717175,2.0,5141.0,paper_saved_solution_density,False
0855_BalanceUnder_7_upward__goal_0084,044,BalanceUnder_7_upward,upward,containment,container_contact_or_other,0.0303145130731337,160.0,5278.0,paper_saved_solution_density,False
0856_Remove_9_upward__goal_0016,130,Remove_9_upward,upward,position,relative_position,0.0193536607631915,106.0,5477.0,paper_saved_solution_density,False
0857_Balance_3_upward__goal_0018,024,Balance_3_upward,upward,contact,final_contact,0.0420527441197434,236.0,5612.0,paper_saved_solution_density,False
0858_FallingAlt_4_upward__goal_0013,088,FallingAlt_4_upward,upward,contact,multi_object_final_contact,0.001654944145635,8.0,4834.0,paper_saved_solution_density,False
0860_BalanceUnder_6_downward__goal_0040,041,BalanceUnder_6_downward,downward,contact,multi_object_final_contact,0.0018508236165093,10.0,5403.0,paper_saved_solution_density,False
0861_Prevention_7_upward__goal_0024,112,Prevention_7_upward,upward,orientation,final_orientation,0.0301138450238707,82.0,2723.0,paper_saved_solution_density,False
0865_BalanceUnder_2_downward__goal_0025,035,BalanceUnder_2_downward,downward,contact,multi_object_final_contact,0.0008024072216649,4.0,4985.0,paper_saved_solution_density,False
0866_BalanceUnder_5_upward__goal_0009,040,BalanceUnder_5_upward,upward,contact,multi_object_final_contact,0.0011146201003158,6.0,5383.0,paper_saved_solution_density,False
0867_BalanceUnder_8_downward__goal_0071,045,BalanceUnder_8_downward,downward,contact,final_contact,0.0205090642739425,112.0,5461.0,paper_saved_solution_density,False
0868_BalanceUnder_7_upward__goal_0071,044,BalanceUnder_7_upward,upward,position,relative_position,0.0162940507768094,86.0,5278.0,paper_saved_solution_density,False
0869_BalanceUnder_10_downward__goal_0122,047,BalanceUnder_10_downward,downward,position,relative_position,0.2070069357993953,1164.0,5623.0,paper_saved_solution_density,False
0870_Remove_7_upward__goal_0035,126,Remove_7_upward,upward,movement,single_object_movement,0.0096722192369693,54.0,5583.0,paper_saved_solution_density,False
0871_BalanceUnder_2_upward__goal_0036,036,BalanceUnder_2_upward,upward,movement,single_object_movement,0.0060180541624874,30.0,4985.0,paper_saved_solution_density,False
0872_FallingAlt_1_downward__goal_0005,081,FallingAlt_1_downward,downward,position,relative_position,0.0004281738385784,2.0,4671.0,paper_saved_solution_density,False
0873_BalanceUnder_8_downward__goal_0042,045,BalanceUnder_8_downward,downward,contact,multi_object_final_contact,0.0016480498077275,9.0,5461.0,paper_saved_solution_density,False
0874_Balance_3_downward__goal_0004,023,Balance_3_downward,downward,orientation,final_orientation,0.0003563791874554,2.0,5612.0,paper_saved_solution_density,False
0875_BalanceUnder_10_downward__goal_0014,047,BalanceUnder_10_downward,downward,contact,multi_object_final_contact,0.0001778410101369,1.0,5623.0,paper_saved_solution_density,False
0877_BalanceUnder_7_downward__goal_0003,043,BalanceUnder_7_downward,downward,contact,multi_object_final_contact,0.000189465706707,1.0,5278.0,paper_saved_solution_density,False
0880_Remove_8_upward__goal_0034,128,Remove_8_upward,upward,movement,single_object_movement,0.0501847889515658,258.0,5141.0,paper_saved_solution_density,False
0881_Prevention_8_downward__goal_0013,113,Prevention_8_downward,downward,contact,multi_object_final_contact,0.0069375619425173,21.0,3027.0,paper_saved_solution_density,False
0882_Balance_2_downward__goal_0030,021,Balance_2_downward,downward,contact,multi_object_final_contact,0.1094254357650096,678.0,6196.0,paper_saved_solution_density,False
0883_Falling_3_upward__goal_0009,068,Falling_3_upward,upward,contact,multi_object_final_contact,0.1096166778749159,652.0,5948.0,paper_saved_solution_density,False
0884_BalanceUnder_8_downward__goal_0050,045,BalanceUnder_8_downward,downward,contact,multi_object_final_contact,0.0060428492950009,33.0,5461.0,paper_saved_solution_density,False
0885_FallingAlt_1_upward__goal_0034,082,FallingAlt_1_upward,upward,position,relative_position,0.0072789552558338,34.0,4671.0,paper_saved_solution_density,False
0890_FallingAlt_6_downward__goal_0053,091,FallingAlt_6_downward,downward,contact,multi_object_final_contact,0.0688037529319781,352.0,5116.0,paper_saved_solution_density,False
0891_Remove_7_downward__goal_0056,125,Remove_7_downward,downward,containment,final_inside_or_partially_inside,0.0408382590005373,228.0,5583.0,paper_saved_solution_density,False
0892_BalanceUnder_10_downward__goal_0119,047,BalanceUnder_10_downward,downward,position,relative_position,0.1865552196336475,1049.0,5623.0,paper_saved_solution_density,False
0893_Balance_8_downward__goal_0035,031,Balance_8_downward,downward,movement,single_object_movement,0.2578843034781041,1431.0,5549.0,paper_saved_solution_density,False
0894_Basic_2_downward__goal_0013,051,Basic_2_downward,downward,orientation,final_orientation,0.0928877463581833,542.0,5835.0,paper_saved_solution_density,False
0895_FallingAlt_9_downward__goal_0025,097,FallingAlt_9_downward,downward,contact,multi_object_final_contact,0.0013063357282821,6.0,4593.0,paper_saved_solution_density,False
0896_Basic_7_upward__goal_0013,056,Basic_7_upward,upward,movement,single_object_movement,0.0216113141585889,136.0,6293.0,paper_saved_solution_density,False
0898_FallingAlt_5_upward__goal_0012,090,FallingAlt_5_upward,upward,position,relative_position,0.0015240583496625,7.0,4593.0,paper_saved_solution_density,False
0900_Remove_2_downward__goal_0005,119,Remove_2_downward,downward,containment,container_contact_or_other,0.0005367686527106,3.0,5589.0,paper_saved_solution_density,False
0901_BackUp_5_downward__goal_0004,007,BackUp_5_downward,downward,position,relative_position,0.0058079945336522,34.0,5854.0,paper_saved_solution_density,False
0903_Remove_10_downward__goal_0001,131,Remove_10_downward,downward,contact,transient_contact,0.000186532363365,1.0,5361.0,paper_saved_solution_density,False
0904_BalanceUnder_8_downward__goal_0083,045,BalanceUnder_8_downward,downward,position,relative_position,0.0362570957700054,198.0,5461.0,paper_saved_solution_density,False
0905_Remove_9_upward__goal_0014,130,Remove_9_upward,upward,position,relative_position,0.0180755888259996,99.0,5477.0,paper_saved_solution_density,False
0906_Falling_8_upward__goal_0016,076,Falling_8_upward,upward,contact,final_contact,0.0073182631322166,45.0,6149.0,paper_saved_solution_density,False
0909_Remove_8_upward__goal_0031,128,Remove_8_upward,upward,contact,multi_object_final_contact,0.0464890099202489,239.0,5141.0,paper_saved_solution_density,False
0910_Remove_2_upward__goal_0022,120,Remove_2_upward,upward,contact,multi_object_final_contact,0.0182501341921631,102.0,5589.0,paper_saved_solution_density,False
0913_Falling_7_downward__goal_0021,073,Falling_7_downward,downward,orientation,final_orientation,0.0095551894563426,58.0,6070.0,paper_saved_solution_density,False
0914_FallingAlt_10_downward__goal_0040,099,FallingAlt_10_downward,downward,contact,transient_contact,0.0041394335511982,19.0,4590.0,paper_saved_solution_density,False
0915_BalanceUnder_10_downward__goal_0076,047,BalanceUnder_10_downward,downward,contact,multi_object_final_contact,0.0117375066690378,66.0,5623.0,paper_saved_solution_density,False
0916_BalanceUnder_10_upward__goal_0055,048,BalanceUnder_10_upward,upward,contact,transient_contact,0.0188511470745153,106.0,5623.0,paper_saved_solution_density,False
0917_FallingAlt_3_downward__goal_0020,085,FallingAlt_3_downward,downward,position,relative_position,0.031023784901758,150.0,4835.0,paper_saved_solution_density,False
0918_Basic_10_upward__goal_0004,062,Basic_10_upward,upward,contact,loss_of_contact,0.0037906137184115,21.0,5540.0,paper_saved_solution_density,False
0919_Balance_10_downward__goal_0017,033,Balance_10_downward,downward,contact,multi_object_final_contact,0.0171783044377286,108.0,6287.0,paper_saved_solution_density,False
0920_BackUp_4_upward__goal_0005,006,BackUp_4_upward,upward,position,relative_position,0.0251893315772143,153.0,6074.0,paper_saved_solution_density,False
0923_BalanceUnder_7_downward__goal_0063,043,BalanceUnder_7_downward,downward,movement,single_object_movement,0.0049261083743842,26.0,5278.0,paper_saved_solution_density,False
0924_Falling_10_upward__goal_0023,080,Falling_10_upward,upward,orientation,final_orientation,0.0220915448188175,139.0,6292.0,paper_saved_solution_density,False
0927_Balance_8_upward__goal_0003,032,Balance_8_upward,upward,orientation,final_orientation,0.0005406379527842,3.0,5549.0,paper_saved_solution_density,False
0930_BackUp_9_downward__goal_0006,015,BackUp_9_downward,downward,contact,multi_object_final_contact,0.0025181454599318,17.0,6751.0,paper_saved_solution_density,False
0931_BalanceUnder_2_downward__goal_0033,035,BalanceUnder_2_downward,downward,position,relative_position,0.0008024072216649,4.0,4985.0,paper_saved_solution_density,False
0932_BalanceUnder_8_downward__goal_0006,045,BalanceUnder_8_downward,downward,contact,multi_object_final_contact,0.000183116645303,1.0,5461.0,paper_saved_solution_density,False
0935_Falling_10_downward__goal_0029,079,Falling_10_downward,downward,movement,single_object_movement,0.0104895104895104,66.0,6292.0,paper_saved_solution_density,False
0936_BalanceUnder_10_downward__goal_0059,047,BalanceUnder_10_downward,downward,contact,multi_object_final_contact,0.0037346612128756,21.0,5623.0,paper_saved_solution_density,False
0937_Basic_6_downward__goal_0002,053,Basic_6_downward,downward,contact,multi_object_final_contact,0.000364365093824,2.0,5489.0,paper_saved_solution_density,False
0938_BalanceUnder_8_upward__goal_0017,046,BalanceUnder_8_upward,upward,contact,multi_object_final_contact,0.0003662332906061,2.0,5461.0,paper_saved_solution_density,False
0939_FallingAlt_10_upward__goal_0005,100,FallingAlt_10_upward,upward,contact,multi_object_final_contact,0.0002178649237472,1.0,4590.0,paper_saved_solution_density,False
0940_BalanceUnder_2_upward__goal_0015,036,BalanceUnder_2_upward,upward,contact,multi_object_final_contact,0.0010030090270812,5.0,4985.0,paper_saved_solution_density,False
0941_Remove_7_upward__goal_0018,126,Remove_7_upward,upward,contact,multi_object_final_contact,0.0019702668816048,11.0,5583.0,paper_saved_solution_density,False
0944_BalanceUnder_2_downward__goal_0056,035,BalanceUnder_2_downward,downward,contact,multi_object_final_contact,0.0058174523570712,29.0,4985.0,paper_saved_solution_density,False
0946_Balance_1_upward__goal_0005,020,Balance_1_upward,upward,containment,final_inside_or_partially_inside,0.0004806151874399,3.0,6242.0,paper_saved_solution_density,False
0947_BalanceUnder_7_upward__goal_0041,044,BalanceUnder_7_upward,upward,orientation,final_orientation,0.0032209170140204,17.0,5278.0,paper_saved_solution_density,False
0950_FallingAlt_4_downward__goal_0004,087,FallingAlt_4_downward,downward,contact,final_contact,0.0002068680182043,1.0,4834.0,paper_saved_solution_density,False
0951_BalanceUnder_10_upward__goal_0014,048,BalanceUnder_10_upward,upward,contact,multi_object_final_contact,0.0005335230304108,3.0,5623.0,paper_saved_solution_density,False
0952_FallingAlt_10_downward__goal_0046,099,FallingAlt_10_downward,downward,contact,multi_object_final_contact,0.0065359477124183,30.0,4590.0,paper_saved_solution_density,False
0954_Falling_8_downward__goal_0011,075,Falling_8_downward,downward,contact,transient_contact,0.0037404456009107,23.0,6149.0,paper_saved_solution_density,False
0955_Basic_1_downward__goal_0001,049,Basic_1_downward,downward,containment,container_contact_or_other,0.0001621533971136,1.0,6167.0,paper_saved_solution_density,False
0956_FallingAlt_2_upward__goal_0038,084,FallingAlt_2_upward,upward,position,relative_position,0.0808319039451114,377.0,4664.0,paper_saved_solution_density,False
0957_Remove_2_downward__goal_0031,119,Remove_2_downward,downward,movement,single_object_movement,0.0277330470567185,155.0,5589.0,paper_saved_solution_density,False
0959_FallingAlt_9_upward__goal_0053,098,FallingAlt_9_upward,upward,contact,loss_of_contact,0.1182233834095362,543.0,4593.0,paper_saved_solution_density,False
0960_BalanceUnder_6_downward__goal_0112,041,BalanceUnder_6_downward,downward,position,relative_position,0.1256709235609846,679.0,5403.0,paper_saved_solution_density,False
0964_Remove_6_downward__goal_0071,123,Remove_6_downward,downward,orientation,final_orientation,0.1973519413132939,1103.0,5589.0,paper_saved_solution_density,False
0965_Falling_1_downward__goal_0003,063,Falling_1_downward,downward,containment,container_contact_or_other,0.0078827053444742,50.0,6343.0,paper_saved_solution_density,False
0967_BalanceUnder_5_downward__goal_0074,039,BalanceUnder_5_downward,downward,contact,final_contact,0.0100315809028422,54.0,5383.0,paper_saved_solution_density,False
0968_Falling_6_downward__goal_0025,071,Falling_6_downward,downward,orientation,final_orientation,0.0390918658848293,260.0,6651.0,paper_saved_solution_density,False
0970_Balance_7_upward__goal_0016,030,Balance_7_upward,upward,contact,multi_object_final_contact,0.0556537102473498,315.0,5660.0,paper_saved_solution_density,False
0971_FallingAlt_4_downward__goal_0008,087,FallingAlt_4_downward,downward,containment,container_contact_or_other,0.0004137360364087,2.0,4834.0,paper_saved_solution_density,False
0972_FallingAlt_6_upward__goal_0044,092,FallingAlt_6_upward,upward,orientation,final_orientation,0.0625488663017982,320.0,5116.0,paper_saved_solution_density,False
0973_Prevention_5_downward__goal_0034,109,Prevention_5_downward,downward,position,relative_position,0.0275263951734539,73.0,2652.0,paper_saved_solution_density,False
0974_Prevention_3_upward__goal_0017,106,Prevention_3_upward,upward,containment,final_inside_or_partially_inside,0.009441384736428,24.0,2542.0,paper_saved_solution_density,False
0977_Basic_2_downward__goal_0012,051,Basic_2_downward,downward,containment,final_inside_or_partially_inside,0.0718080548414738,419.0,5835.0,paper_saved_solution_density,False
0978_Remove_2_upward__goal_0001,120,Remove_2_upward,upward,contact,multi_object_final_contact,0.0003578457684737,2.0,5589.0,paper_saved_solution_density,False
0979_FallingAlt_9_downward__goal_0075,097,FallingAlt_9_downward,downward,contact,final_contact,0.0890485521445678,409.0,4593.0,paper_saved_solution_density,False
0980_FallingAlt_4_upward__goal_0040,088,FallingAlt_4_upward,upward,position,relative_position,0.0066197765825403,32.0,4834.0,paper_saved_solution_density,False
0982_Balance_7_downward__goal_0056,029,Balance_7_downward,downward,movement,single_object_movement,0.250530035335689,1418.0,5660.0,paper_saved_solution_density,False
0986_BackUp_2_downward__goal_0002,001,BackUp_2_downward,downward,position,relative_position,0.0741553312856516,507.0,6837.0,paper_saved_solution_density,False
0987_Prevention_5_downward__goal_0047,109,Prevention_5_downward,downward,movement,single_object_movement,0.0814479638009049,216.0,2652.0,paper_saved_solution_density,False
0988_BalanceUnder_3_upward__goal_0020,038,BalanceUnder_3_upward,upward,contact,final_contact,0.0011202389843166,6.0,5356.0,paper_saved_solution_density,False
0989_FallingAlt_7_upward__goal_0056,094,FallingAlt_7_upward,upward,contact,loss_of_contact,0.0474945533769063,218.0,4590.0,paper_saved_solution_density,False
0990_BackUp_4_upward__goal_0004,006,BackUp_4_upward,upward,containment,final_inside_or_partially_inside,0.0251893315772143,153.0,6074.0,paper_saved_solution_density,False
0992_Remove_7_downward__goal_0027,125,Remove_7_downward,downward,contact,multi_object_final_contact,0.0034031882500447,19.0,5583.0,paper_saved_solution_density,False
0999_Prevention_5_upward__goal_0022,110,Prevention_5_upward,upward,containment,final_inside_or_partially_inside,0.0139517345399698,37.0,2652.0,paper_saved_solution_density,False
under29_new_0699_Falling_6_downward,071,Falling_6_downward,downward,position,relative_position,0.00015035333032626674,1.0,6651.0,paper_saved_solution_density,False
under29_new_0700_Falling_10_downward,079,Falling_10_downward,downward,position,relative_position,0.0001589319771137953,1.0,6292.0,paper_saved_solution_density,False
under29_new_0701_Falling_7_upward,074,Falling_7_upward,upward,position,relative_position,0.00016474464579901152,1.0,6070.0,paper_saved_solution_density,False
under29_new_0702_Falling_9_downward,077,Falling_9_downward,downward,position,relative_position,0.0003167564143173899,2.0,6314.0,paper_saved_solution_density,False
under29_new_0703_Falling_2_downward,065,Falling_2_downward,downward,position,relative_position,0.0006069802731411229,4.0,6590.0,paper_saved_solution_density,False
under29_new_0704_Falling_10_downward,079,Falling_10_downward,downward,position,relative_position,0.0006357279084551812,4.0,6292.0,paper_saved_solution_density,False
under29_new_0705_Falling_8_downward,075,Falling_8_downward,downward,position,relative_position,0.0006505122784192552,4.0,6149.0,paper_saved_solution_density,False
under29_new_0706_Falling_8_downward,075,Falling_8_downward,downward,position,relative_position,0.0006505122784192552,4.0,6149.0,paper_saved_solution_density,False
under29_new_0707_Falling_10_downward,079,Falling_10_downward,downward,position,relative_position,0.0009535918626827717,6.0,6292.0,paper_saved_solution_density,False
under29_new_0708_Falling_10_upward,080,Falling_10_upward,upward,position,relative_position,0.0025429116338207248,16.0,6292.0,paper_saved_solution_density,False
under29_new_0709_Falling_7_downward,073,Falling_7_downward,downward,position,relative_position,0.0026359143327841844,16.0,6070.0,paper_saved_solution_density,False
under29_new_0710_Falling_7_upward,074,Falling_7_upward,upward,position,relative_position,0.002800658978583196,17.0,6070.0,paper_saved_solution_density,False
under29_new_0711_Falling_7_upward,074,Falling_7_upward,upward,position,relative_position,0.0029654036243822075,18.0,6070.0,paper_saved_solution_density,False
under29_new_0712_Falling_8_upward,076,Falling_8_upward,upward,position,relative_position,0.0034151894617010896,21.0,6149.0,paper_saved_solution_density,False
under29_new_0713_Falling_10_upward,080,Falling_10_upward,upward,position,relative_position,0.0034965034965034965,22.0,6292.0,paper_saved_solution_density,False
under29_new_0714_Falling_10_upward,080,Falling_10_upward,upward,position,relative_position,0.004132231404958678,26.0,6292.0,paper_saved_solution_density,False
under29_new_0715_Falling_8_downward,075,Falling_8_downward,downward,position,relative_position,0.004228329809725159,26.0,6149.0,paper_saved_solution_density,False
under29_new_0716_Falling_7_downward,073,Falling_7_downward,downward,position,relative_position,0.005107084019769358,31.0,6070.0,paper_saved_solution_density,False
under29_new_0717_Falling_10_downward,079,Falling_10_downward,downward,position,relative_position,0.005244755244755245,33.0,6292.0,paper_saved_solution_density,False
under29_new_0718_Falling_2_upward,066,Falling_2_upward,upward,position,relative_position,0.005766312594840668,38.0,6590.0,paper_saved_solution_density,False
under29_new_0719_Falling_8_upward,076,Falling_8_upward,upward,position,relative_position,0.005854610505773296,36.0,6149.0,paper_saved_solution_density,False
under29_new_0720_Falling_9_downward,077,Falling_9_downward,downward,position,relative_position,0.005859993664871714,37.0,6314.0,paper_saved_solution_density,False
under29_new_0721_Falling_9_upward,078,Falling_9_upward,upward,position,relative_position,0.006176750079189104,39.0,6314.0,paper_saved_solution_density,False
under29_new_0722_Falling_9_upward,078,Falling_9_upward,upward,position,relative_position,0.006968641114982578,44.0,6314.0,paper_saved_solution_density,False
under29_new_0723_Falling_2_downward,065,Falling_2_downward,downward,position,relative_position,0.007283763277693475,48.0,6590.0,paper_saved_solution_density,False
under29_new_0724_Falling_1_downward,063,Falling_1_downward,downward,position,relative_position,0.007882705344474224,50.0,6343.0,paper_saved_solution_density,False
under29_new_0725_Falling_10_upward,080,Falling_10_upward,upward,position,relative_position,0.008582326764144946,54.0,6292.0,paper_saved_solution_density,False
under29_new_0726_Falling_6_upward,072,Falling_6_upward,upward,position,relative_position,0.009321906480228537,62.0,6651.0,paper_saved_solution_density,False
under29_new_0727_Falling_1_upward,064,Falling_1_upward,upward,position,relative_position,0.010089862840927007,64.0,6343.0,paper_saved_solution_density,False
under29_new_0728_Falling_9_upward,078,Falling_9_upward,upward,position,relative_position,0.010294583465315173,65.0,6314.0,paper_saved_solution_density,False
under29_new_0729_Falling_10_downward,079,Falling_10_downward,downward,position,relative_position,0.01048951048951049,66.0,6292.0,paper_saved_solution_density,False
under29_new_0730_Falling_3_upward,068,Falling_3_upward,upward,position,relative_position,0.010928043039677203,65.0,5948.0,paper_saved_solution_density,False
under29_new_0731_Falling_1_upward,064,Falling_1_upward,upward,position,relative_position,0.011193441589153398,71.0,6343.0,paper_saved_solution_density,False
under29_new_0732_Falling_2_upward,066,Falling_2_upward,upward,position,relative_position,0.012291350531107739,81.0,6590.0,paper_saved_solution_density,False
under29_new_0733_Falling_8_upward,076,Falling_8_upward,upward,position,relative_position,0.012684989429175475,78.0,6149.0,paper_saved_solution_density,False
under29_new_0734_Falling_1_upward,064,Falling_1_upward,upward,position,relative_position,0.013558253192495665,86.0,6343.0,paper_saved_solution_density,False
under29_new_0735_Falling_9_downward,077,Falling_9_downward,downward,position,relative_position,0.015045929680076021,95.0,6314.0,paper_saved_solution_density,False
under29_new_0736_Falling_9_upward,078,Falling_9_upward,upward,position,relative_position,0.0156794425087108,99.0,6314.0,paper_saved_solution_density,False
under29_new_0737_Falling_1_downward,063,Falling_1_downward,downward,position,relative_position,0.01655368122339587,105.0,6343.0,paper_saved_solution_density,False
under29_new_0738_Falling_1_downward,063,Falling_1_downward,downward,position,relative_position,0.017499605864732776,111.0,6343.0,paper_saved_solution_density,False
under29_new_0739_Falling_1_upward,064,Falling_1_upward,upward,position,relative_position,0.018130222292290714,115.0,6343.0,paper_saved_solution_density,False
under29_new_0740_Falling_3_downward,067,Falling_3_downward,downward,position,relative_position,0.023369199731002016,139.0,5948.0,paper_saved_solution_density,False
under29_new_0741_Falling_10_upward,080,Falling_10_upward,upward,position,relative_position,0.02542911633820725,160.0,6292.0,paper_saved_solution_density,False
under29_new_0742_Falling_2_upward,066,Falling_2_upward,upward,position,relative_position,0.026403641881638847,174.0,6590.0,paper_saved_solution_density,False
under29_new_0743_Falling_6_upward,072,Falling_6_upward,upward,position,relative_position,0.029018192752969477,193.0,6651.0,paper_saved_solution_density,False
under29_new_0744_Falling_5_downward,069,Falling_5_downward,downward,position,relative_position,0.02973168963016679,205.0,6895.0,paper_saved_solution_density,False
under29_new_0745_Falling_1_downward,063,Falling_1_downward,downward,position,relative_position,0.03026958852278102,192.0,6343.0,paper_saved_solution_density,False
under29_new_0746_Falling_6_upward,072,Falling_6_upward,upward,position,relative_position,0.03999398586678695,266.0,6651.0,paper_saved_solution_density,False
under29_new_0747_Falling_5_upward,070,Falling_5_upward,upward,position,relative_position,0.04510514865844815,311.0,6895.0,paper_saved_solution_density,False
under29_new_0748_Falling_5_upward,070,Falling_5_upward,upward,position,relative_position,0.045395213923132706,313.0,6895.0,paper_saved_solution_density,False
under29_new_0749_Falling_9_downward,077,Falling_9_downward,downward,position,relative_position,0.050364269876465,318.0,6314.0,paper_saved_solution_density,False
under29_new_0750_Falling_5_downward,069,Falling_5_downward,downward,position,relative_position,0.05337200870195794,368.0,6895.0,paper_saved_solution_density,False
under29_new_0751_Falling_6_downward,071,Falling_6_downward,downward,position,relative_position,0.0768305517967223,511.0,6651.0,paper_saved_solution_density,False
under29_new_0752_Falling_3_upward,068,Falling_3_upward,upward,position,relative_position,0.0785137861466039,467.0,5948.0,paper_saved_solution_density,False
under29_new_0753_Falling_8_downward,075,Falling_8_downward,downward,position,relative_position,0.1024556838510327,630.0,6149.0,paper_saved_solution_density,False
under29_new_0754_Falling_6_downward,071,Falling_6_downward,downward,position,relative_position,0.10449556457675538,695.0,6651.0,paper_saved_solution_density,False
under29_new_0755_Falling_2_downward,065,Falling_2_downward,downward,position,relative_position,0.1165402124430956,768.0,6590.0,paper_saved_solution_density,False
under29_new_0756_Balance_2_upward,022,Balance_2_upward,upward,position,relative_position,0.00016139444803098772,1.0,6196.0,paper_saved_solution_density,False
under29_new_0757_Balance_2_upward,022,Balance_2_upward,upward,position,relative_position,0.00016139444803098772,1.0,6196.0,paper_saved_solution_density,False
under29_new_0758_Balance_5_upward,028,Balance_5_upward,upward,position,relative_position,0.00016914749661705008,1.0,5912.0,paper_saved_solution_density,False
under29_new_0759_BalanceUnder_3_upward,038,BalanceUnder_3_upward,upward,position,relative_position,0.00018670649738610905,1.0,5356.0,paper_saved_solution_density,False
under29_new_0760_FallingAlt_6_upward,092,FallingAlt_6_upward,upward,position,relative_position,0.00019546520719311962,1.0,5116.0,paper_saved_solution_density,False
under29_new_0761_FallingAlt_3_upward,086,FallingAlt_3_upward,upward,position,relative_position,0.00020682523267838676,1.0,4835.0,paper_saved_solution_density,False
under29_new_0762_FallingAlt_2_upward,084,FallingAlt_2_upward,upward,position,relative_position,0.0002144082332761578,1.0,4664.0,paper_saved_solution_density,False
under29_new_0763_FallingAlt_9_upward,098,FallingAlt_9_upward,upward,position,relative_position,0.00021772262138036142,1.0,4593.0,paper_saved_solution_density,False
under29_new_0764_FallingAlt_7_downward,093,FallingAlt_7_downward,downward,position,relative_position,0.00021786492374727668,1.0,4590.0,paper_saved_solution_density,False
under29_new_0765_FallingAlt_8_upward,096,FallingAlt_8_upward,upward,position,relative_position,0.00021867483052700635,1.0,4573.0,paper_saved_solution_density,False
under29_new_0766_FallingAlt_8_downward,095,FallingAlt_8_downward,downward,position,relative_position,0.00021867483052700635,1.0,4573.0,paper_saved_solution_density,False
under29_new_0767_Balance_10_upward,034,Balance_10_upward,upward,position,relative_position,0.0003181167488468268,2.0,6287.0,paper_saved_solution_density,False
under29_new_0768_Prevention_5_upward,110,Prevention_5_upward,upward,position,relative_position,0.0003770739064856712,1.0,2652.0,paper_saved_solution_density,False
under29_new_0769_BalanceUnder_7_upward,044,BalanceUnder_7_upward,upward,position,relative_position,0.00037893141341417203,2.0,5278.0,paper_saved_solution_density,False
under29_new_0770_BalanceUnder_7_upward,044,BalanceUnder_7_upward,upward,position,relative_position,0.00037893141341417203,2.0,5278.0,paper_saved_solution_density,False
under29_new_0771_Prevention_3_upward,106,Prevention_3_upward,upward,position,relative_position,0.0003933910306845004,1.0,2542.0,paper_saved_solution_density,False
under29_new_0772_FallingAlt_3_upward,086,FallingAlt_3_upward,upward,position,relative_position,0.0004136504653567735,2.0,4835.0,paper_saved_solution_density,False
under29_new_0773_FallingAlt_3_upward,086,FallingAlt_3_upward,upward,position,relative_position,0.0004136504653567735,2.0,4835.0,paper_saved_solution_density,False
under29_new_0774_FallingAlt_1_downward,081,FallingAlt_1_downward,downward,position,relative_position,0.00042817383857846286,2.0,4671.0,paper_saved_solution_density,False
under29_new_0775_FallingAlt_1_downward,081,FallingAlt_1_downward,downward,position,relative_position,0.00042817383857846286,2.0,4671.0,paper_saved_solution_density,False
under29_new_0776_FallingAlt_1_downward,081,FallingAlt_1_downward,downward,position,relative_position,0.00042817383857846286,2.0,4671.0,paper_saved_solution_density,False
under29_new_0777_FallingAlt_5_upward,090,FallingAlt_5_upward,upward,position,relative_position,0.00043544524276072284,2.0,4593.0,paper_saved_solution_density,False
under29_new_0778_FallingAlt_10_upward,100,FallingAlt_10_upward,upward,position,relative_position,0.00043572984749455336,2.0,4590.0,paper_saved_solution_density,False
under29_new_0779_Balance_2_upward,022,Balance_2_upward,upward,position,relative_position,0.0004841833440929632,3.0,6196.0,paper_saved_solution_density,False
under29_new_0780_BalanceUnder_10_upward,048,BalanceUnder_10_upward,upward,position,relative_position,0.0005335230304108127,3.0,5623.0,paper_saved_solution_density,False
under29_new_0781_Balance_10_downward,033,Balance_10_downward,downward,position,support_or_surface,0.0001590583744234134,1.0,6287.0,paper_saved_solution_density,False
under29_new_0782_Balance_1_downward,019,Balance_1_downward,downward,position,support_or_surface,0.00016020506247997436,1.0,6242.0,paper_saved_solution_density,False
under29_new_0783_Balance_7_upward,030,Balance_7_upward,upward,position,support_or_surface,0.00017667844522968197,1.0,5660.0,paper_saved_solution_density,False
under29_new_0784_BalanceUnder_10_upward,048,BalanceUnder_10_upward,upward,position,support_or_surface,0.00017784101013693757,1.0,5623.0,paper_saved_solution_density,False
under29_new_0785_Balance_3_upward,024,Balance_3_upward,upward,position,support_or_surface,0.0001781895937277263,1.0,5612.0,paper_saved_solution_density,False
under29_new_0786_Balance_4_upward,026,Balance_4_upward,upward,position,support_or_surface,0.00017979144192736425,1.0,5562.0,paper_saved_solution_density,False
under29_new_0787_Balance_4_downward,025,Balance_4_downward,downward,position,support_or_surface,0.00017979144192736425,1.0,5562.0,paper_saved_solution_density,False
under29_new_0788_Balance_8_downward,031,Balance_8_downward,downward,position,support_or_surface,0.00018021265092809516,1.0,5549.0,paper_saved_solution_density,False
under29_new_0789_Balance_8_upward,032,Balance_8_upward,upward,position,support_or_surface,0.00018021265092809516,1.0,5549.0,paper_saved_solution_density,False
under29_new_0790_BalanceUnder_5_upward,040,BalanceUnder_5_upward,upward,position,support_or_surface,0.0001857700167193015,1.0,5383.0,paper_saved_solution_density,False
under29_new_0791_BalanceUnder_2_downward,035,BalanceUnder_2_downward,downward,position,support_or_surface,0.00020060180541624874,1.0,4985.0,paper_saved_solution_density,False
under29_new_0792_BalanceUnder_2_upward,036,BalanceUnder_2_upward,upward,position,support_or_surface,0.00020060180541624874,1.0,4985.0,paper_saved_solution_density,False
under29_new_0793_FallingAlt_3_downward,085,FallingAlt_3_downward,downward,position,support_or_surface,0.00020682523267838676,1.0,4835.0,paper_saved_solution_density,False
under29_new_0794_FallingAlt_5_downward,089,FallingAlt_5_downward,downward,position,support_or_surface,0.00021772262138036142,1.0,4593.0,paper_saved_solution_density,False
under29_new_0795_FallingAlt_7_upward,094,FallingAlt_7_upward,upward,position,support_or_surface,0.00021786492374727668,1.0,4590.0,paper_saved_solution_density,False
under29_new_0796_FallingAlt_7_upward,094,FallingAlt_7_upward,upward,position,support_or_surface,0.00021786492374727668,1.0,4590.0,paper_saved_solution_density,False
under29_new_0797_Prevention_4_upward,108,Prevention_4_upward,upward,position,support_or_surface,0.00034698126301179735,1.0,2882.0,paper_saved_solution_density,False
under29_new_0798_BalanceUnder_10_upward,048,BalanceUnder_10_upward,upward,position,support_or_surface,0.00035568202027387515,2.0,5623.0,paper_saved_solution_density,False
under29_new_0799_Balance_4_downward,025,Balance_4_downward,downward,position,support_or_surface,0.0003595828838547285,2.0,5562.0,paper_saved_solution_density,False
under29_new_0800_BalanceUnder_6_upward,042,BalanceUnder_6_upward,upward,position,support_or_surface,0.00037016472330186933,2.0,5403.0,paper_saved_solution_density,False
under29_new_0801_BalanceUnder_2_upward,036,BalanceUnder_2_upward,upward,position,support_or_surface,0.00040120361083249747,2.0,4985.0,paper_saved_solution_density,False
under29_new_0802_FallingAlt_9_downward,097,FallingAlt_9_downward,downward,position,support_or_surface,0.00043544524276072284,2.0,4593.0,paper_saved_solution_density,False
under29_new_0803_FallingAlt_5_upward,090,FallingAlt_5_upward,upward,position,support_or_surface,0.00043544524276072284,2.0,4593.0,paper_saved_solution_density,False
under29_new_0804_FallingAlt_10_downward,099,FallingAlt_10_downward,downward,position,support_or_surface,0.00043572984749455336,2.0,4590.0,paper_saved_solution_density,False
under29_new_0805_Balance_3_downward,023,Balance_3_downward,downward,position,support_or_surface,0.0005345687811831789,3.0,5612.0,paper_saved_solution_density,False
under29_new_0806_Balance_4_upward,026,Balance_4_upward,upward,position,support_or_surface,0.0005393743257820927,3.0,5562.0,paper_saved_solution_density,False
under29_new_0807_BalanceUnder_8_downward,045,BalanceUnder_8_downward,downward,position,support_or_surface,0.0005493499359091741,3.0,5461.0,paper_saved_solution_density,False
under29_new_0808_BalanceUnder_7_upward,044,BalanceUnder_7_upward,upward,position,support_or_surface,0.0005683971201212581,3.0,5278.0,paper_saved_solution_density,False
under29_new_0809_FallingAlt_6_downward,091,FallingAlt_6_downward,downward,position,support_or_surface,0.0005863956215793589,3.0,5116.0,paper_saved_solution_density,False
under29_new_0810_FallingAlt_4_upward,088,FallingAlt_4_upward,upward,position,support_or_surface,0.0006206040546131568,3.0,4834.0,paper_saved_solution_density,False
under29_new_0811_Balance_5_downward,027,Balance_5_downward,downward,position,support_or_surface,0.0006765899864682003,4.0,5912.0,paper_saved_solution_density,False
under29_new_0812_BalanceUnder_6_downward,041,BalanceUnder_6_downward,downward,position,support_or_surface,0.0007403294466037387,4.0,5403.0,paper_saved_solution_density,False
under29_new_0813_Balance_1_downward,019,Balance_1_downward,downward,position,support_or_surface,0.0008010253123998718,5.0,6242.0,paper_saved_solution_density,False
under29_new_0814_Balance_5_upward,028,Balance_5_upward,upward,position,support_or_surface,0.0008457374830852503,5.0,5912.0,paper_saved_solution_density,False
under29_new_0815_FallingAlt_10_downward,099,FallingAlt_10_downward,downward,position,support_or_surface,0.0008714596949891067,4.0,4590.0,paper_saved_solution_density,False
under29_new_0816_BalanceUnder_7_downward,043,BalanceUnder_7_downward,downward,position,support_or_surface,0.0009473285335354301,5.0,5278.0,paper_saved_solution_density,False
under29_new_0817_FallingAlt_4_downward,087,FallingAlt_4_downward,downward,position,support_or_surface,0.001034340091021928,5.0,4834.0,paper_saved_solution_density,False
under29_new_0818_Prevention_1_downward,101,Prevention_1_downward,downward,position,support_or_surface,0.0010877447425670776,3.0,2758.0,paper_saved_solution_density,False
under29_new_0819_BalanceUnder_8_downward,045,BalanceUnder_8_downward,downward,position,support_or_surface,0.0010986998718183483,6.0,5461.0,paper_saved_solution_density,False
under29_new_0820_FallingAlt_7_downward,093,FallingAlt_7_downward,downward,position,support_or_surface,0.00130718954248366,6.0,4590.0,paper_saved_solution_density,False
under29_new_0821_BalanceUnder_10_downward,047,BalanceUnder_10_downward,downward,position,support_or_surface,0.0014227280810955006,8.0,5623.0,paper_saved_solution_density,False
under29_new_0822_FallingAlt_10_upward,100,FallingAlt_10_upward,upward,position,support_or_surface,0.0015250544662309367,7.0,4590.0,paper_saved_solution_density,False
under29_new_0823_BalanceUnder_10_upward,048,BalanceUnder_10_upward,upward,position,support_or_surface,0.0016005690912324383,9.0,5623.0,paper_saved_solution_density,False
under29_new_0824_BalanceUnder_7_upward,044,BalanceUnder_7_upward,upward,position,support_or_surface,0.0017051913603637742,9.0,5278.0,paper_saved_solution_density,False
under29_new_0825_FallingAlt_6_upward,092,FallingAlt_6_upward,upward,position,support_or_surface,0.0017591868647380765,9.0,5116.0,paper_saved_solution_density,False
under29_new_0826_FallingAlt_4_downward,087,FallingAlt_4_downward,downward,position,relative_position,0.0006206040546131568,3.0,4834.0,paper_saved_solution_density,False
under29_new_0827_Prevention_1_downward,101,Prevention_1_downward,downward,position,relative_position,0.0007251631617113851,2.0,2758.0,paper_saved_solution_density,False
under29_new_0828_BalanceUnder_8_upward,046,BalanceUnder_8_upward,upward,position,relative_position,0.0007324665812122322,4.0,5461.0,paper_saved_solution_density,False
under29_new_0829_Prevention_7_downward,111,Prevention_7_downward,downward,position,relative_position,0.0007344840249724568,2.0,2723.0,paper_saved_solution_density,False
under29_new_0830_BalanceUnder_6_downward,041,BalanceUnder_6_downward,downward,position,relative_position,0.0007403294466037387,4.0,5403.0,paper_saved_solution_density,False
under29_new_0831_BalanceUnder_5_upward,040,BalanceUnder_5_upward,upward,position,relative_position,0.000743080066877206,4.0,5383.0,paper_saved_solution_density,False
under29_new_0832_BalanceUnder_3_downward,037,BalanceUnder_3_downward,downward,position,relative_position,0.0007468259895444362,4.0,5356.0,paper_saved_solution_density,False
under29_new_0833_BalanceUnder_7_upward,044,BalanceUnder_7_upward,upward,position,relative_position,0.0007578628268283441,4.0,5278.0,paper_saved_solution_density,False
under29_new_0834_Prevention_8_downward,113,Prevention_8_downward,downward,position,relative_position,0.0009910802775024777,3.0,3027.0,paper_saved_solution_density,False
under29_new_0835_Prevention_10_downward,115,Prevention_10_downward,downward,position,relative_position,0.0010316368638239339,3.0,2908.0,paper_saved_solution_density,False
under29_new_0836_FallingAlt_3_downward,085,FallingAlt_3_downward,downward,position,relative_position,0.001034126163391934,5.0,4835.0,paper_saved_solution_density,False
under29_new_0837_FallingAlt_9_upward,098,FallingAlt_9_upward,upward,position,relative_position,0.001088613106901807,5.0,4593.0,paper_saved_solution_density,False
under29_new_0838_FallingAlt_9_downward,097,FallingAlt_9_downward,downward,position,relative_position,0.001088613106901807,5.0,4593.0,paper_saved_solution_density,False
under29_new_0839_Prevention_3_upward,106,Prevention_3_upward,upward,position,relative_position,0.0011801730920535012,3.0,2542.0,paper_saved_solution_density,False
under29_new_0840_Prevention_3_downward,105,Prevention_3_downward,downward,position,relative_position,0.0011801730920535012,3.0,2542.0,paper_saved_solution_density,False
under29_new_0841_Prevention_10_downward,115,Prevention_10_downward,downward,position,relative_position,0.001375515818431912,4.0,2908.0,paper_saved_solution_density,False
under29_new_0842_BalanceUnder_2_upward,036,BalanceUnder_2_upward,upward,position,relative_position,0.0014042126379137413,7.0,4985.0,paper_saved_solution_density,False
under29_new_0843_Balance_2_upward,022,Balance_2_upward,upward,position,relative_position,0.0014525500322788896,9.0,6196.0,paper_saved_solution_density,False
under29_new_0844_FallingAlt_1_upward,082,FallingAlt_1_upward,upward,position,relative_position,0.00149860843502462,7.0,4671.0,paper_saved_solution_density,False
under29_new_0845_FallingAlt_5_downward,089,FallingAlt_5_downward,downward,position,relative_position,0.0015240583496625298,7.0,4593.0,paper_saved_solution_density,False
under29_new_0846_FallingAlt_5_downward,089,FallingAlt_5_downward,downward,position,relative_position,0.0015240583496625298,7.0,4593.0,paper_saved_solution_density,False
under29_new_0847_Prevention_3_downward,105,Prevention_3_downward,downward,position,relative_position,0.0015735641227380016,4.0,2542.0,paper_saved_solution_density,False
under29_new_0848_Falling_3_upward,068,Falling_3_upward,upward,movement,single_object_movement,0.00016812373907195696,1.0,5948.0,paper_saved_solution_density,False
under29_new_0849_Falling_9_downward,077,Falling_9_downward,downward,movement,single_object_movement,0.0004751346214760849,3.0,6314.0,paper_saved_solution_density,False
under29_new_0850_Falling_8_downward,075,Falling_8_downward,downward,movement,single_object_movement,0.0006505122784192552,4.0,6149.0,paper_saved_solution_density,False
under29_new_0851_Falling_10_downward,079,Falling_10_downward,downward,movement,single_object_movement,0.0007946598855689765,5.0,6292.0,paper_saved_solution_density,False
under29_new_0852_Falling_7_upward,074,Falling_7_upward,upward,movement,single_object_movement,0.0013179571663920922,8.0,6070.0,paper_saved_solution_density,False
under29_new_0853_Falling_7_upward,074,Falling_7_upward,upward,movement,single_object_movement,0.0014827018121911038,9.0,6070.0,paper_saved_solution_density,False
under29_new_0854_Falling_8_downward,075,Falling_8_downward,downward,movement,single_object_movement,0.002276792974467393,14.0,6149.0,paper_saved_solution_density,False
under29_new_0855_Falling_5_downward,069,Falling_5_downward,downward,movement,single_object_movement,0.0024655547498187093,17.0,6895.0,paper_saved_solution_density,False
under29_new_0856_Falling_6_upward,072,Falling_6_upward,upward,movement,single_object_movement,0.0027063599458728013,18.0,6651.0,paper_saved_solution_density,False
under29_new_0857_Falling_8_upward,076,Falling_8_upward,upward,movement,single_object_movement,0.003089933322491462,19.0,6149.0,paper_saved_solution_density,False
under29_new_0858_Falling_10_upward,080,Falling_10_upward,upward,movement,single_object_movement,0.004767959313413859,30.0,6292.0,paper_saved_solution_density,False
under29_new_0859_Falling_8_upward,076,Falling_8_upward,upward,movement,single_object_movement,0.005204098227354042,32.0,6149.0,paper_saved_solution_density,False
under29_new_0860_Falling_7_downward,073,Falling_7_downward,downward,movement,single_object_movement,0.007084019769357496,43.0,6070.0,paper_saved_solution_density,False
under29_new_0861_Falling_7_downward,073,Falling_7_downward,downward,movement,single_object_movement,0.007248764415156508,44.0,6070.0,paper_saved_solution_density,False
under29_new_0862_Falling_9_upward,078,Falling_9_upward,upward,movement,single_object_movement,0.008394044979410833,53.0,6314.0,paper_saved_solution_density,False
under29_new_0863_Falling_10_downward,079,Falling_10_downward,downward,movement,single_object_movement,0.008582326764144946,54.0,6292.0,paper_saved_solution_density,False
under29_new_0864_Falling_10_downward,079,Falling_10_downward,downward,movement,single_object_movement,0.008582326764144946,54.0,6292.0,paper_saved_solution_density,False
under29_new_0865_Falling_10_upward,080,Falling_10_upward,upward,movement,single_object_movement,0.008900190718372537,56.0,6292.0,paper_saved_solution_density,False
under29_new_0866_Falling_6_downward,071,Falling_6_downward,downward,movement,single_object_movement,0.009923319801533603,66.0,6651.0,paper_saved_solution_density,False
under29_new_0867_Falling_1_downward,063,Falling_1_downward,downward,movement,single_object_movement,0.011981712123600819,76.0,6343.0,paper_saved_solution_density,False
under29_new_0868_Falling_10_upward,080,Falling_10_upward,upward,movement,single_object_movement,0.013032422123331213,82.0,6292.0,paper_saved_solution_density,False
under29_new_0869_Falling_9_upward,078,Falling_9_upward,upward,movement,single_object_movement,0.016788089958821667,106.0,6314.0,paper_saved_solution_density,False
under29_new_0870_Falling_10_upward,080,Falling_10_upward,upward,movement,single_object_movement,0.017482517482517484,110.0,6292.0,paper_saved_solution_density,False
under29_new_0871_Falling_9_downward,077,Falling_9_downward,downward,movement,single_object_movement,0.018055115616091227,114.0,6314.0,paper_saved_solution_density,False
under29_new_0872_Falling_2_upward,066,Falling_2_upward,upward,movement,single_object_movement,0.01881638846737481,124.0,6590.0,paper_saved_solution_density,False
under29_new_0873_Falling_1_upward,064,Falling_1_upward,upward,movement,single_object_movement,0.01939145514740659,123.0,6343.0,paper_saved_solution_density,False
under29_new_0874_Falling_1_upward,064,Falling_1_upward,upward,movement,single_object_movement,0.019549109254296076,124.0,6343.0,paper_saved_solution_density,False
under29_new_0875_Falling_1_downward,063,Falling_1_downward,downward,movement,single_object_movement,0.02049503389563298,130.0,6343.0,paper_saved_solution_density,False
under29_new_0876_Falling_9_upward,078,Falling_9_upward,upward,movement,single_object_movement,0.02233132720937599,141.0,6314.0,paper_saved_solution_density,False
under29_new_0877_Falling_2_downward,065,Falling_2_downward,downward,movement,single_object_movement,0.024582701062215478,162.0,6590.0,paper_saved_solution_density,False
under29_new_0878_Falling_2_upward,066,Falling_2_upward,upward,movement,single_object_movement,0.03520485584218513,232.0,6590.0,paper_saved_solution_density,False
under29_new_0879_Falling_6_upward,072,Falling_6_upward,upward,movement,single_object_movement,0.03924221921515562,261.0,6651.0,paper_saved_solution_density,False
under29_new_0880_Falling_6_upward,072,Falling_6_upward,upward,movement,single_object_movement,0.05172154563223575,344.0,6651.0,paper_saved_solution_density,False
under29_new_0881_Falling_9_downward,077,Falling_9_downward,downward,movement,single_object_movement,0.12210959771935381,771.0,6314.0,paper_saved_solution_density,False
under29_new_0882_Falling_2_downward,065,Falling_2_downward,downward,movement,single_object_movement,0.1748103186646434,1152.0,6590.0,paper_saved_solution_density,False
under29_new_0883_Falling_6_downward,071,Falling_6_downward,downward,movement,single_object_movement,0.23620508194256504,1571.0,6651.0,paper_saved_solution_density,False
under29_new_0884_BalanceUnder_3_upward,038,BalanceUnder_3_upward,upward,movement,single_object_movement,0.00018670649738610905,1.0,5356.0,paper_saved_solution_density,False
under29_new_0885_FallingAlt_6_upward,092,FallingAlt_6_upward,upward,movement,single_object_movement,0.00019546520719311962,1.0,5116.0,paper_saved_solution_density,False
under29_new_0886_Balance_1_downward,019,Balance_1_downward,downward,movement,single_object_movement,0.0003204101249599487,2.0,6242.0,paper_saved_solution_density,False
under29_new_0887_FallingAlt_1_downward,081,FallingAlt_1_downward,downward,movement,single_object_movement,0.00042817383857846286,2.0,4671.0,paper_saved_solution_density,False
under29_new_0888_FallingAlt_1_downward,081,FallingAlt_1_downward,downward,movement,single_object_movement,0.00042817383857846286,2.0,4671.0,paper_saved_solution_density,False
under29_new_0889_Balance_1_upward,020,Balance_1_upward,upward,movement,single_object_movement,0.0004806151874399231,3.0,6242.0,paper_saved_solution_density,False
under29_new_0890_Balance_1_upward,020,Balance_1_upward,upward,movement,single_object_movement,0.0008010253123998718,5.0,6242.0,paper_saved_solution_density,False
under29_new_0891_FallingAlt_1_upward,082,FallingAlt_1_upward,upward,movement,single_object_movement,0.0008563476771569257,4.0,4671.0,paper_saved_solution_density,False
under29_new_0892_Balance_2_upward,022,Balance_2_upward,upward,movement,single_object_movement,0.0009683666881859264,6.0,6196.0,paper_saved_solution_density,False
under29_new_0893_FallingAlt_3_upward,086,FallingAlt_3_upward,upward,movement,single_object_movement,0.001034126163391934,5.0,4835.0,paper_saved_solution_density,False
under29_new_0894_FallingAlt_7_downward,093,FallingAlt_7_downward,downward,movement,single_object_movement,0.00130718954248366,6.0,4590.0,paper_saved_solution_density,False
under29_new_0895_FallingAlt_9_upward,098,FallingAlt_9_upward,upward,movement,single_object_movement,0.0015240583496625298,7.0,4593.0,paper_saved_solution_density,False
under29_new_0896_FallingAlt_4_upward,088,FallingAlt_4_upward,upward,movement,single_object_movement,0.0024824162184526274,12.0,4834.0,paper_saved_solution_density,False
under29_new_0897_Prevention_7_upward,112,Prevention_7_upward,upward,movement,single_object_movement,0.002570694087403599,7.0,2723.0,paper_saved_solution_density,False
under29_new_0898_Prevention_10_upward,116,Prevention_10_upward,upward,movement,single_object_movement,0.0034387895460797797,10.0,2908.0,paper_saved_solution_density,False
under29_new_0899_Prevention_1_upward,102,Prevention_1_upward,upward,movement,single_object_movement,0.0036258158085569255,10.0,2758.0,paper_saved_solution_density,False
under29_new_0900_FallingAlt_4_upward,088,FallingAlt_4_upward,upward,movement,single_object_movement,0.003723624327678941,18.0,4834.0,paper_saved_solution_density,False
under29_new_0901_FallingAlt_3_upward,086,FallingAlt_3_upward,upward,movement,single_object_movement,0.003929679420889349,19.0,4835.0,paper_saved_solution_density,False
under29_new_0902_FallingAlt_5_downward,089,FallingAlt_5_downward,downward,movement,single_object_movement,0.0054430655345090355,25.0,4593.0,paper_saved_solution_density,False
under29_new_0903_FallingAlt_5_upward,090,FallingAlt_5_upward,upward,movement,single_object_movement,0.0054430655345090355,25.0,4593.0,paper_saved_solution_density,False
under29_new_0904_Balance_2_downward,021,Balance_2_downward,downward,movement,single_object_movement,0.0056488056810845705,35.0,6196.0,paper_saved_solution_density,False
under29_new_0905_BalanceUnder_7_upward,044,BalanceUnder_7_upward,upward,movement,single_object_movement,0.005683971201212581,30.0,5278.0,paper_saved_solution_density,False
under29_new_0906_BalanceUnder_10_downward,047,BalanceUnder_10_downward,downward,movement,single_object_movement,0.005690912324382002,32.0,5623.0,paper_saved_solution_density,False
under29_new_0907_FallingAlt_2_upward,084,FallingAlt_2_upward,upward,movement,single_object_movement,0.0066466552315608916,31.0,4664.0,paper_saved_solution_density,False
under29_new_0908_FallingAlt_5_upward,090,FallingAlt_5_upward,upward,movement,single_object_movement,0.006967123884171565,32.0,4593.0,paper_saved_solution_density,False
under29_new_0909_FallingAlt_1_upward,082,FallingAlt_1_upward,upward,movement,single_object_movement,0.007064868336544637,33.0,4671.0,paper_saved_solution_density,False
under29_new_0910_FallingAlt_1_upward,082,FallingAlt_1_upward,upward,movement,single_object_movement,0.007064868336544637,33.0,4671.0,paper_saved_solution_density,False
under29_new_0911_BalanceUnder_7_downward,043,BalanceUnder_7_downward,downward,movement,single_object_movement,0.008715422508525956,46.0,5278.0,paper_saved_solution_density,False
under29_new_0912_FallingAlt_10_downward,099,FallingAlt_10_downward,downward,movement,single_object_movement,0.009586056644880174,44.0,4590.0,paper_saved_solution_density,False
under29_new_0913_FallingAlt_5_upward,090,FallingAlt_5_upward,upward,movement,single_object_movement,0.009797517962116264,45.0,4593.0,paper_saved_solution_density,False
under29_new_0914_Prevention_10_upward,116,Prevention_10_upward,upward,movement,single_object_movement,0.010660247592847318,31.0,2908.0,paper_saved_solution_density,False
under29_new_0915_Prevention_4_downward,107,Prevention_4_downward,downward,movement,single_object_movement,0.010756419153365717,31.0,2882.0,paper_saved_solution_density,False
under29_new_0916_FallingAlt_4_upward,088,FallingAlt_4_upward,upward,movement,single_object_movement,0.010964004964832437,53.0,4834.0,paper_saved_solution_density,False
under29_new_0917_Balance_10_upward,034,Balance_10_upward,upward,movement,single_object_movement,0.010975027835215524,69.0,6287.0,paper_saved_solution_density,False
under29_new_0918_BalanceUnder_10_upward,048,BalanceUnder_10_upward,upward,movement,single_object_movement,0.01102614262849013,62.0,5623.0,paper_saved_solution_density,False
under29_new_0919_Prevention_5_upward,110,Prevention_5_upward,upward,movement,single_object_movement,0.012066365007541479,32.0,2652.0,paper_saved_solution_density,False
under29_new_0920_BalanceUnder_8_upward,046,BalanceUnder_8_upward,upward,movement,single_object_movement,0.012635048525911005,69.0,5461.0,paper_saved_solution_density,False
under29_new_0921_Prevention_5_downward,109,Prevention_5_downward,downward,movement,single_object_movement,0.013951734539969835,37.0,2652.0,paper_saved_solution_density,False
under29_new_0922_FallingAlt_4_downward,087,FallingAlt_4_downward,downward,movement,single_object_movement,0.014687629292511377,71.0,4834.0,paper_saved_solution_density,False
under29_new_0923_BalanceUnder_6_upward,042,BalanceUnder_6_upward,upward,movement,single_object_movement,0.014991671293725709,81.0,5403.0,paper_saved_solution_density,False
under29_new_0924_Prevention_3_upward,106,Prevention_3_upward,upward,movement,single_object_movement,0.016129032258064516,41.0,2542.0,paper_saved_solution_density,False
under29_new_0925_Prevention_3_downward,105,Prevention_3_downward,downward,movement,single_object_movement,0.016522423288749016,42.0,2542.0,paper_saved_solution_density,False
under29_new_0926_Prevention_1_downward,101,Prevention_1_downward,downward,movement,single_object_movement,0.01740391588107324,48.0,2758.0,paper_saved_solution_density,False
under29_new_0927_BalanceUnder_10_upward,048,BalanceUnder_10_upward,upward,movement,single_object_movement,0.017961942023830696,101.0,5623.0,paper_saved_solution_density,False
under29_new_0928_Prevention_3_downward,105,Prevention_3_downward,downward,movement,single_object_movement,0.01848937844217152,47.0,2542.0,paper_saved_solution_density,False
under29_new_0929_Prevention_1_downward,101,Prevention_1_downward,downward,movement,single_object_movement,0.01849166062364032,51.0,2758.0,paper_saved_solution_density,False
under29_new_0930_Balance_2_upward,022,Balance_2_upward,upward,movement,single_object_movement,0.01856036152356359,115.0,6196.0,paper_saved_solution_density,False
under29_new_0931_BalanceUnder_5_upward,040,BalanceUnder_5_upward,upward,movement,single_object_movement,0.019134311722088054,103.0,5383.0,paper_saved_solution_density,False
under29_new_0932_Prevention_10_downward,115,Prevention_10_downward,downward,movement,single_object_movement,0.019944979367262722,58.0,2908.0,paper_saved_solution_density,False
under29_new_0933_Prevention_4_upward,108,Prevention_4_upward,upward,movement,single_object_movement,0.020471894517696043,59.0,2882.0,paper_saved_solution_density,False
under29_new_0934_Prevention_5_downward,109,Prevention_5_downward,downward,movement,single_object_movement,0.021493212669683258,57.0,2652.0,paper_saved_solution_density,False
under29_new_0935_FallingAlt_8_upward,096,FallingAlt_8_upward,upward,movement,single_object_movement,0.021867483052700636,100.0,4573.0,paper_saved_solution_density,False
under29_new_0936_FallingAlt_10_upward,100,FallingAlt_10_upward,upward,movement,single_object_movement,0.022004357298474945,101.0,4590.0,paper_saved_solution_density,False
under29_new_0937_FallingAlt_7_upward,094,FallingAlt_7_upward,upward,movement,single_object_movement,0.022440087145969498,103.0,4590.0,paper_saved_solution_density,False
under29_new_0938_Prevention_1_upward,102,Prevention_1_upward,upward,movement,single_object_movement,0.02284263959390863,63.0,2758.0,paper_saved_solution_density,False
under29_new_0939_BalanceUnder_2_upward,036,BalanceUnder_2_upward,upward,movement,single_object_movement,0.022868605817452356,114.0,4985.0,paper_saved_solution_density,False
under29_new_0940_Prevention_1_upward,102,Prevention_1_upward,upward,movement,single_object_movement,0.023567802755620013,65.0,2758.0,paper_saved_solution_density,False
under29_new_0941_BalanceUnder_5_upward,040,BalanceUnder_5_upward,upward,movement,single_object_movement,0.0248931822403864,134.0,5383.0,paper_saved_solution_density,False
under29_new_0942_FallingAlt_6_upward,092,FallingAlt_6_upward,upward,movement,single_object_movement,0.02580140734949179,132.0,5116.0,paper_saved_solution_density,False
under29_new_0943_FallingAlt_6_upward,092,FallingAlt_6_upward,upward,movement,single_object_movement,0.02580140734949179,132.0,5116.0,paper_saved_solution_density,False
under29_new_0944_Prevention_5_upward,110,Prevention_5_upward,upward,movement,single_object_movement,0.03092006033182504,82.0,2652.0,paper_saved_solution_density,False
under29_new_0945_Balance_10_upward,034,Balance_10_upward,upward,movement,single_object_movement,0.03133449976141244,197.0,6287.0,paper_saved_solution_density,False
under29_new_0946_BalanceUnder_5_upward,040,BalanceUnder_5_upward,upward,movement,single_object_movement,0.03306706297603567,178.0,5383.0,paper_saved_solution_density,False
under29_new_0947_BalanceUnder_6_upward,042,BalanceUnder_6_upward,upward,movement,single_object_movement,0.033129742735517304,179.0,5403.0,paper_saved_solution_density,False
under29_new_0948_FallingAlt_7_upward,094,FallingAlt_7_upward,upward,movement,single_object_movement,0.03333333333333333,153.0,4590.0,paper_saved_solution_density,False
under29_new_0949_BalanceUnder_3_upward,038,BalanceUnder_3_upward,upward,movement,single_object_movement,0.03640776699029126,195.0,5356.0,paper_saved_solution_density,False
under29_new_0950_BalanceUnder_8_upward,046,BalanceUnder_8_upward,upward,movement,single_object_movement,0.036989562351217725,202.0,5461.0,paper_saved_solution_density,False
under29_new_0951_Balance_10_downward,033,Balance_10_downward,downward,movement,single_object_movement,0.038810243359312865,244.0,6287.0,paper_saved_solution_density,False
under29_new_0952_Prevention_7_downward,111,Prevention_7_downward,downward,movement,single_object_movement,0.0426000734484025,116.0,2723.0,paper_saved_solution_density,False
under29_new_0953_BalanceUnder_3_upward,038,BalanceUnder_3_upward,upward,movement,single_object_movement,0.04462285287528006,239.0,5356.0,paper_saved_solution_density,False
under29_new_0954_BalanceUnder_10_upward,048,BalanceUnder_10_upward,upward,movement,single_object_movement,0.04481593455450827,252.0,5623.0,paper_saved_solution_density,False
under29_new_0955_FallingAlt_7_upward,094,FallingAlt_7_upward,upward,movement,single_object_movement,0.045098039215686274,207.0,4590.0,paper_saved_solution_density,False
under29_new_0956_FallingAlt_9_upward,098,FallingAlt_9_upward,upward,movement,single_object_movement,0.047245808839538425,217.0,4593.0,paper_saved_solution_density,False
under29_new_0957_FallingAlt_7_downward,093,FallingAlt_7_downward,downward,movement,single_object_movement,0.048583877995642705,223.0,4590.0,paper_saved_solution_density,False
under29_new_0958_Prevention_7_upward,112,Prevention_7_upward,upward,movement,single_object_movement,0.049944913698127064,136.0,2723.0,paper_saved_solution_density,False
under29_new_0959_Balance_5_upward,028,Balance_5_upward,upward,movement,single_object_movement,0.050236806495263873,297.0,5912.0,paper_saved_solution_density,False
under29_new_0960_FallingAlt_8_downward,095,FallingAlt_8_downward,downward,movement,single_object_movement,0.050513885851738466,231.0,4573.0,paper_saved_solution_density,False
under29_new_0961_BalanceUnder_8_downward,045,BalanceUnder_8_downward,downward,movement,single_object_movement,0.055667460172129646,304.0,5461.0,paper_saved_solution_density,False
under29_new_0962_FallingAlt_10_upward,100,FallingAlt_10_upward,upward,movement,single_object_movement,0.05599128540305011,257.0,4590.0,paper_saved_solution_density,False
under29_new_0963_Balance_7_upward,030,Balance_7_upward,upward,movement,single_object_movement,0.06501766784452297,368.0,5660.0,paper_saved_solution_density,False
under29_new_0964_FallingAlt_2_downward,083,FallingAlt_2_downward,downward,movement,single_object_movement,0.0726843910806175,339.0,4664.0,paper_saved_solution_density,False
under29_new_0965_FallingAlt_2_upward,084,FallingAlt_2_upward,upward,movement,single_object_movement,0.08083190394511149,377.0,4664.0,paper_saved_solution_density,False
under29_new_0966_BalanceUnder_10_downward,047,BalanceUnder_10_downward,downward,movement,single_object_movement,0.08251822870353903,464.0,5623.0,paper_saved_solution_density,False
under29_new_0967_Balance_8_upward,032,Balance_8_upward,upward,movement,single_object_movement,0.09839610740673996,546.0,5549.0,paper_saved_solution_density,False
under29_new_0968_Balance_10_downward,033,Balance_10_downward,downward,movement,single_object_movement,0.10179735963098457,640.0,6287.0,paper_saved_solution_density,False
under29_new_0969_FallingAlt_2_downward,083,FallingAlt_2_downward,downward,movement,single_object_movement,0.10184391080617496,475.0,4664.0,paper_saved_solution_density,False
under29_new_0970_Balance_3_downward,023,Balance_3_downward,downward,movement,single_object_movement,0.10958660014255167,615.0,5612.0,paper_saved_solution_density,False
under29_new_0971_Balance_7_downward,029,Balance_7_downward,downward,movement,single_object_movement,0.11148409893992933,631.0,5660.0,paper_saved_solution_density,False
under29_new_0972_FallingAlt_2_upward,084,FallingAlt_2_upward,upward,movement,single_object_movement,0.11470840480274443,535.0,4664.0,paper_saved_solution_density,False
under29_new_0973_FallingAlt_9_downward,097,FallingAlt_9_downward,downward,movement,single_object_movement,0.11648160243849336,535.0,4593.0,paper_saved_solution_density,False
under29_new_0974_Balance_8_downward,031,Balance_8_downward,downward,movement,single_object_movement,0.11803928635790233,655.0,5549.0,paper_saved_solution_density,False
under29_new_0975_Balance_4_downward,025,Balance_4_downward,downward,movement,single_object_movement,0.12405609492988134,690.0,5562.0,paper_saved_solution_density,False
under29_new_0976_Balance_5_upward,028,Balance_5_upward,upward,movement,single_object_movement,0.12415426251691475,734.0,5912.0,paper_saved_solution_density,False
under29_new_0977_Balance_7_downward,029,Balance_7_downward,downward,movement,single_object_movement,0.1390459363957597,787.0,5660.0,paper_saved_solution_density,False
under29_new_0978_Balance_8_downward,031,Balance_8_downward,downward,movement,single_object_movement,0.13984501712020184,776.0,5549.0,paper_saved_solution_density,False
under29_new_0979_BalanceUnder_5_downward,039,BalanceUnder_5_downward,downward,movement,single_object_movement,0.1469440832249675,791.0,5383.0,paper_saved_solution_density,False
under29_new_0980_Balance_5_downward,027,Balance_5_downward,downward,movement,single_object_movement,0.15493910690121787,916.0,5912.0,paper_saved_solution_density,False
under29_new_0981_FallingAlt_2_downward,083,FallingAlt_2_downward,downward,movement,single_object_movement,0.157590051457976,735.0,4664.0,paper_saved_solution_density,False
under29_new_0982_BalanceUnder_3_downward,037,BalanceUnder_3_downward,downward,movement,single_object_movement,0.16486183719193429,883.0,5356.0,paper_saved_solution_density,False
under29_new_0983_BalanceUnder_2_downward,035,BalanceUnder_2_downward,downward,movement,single_object_movement,0.17191574724172518,857.0,4985.0,paper_saved_solution_density,False
under29_new_0984_Balance_4_upward,026,Balance_4_upward,upward,movement,single_object_movement,0.17673498741459906,983.0,5562.0,paper_saved_solution_density,False
under29_new_0985_FallingAlt_6_downward,091,FallingAlt_6_downward,downward,movement,single_object_movement,0.1772869429241595,907.0,5116.0,paper_saved_solution_density,False
under29_new_0986_FallingAlt_6_downward,091,FallingAlt_6_downward,downward,movement,single_object_movement,0.1772869429241595,907.0,5116.0,paper_saved_solution_density,False
under29_new_0987_Balance_7_upward,030,Balance_7_upward,upward,movement,single_object_movement,0.18869257950530036,1068.0,5660.0,paper_saved_solution_density,False
under29_new_0988_FallingAlt_2_upward,084,FallingAlt_2_upward,upward,movement,single_object_movement,0.19746998284734132,921.0,4664.0,paper_saved_solution_density,False
under29_new_0989_Balance_8_upward,032,Balance_8_upward,upward,movement,single_object_movement,0.2081456118219499,1155.0,5549.0,paper_saved_solution_density,False
under29_new_0990_Balance_3_upward,024,Balance_3_upward,upward,movement,single_object_movement,0.21026372059871704,1180.0,5612.0,paper_saved_solution_density,False
under29_new_0991_Balance_8_upward,032,Balance_8_upward,upward,movement,single_object_movement,0.24094431429086322,1337.0,5549.0,paper_saved_solution_density,False
under29_new_0992_Falling_8_upward,076,Falling_8_upward,upward,movement,joint_movement,0.0001626280696048138,1.0,6149.0,paper_saved_solution_density,False
under29_new_0993_Falling_7_upward,074,Falling_7_upward,upward,movement,joint_movement,0.00032948929159802305,2.0,6070.0,paper_saved_solution_density,False
under29_new_0994_Falling_7_upward,074,Falling_7_upward,upward,movement,joint_movement,0.0004942339373970346,3.0,6070.0,paper_saved_solution_density,False
under29_new_0995_Falling_8_upward,076,Falling_8_upward,upward,movement,joint_movement,0.0019515368352577655,12.0,6149.0,paper_saved_solution_density,False
under29_new_0996_Falling_6_downward,071,Falling_6_downward,downward,movement,joint_movement,0.0021049466245677342,14.0,6651.0,paper_saved_solution_density,False
under29_new_0997_Falling_8_downward,075,Falling_8_downward,downward,movement,joint_movement,0.002276792974467393,14.0,6149.0,paper_saved_solution_density,False
under29_new_0998_Falling_5_downward,069,Falling_5_downward,downward,movement,joint_movement,0.002320522117476432,16.0,6895.0,paper_saved_solution_density,False
under29_new_0999_Falling_10_upward,080,Falling_10_upward,upward,movement,joint_movement,0.0025429116338207248,16.0,6292.0,paper_saved_solution_density,False
under29_new_1000_Falling_6_downward,071,Falling_6_downward,downward,movement,joint_movement,0.0030070666065253344,20.0,6651.0,paper_saved_solution_density,False
under29_new_1001_Falling_9_downward,077,Falling_9_downward,downward,movement,joint_movement,0.003642698764649984,23.0,6314.0,paper_saved_solution_density,False
under29_new_1002_Falling_9_upward,078,Falling_9_upward,upward,movement,joint_movement,0.005384859043395629,34.0,6314.0,paper_saved_solution_density,False
under29_new_1003_Falling_7_downward,073,Falling_7_downward,downward,movement,joint_movement,0.007084019769357496,43.0,6070.0,paper_saved_solution_density,False
under29_new_1004_Falling_7_downward,073,Falling_7_downward,downward,movement,joint_movement,0.007248764415156508,44.0,6070.0,paper_saved_solution_density,False
under29_new_1005_Falling_10_downward,079,Falling_10_downward,downward,movement,joint_movement,0.008582326764144946,54.0,6292.0,paper_saved_solution_density,False
under29_new_1006_Falling_10_downward,079,Falling_10_downward,downward,movement,joint_movement,0.008582326764144946,54.0,6292.0,paper_saved_solution_density,False
under29_new_1007_Falling_1_upward,064,Falling_1_upward,upward,movement,joint_movement,0.01024751694781649,65.0,6343.0,paper_saved_solution_density,False
under29_new_1008_Falling_1_downward,063,Falling_1_downward,downward,movement,joint_movement,0.011824058016711336,75.0,6343.0,paper_saved_solution_density,False
under29_new_1009_Falling_1_upward,064,Falling_1_upward,upward,movement,joint_movement,0.012769982658048242,81.0,6343.0,paper_saved_solution_density,False
under29_new_1010_Falling_3_downward,067,Falling_3_downward,downward,movement,joint_movement,0.012945527908540685,77.0,5948.0,paper_saved_solution_density,False
under29_new_1011_Falling_10_upward,080,Falling_10_upward,upward,movement,joint_movement,0.013032422123331213,82.0,6292.0,paper_saved_solution_density,False
under29_new_1012_Falling_9_upward,078,Falling_9_upward,upward,movement,joint_movement,0.013303769401330377,84.0,6314.0,paper_saved_solution_density,False
under29_new_1013_Falling_2_upward,066,Falling_2_upward,upward,movement,joint_movement,0.015174506828528073,100.0,6590.0,paper_saved_solution_density,False
under29_new_1014_Falling_10_upward,080,Falling_10_upward,upward,movement,joint_movement,0.017323585505403687,109.0,6292.0,paper_saved_solution_density,False
under29_new_1015_Falling_6_upward,072,Falling_6_upward,upward,movement,joint_movement,0.018042399639152006,120.0,6651.0,paper_saved_solution_density,False
under29_new_1016_Falling_9_upward,078,Falling_9_upward,upward,movement,joint_movement,0.01948051948051948,123.0,6314.0,paper_saved_solution_density,False
under29_new_1017_Falling_1_downward,063,Falling_1_downward,downward,movement,joint_movement,0.019864417468075043,126.0,6343.0,paper_saved_solution_density,False
under29_new_1018_Falling_2_downward,065,Falling_2_downward,downward,movement,joint_movement,0.024582701062215478,162.0,6590.0,paper_saved_solution_density,False
under29_new_1019_Falling_6_upward,072,Falling_6_upward,upward,movement,joint_movement,0.026311832807096678,175.0,6651.0,paper_saved_solution_density,False
under29_new_1020_Falling_2_upward,066,Falling_2_upward,upward,movement,joint_movement,0.03368740515933232,222.0,6590.0,paper_saved_solution_density,False
under29_new_1021_Falling_6_downward,071,Falling_6_downward,downward,movement,joint_movement,0.0993835513456623,661.0,6651.0,paper_saved_solution_density,False
under29_new_1022_Falling_9_downward,077,Falling_9_downward,downward,movement,joint_movement,0.11086474501108648,700.0,6314.0,paper_saved_solution_density,False
under29_new_1023_Falling_3_upward,068,Falling_3_upward,upward,movement,joint_movement,0.12760591795561532,759.0,5948.0,paper_saved_solution_density,False
under29_new_1024_Falling_2_downward,065,Falling_2_downward,downward,movement,joint_movement,0.17298937784522003,1140.0,6590.0,paper_saved_solution_density,False
under29_new_1025_FallingAlt_6_upward,092,FallingAlt_6_upward,upward,movement,joint_movement,0.00019546520719311962,1.0,5116.0,paper_saved_solution_density,False
under29_new_1026_Balance_1_downward,019,Balance_1_downward,downward,movement,joint_movement,0.0003204101249599487,2.0,6242.0,paper_saved_solution_density,False
under29_new_1027_BalanceUnder_2_downward,035,BalanceUnder_2_downward,downward,movement,joint_movement,0.00040120361083249747,2.0,4985.0,paper_saved_solution_density,False
under29_new_1028_FallingAlt_1_downward,081,FallingAlt_1_downward,downward,movement,joint_movement,0.00042817383857846286,2.0,4671.0,paper_saved_solution_density,False
under29_new_1029_FallingAlt_1_downward,081,FallingAlt_1_downward,downward,movement,joint_movement,0.00042817383857846286,2.0,4671.0,paper_saved_solution_density,False
under29_new_1030_Balance_1_upward,020,Balance_1_upward,upward,movement,joint_movement,0.0004806151874399231,3.0,6242.0,paper_saved_solution_density,False
under29_new_1031_FallingAlt_3_upward,086,FallingAlt_3_upward,upward,movement,joint_movement,0.0006204756980351603,3.0,4835.0,paper_saved_solution_density,False
under29_new_1032_FallingAlt_4_downward,087,FallingAlt_4_downward,downward,movement,joint_movement,0.0008274720728175424,4.0,4834.0,paper_saved_solution_density,False
under29_new_1033_FallingAlt_3_upward,086,FallingAlt_3_upward,upward,movement,joint_movement,0.001034126163391934,5.0,4835.0,paper_saved_solution_density,False
under29_new_1034_BalanceUnder_5_upward,040,BalanceUnder_5_upward,upward,movement,joint_movement,0.0013003901170351106,7.0,5383.0,paper_saved_solution_density,False
under29_new_1035_BalanceUnder_6_upward,042,BalanceUnder_6_upward,upward,movement,joint_movement,0.0014806588932074773,8.0,5403.0,paper_saved_solution_density,False
under29_new_1036_FallingAlt_2_downward,083,FallingAlt_2_downward,downward,movement,joint_movement,0.0019296740994854203,9.0,4664.0,paper_saved_solution_density,False
under29_new_1037_BalanceUnder_8_upward,046,BalanceUnder_8_upward,upward,movement,joint_movement,0.0020142830983336385,11.0,5461.0,paper_saved_solution_density,False
under29_new_1038_FallingAlt_4_upward,088,FallingAlt_4_upward,upward,movement,joint_movement,0.002068680182043856,10.0,4834.0,paper_saved_solution_density,False
under29_new_1039_FallingAlt_4_upward,088,FallingAlt_4_upward,upward,movement,joint_movement,0.002068680182043856,10.0,4834.0,paper_saved_solution_density,False
under29_new_1040_FallingAlt_6_downward,091,FallingAlt_6_downward,downward,movement,joint_movement,0.0033229085222830335,17.0,5116.0,paper_saved_solution_density,False
under29_new_1041_Prevention_3_downward,105,Prevention_3_downward,downward,movement,joint_movement,0.003933910306845004,10.0,2542.0,paper_saved_solution_density,False
under29_new_1042_FallingAlt_10_upward,100,FallingAlt_10_upward,upward,movement,joint_movement,0.004139433551198257,19.0,4590.0,paper_saved_solution_density,False
under29_new_1043_Prevention_3_downward,105,Prevention_3_downward,downward,movement,joint_movement,0.0051140833988985055,13.0,2542.0,paper_saved_solution_density,False
under29_new_1044_FallingAlt_5_upward,090,FallingAlt_5_upward,upward,movement,joint_movement,0.005225342913128674,24.0,4593.0,paper_saved_solution_density,False
under29_new_1045_BalanceUnder_7_upward,044,BalanceUnder_7_upward,upward,movement,joint_movement,0.005683971201212581,30.0,5278.0,paper_saved_solution_density,False
under29_new_1046_BalanceUnder_7_upward,044,BalanceUnder_7_upward,upward,movement,joint_movement,0.005683971201212581,30.0,5278.0,paper_saved_solution_density,False
under29_new_1047_Prevention_10_downward,115,Prevention_10_downward,downward,movement,joint_movement,0.006533700137551582,19.0,2908.0,paper_saved_solution_density,False
under29_new_1048_BalanceUnder_7_downward,043,BalanceUnder_7_downward,downward,movement,joint_movement,0.006631299734748011,35.0,5278.0,paper_saved_solution_density,False
under29_new_1049_FallingAlt_1_upward,082,FallingAlt_1_upward,upward,movement,joint_movement,0.006850781417255406,32.0,4671.0,paper_saved_solution_density,False
under29_new_1050_FallingAlt_1_upward,082,FallingAlt_1_upward,upward,movement,joint_movement,0.006850781417255406,32.0,4671.0,paper_saved_solution_density,False
under29_new_1051_BalanceUnder_2_upward,036,BalanceUnder_2_upward,upward,movement,joint_movement,0.007221664994984955,36.0,4985.0,paper_saved_solution_density,False
under29_new_1052_Prevention_7_upward,112,Prevention_7_upward,upward,movement,joint_movement,0.007344840249724568,20.0,2723.0,paper_saved_solution_density,False
under29_new_1053_FallingAlt_8_downward,095,FallingAlt_8_downward,downward,movement,joint_movement,0.007653619068445222,35.0,4573.0,paper_saved_solution_density,False
under29_new_1054_BalanceUnder_3_downward,037,BalanceUnder_3_downward,downward,movement,joint_movement,0.0076549663928304704,41.0,5356.0,paper_saved_solution_density,False
under29_new_1055_FallingAlt_10_downward,099,FallingAlt_10_downward,downward,movement,joint_movement,0.008061002178649237,37.0,4590.0,paper_saved_solution_density,False
under29_new_1056_BalanceUnder_10_upward,048,BalanceUnder_10_upward,upward,movement,joint_movement,0.008180686466299129,46.0,5623.0,paper_saved_solution_density,False
under29_new_1057_FallingAlt_4_upward,088,FallingAlt_4_upward,upward,movement,joint_movement,0.00848158874637981,41.0,4834.0,paper_saved_solution_density,False
under29_new_1058_FallingAlt_2_upward,084,FallingAlt_2_upward,upward,movement,joint_movement,0.008576329331046312,40.0,4664.0,paper_saved_solution_density,False
under29_new_1059_FallingAlt_7_upward,094,FallingAlt_7_upward,upward,movement,joint_movement,0.008714596949891068,40.0,4590.0,paper_saved_solution_density,False
under29_new_1060_Prevention_4_downward,107,Prevention_4_downward,downward,movement,joint_movement,0.009368494101318528,27.0,2882.0,paper_saved_solution_density,False
under29_new_1061_FallingAlt_4_downward,087,FallingAlt_4_downward,downward,movement,joint_movement,0.009515928837401738,46.0,4834.0,paper_saved_solution_density,False
under29_new_1062_BalanceUnder_10_upward,048,BalanceUnder_10_upward,upward,movement,joint_movement,0.009603414547394629,54.0,5623.0,paper_saved_solution_density,False
under29_new_1063_FallingAlt_4_downward,087,FallingAlt_4_downward,downward,movement,joint_movement,0.011170872983036822,54.0,4834.0,paper_saved_solution_density,False
under29_new_1064_Balance_2_upward,022,Balance_2_upward,upward,movement,joint_movement,0.011297611362169141,70.0,6196.0,paper_saved_solution_density,False
under29_new_1065_Prevention_7_downward,111,Prevention_7_downward,downward,movement,joint_movement,0.011384502387073081,31.0,2723.0,paper_saved_solution_density,False
under29_new_1066_Balance_7_upward,030,Balance_7_upward,upward,movement,joint_movement,0.011837455830388692,67.0,5660.0,paper_saved_solution_density,False
under29_new_1067_Prevention_5_upward,110,Prevention_5_upward,upward,movement,joint_movement,0.012066365007541479,32.0,2652.0,paper_saved_solution_density,False
under29_new_1068_Prevention_4_upward,108,Prevention_4_upward,upward,movement,joint_movement,0.012144344205412909,35.0,2882.0,paper_saved_solution_density,False
under29_new_1069_BalanceUnder_5_downward,039,BalanceUnder_5_downward,downward,movement,joint_movement,0.0124465911201932,67.0,5383.0,paper_saved_solution_density,False
under29_new_1070_Balance_2_downward,021,Balance_2_downward,downward,containment,final_inside_or_partially_inside,0.00016139444803098772,1.0,6196.0,paper_saved_solution_density,False
under29_new_1071_Balance_5_downward,027,Balance_5_downward,downward,containment,final_inside_or_partially_inside,0.00016914749661705008,1.0,5912.0,paper_saved_solution_density,False
under29_new_1072_Balance_7_downward,029,Balance_7_downward,downward,containment,final_inside_or_partially_inside,0.00017667844522968197,1.0,5660.0,paper_saved_solution_density,False
under29_new_1073_Balance_7_upward,030,Balance_7_upward,upward,containment,final_inside_or_partially_inside,0.00017667844522968197,1.0,5660.0,paper_saved_solution_density,False
under29_new_1074_BalanceUnder_10_downward,047,BalanceUnder_10_downward,downward,containment,final_inside_or_partially_inside,0.00017784101013693757,1.0,5623.0,paper_saved_solution_density,False
under29_new_1075_Balance_4_downward,025,Balance_4_downward,downward,containment,final_inside_or_partially_inside,0.00017979144192736425,1.0,5562.0,paper_saved_solution_density,False
under29_new_1076_BalanceUnder_8_upward,046,BalanceUnder_8_upward,upward,containment,final_inside_or_partially_inside,0.00018311664530305805,1.0,5461.0,paper_saved_solution_density,False
under29_new_1077_BalanceUnder_8_downward,045,BalanceUnder_8_downward,downward,containment,final_inside_or_partially_inside,0.00018311664530305805,1.0,5461.0,paper_saved_solution_density,False
under29_new_1078_BalanceUnder_8_downward,045,BalanceUnder_8_downward,downward,containment,final_inside_or_partially_inside,0.00018311664530305805,1.0,5461.0,paper_saved_solution_density,False
under29_new_1079_BalanceUnder_5_downward,039,BalanceUnder_5_downward,downward,containment,final_inside_or_partially_inside,0.0001857700167193015,1.0,5383.0,paper_saved_solution_density,False
under29_new_1080_BalanceUnder_5_downward,039,BalanceUnder_5_downward,downward,containment,final_inside_or_partially_inside,0.0001857700167193015,1.0,5383.0,paper_saved_solution_density,False
under29_new_1081_BalanceUnder_3_upward,038,BalanceUnder_3_upward,upward,containment,final_inside_or_partially_inside,0.00018670649738610905,1.0,5356.0,paper_saved_solution_density,False
under29_new_1082_BalanceUnder_3_downward,037,BalanceUnder_3_downward,downward,containment,final_inside_or_partially_inside,0.00018670649738610905,1.0,5356.0,paper_saved_solution_density,False
under29_new_1083_BalanceUnder_3_downward,037,BalanceUnder_3_downward,downward,containment,final_inside_or_partially_inside,0.00018670649738610905,1.0,5356.0,paper_saved_solution_density,False
under29_new_1084_BalanceUnder_7_upward,044,BalanceUnder_7_upward,upward,containment,final_inside_or_partially_inside,0.00018946570670708602,1.0,5278.0,paper_saved_solution_density,False
under29_new_1085_BalanceUnder_2_upward,036,BalanceUnder_2_upward,upward,containment,final_inside_or_partially_inside,0.00020060180541624874,1.0,4985.0,paper_saved_solution_density,False
under29_new_1086_BalanceUnder_2_downward,035,BalanceUnder_2_downward,downward,containment,final_inside_or_partially_inside,0.00020060180541624874,1.0,4985.0,paper_saved_solution_density,False
under29_new_1087_BalanceUnder_2_downward,035,BalanceUnder_2_downward,downward,containment,final_inside_or_partially_inside,0.00020060180541624874,1.0,4985.0,paper_saved_solution_density,False
under29_new_1088_FallingAlt_4_downward,087,FallingAlt_4_downward,downward,containment,final_inside_or_partially_inside,0.0002068680182043856,1.0,4834.0,paper_saved_solution_density,False
under29_new_1089_FallingAlt_4_downward,087,FallingAlt_4_downward,downward,containment,final_inside_or_partially_inside,0.0002068680182043856,1.0,4834.0,paper_saved_solution_density,False
under29_new_1090_FallingAlt_9_downward,097,FallingAlt_9_downward,downward,containment,final_inside_or_partially_inside,0.00021772262138036142,1.0,4593.0,paper_saved_solution_density,False
under29_new_1091_FallingAlt_9_upward,098,FallingAlt_9_upward,upward,containment,final_inside_or_partially_inside,0.00021772262138036142,1.0,4593.0,paper_saved_solution_density,False
under29_new_1092_FallingAlt_8_downward,095,FallingAlt_8_downward,downward,containment,final_inside_or_partially_inside,0.00021867483052700635,1.0,4573.0,paper_saved_solution_density,False
under29_new_1093_Balance_10_downward,033,Balance_10_downward,downward,containment,final_inside_or_partially_inside,0.0003181167488468268,2.0,6287.0,paper_saved_solution_density,False
under29_new_1094_Balance_2_upward,022,Balance_2_upward,upward,containment,final_inside_or_partially_inside,0.00032278889606197545,2.0,6196.0,paper_saved_solution_density,False
under29_new_1095_Balance_5_downward,027,Balance_5_downward,downward,containment,final_inside_or_partially_inside,0.00033829499323410016,2.0,5912.0,paper_saved_solution_density,False
under29_new_1096_Prevention_10_downward,115,Prevention_10_downward,downward,containment,final_inside_or_partially_inside,0.000343878954607978,1.0,2908.0,paper_saved_solution_density,False
under29_new_1097_Balance_7_downward,029,Balance_7_downward,downward,containment,final_inside_or_partially_inside,0.00035335689045936394,2.0,5660.0,paper_saved_solution_density,False
under29_new_1098_BalanceUnder_10_upward,048,BalanceUnder_10_upward,upward,containment,final_inside_or_partially_inside,0.00035568202027387515,2.0,5623.0,paper_saved_solution_density,False
under29_new_1099_BalanceUnder_8_upward,046,BalanceUnder_8_upward,upward,containment,final_inside_or_partially_inside,0.0003662332906061161,2.0,5461.0,paper_saved_solution_density,False
under29_new_1100_BalanceUnder_8_upward,046,BalanceUnder_8_upward,upward,containment,final_inside_or_partially_inside,0.0003662332906061161,2.0,5461.0,paper_saved_solution_density,False
under29_new_1101_BalanceUnder_8_downward,045,BalanceUnder_8_downward,downward,containment,final_inside_or_partially_inside,0.0003662332906061161,2.0,5461.0,paper_saved_solution_density,False
under29_new_1102_BalanceUnder_6_upward,042,BalanceUnder_6_upward,upward,containment,final_inside_or_partially_inside,0.00037016472330186933,2.0,5403.0,paper_saved_solution_density,False
under29_new_1103_BalanceUnder_7_downward,043,BalanceUnder_7_downward,downward,containment,final_inside_or_partially_inside,0.00037893141341417203,2.0,5278.0,paper_saved_solution_density,False
under29_new_1104_BalanceUnder_7_upward,044,BalanceUnder_7_upward,upward,containment,final_inside_or_partially_inside,0.00037893141341417203,2.0,5278.0,paper_saved_solution_density,False
under29_new_1105_FallingAlt_6_upward,092,FallingAlt_6_upward,upward,containment,final_inside_or_partially_inside,0.00039093041438623924,2.0,5116.0,paper_saved_solution_density,False
under29_new_1106_Prevention_3_upward,106,Prevention_3_upward,upward,containment,final_inside_or_partially_inside,0.0003933910306845004,1.0,2542.0,paper_saved_solution_density,False
under29_new_1107_FallingAlt_3_upward,086,FallingAlt_3_upward,upward,containment,final_inside_or_partially_inside,0.0004136504653567735,2.0,4835.0,paper_saved_solution_density,False
under29_new_1108_FallingAlt_1_downward,081,FallingAlt_1_downward,downward,containment,final_inside_or_partially_inside,0.00042817383857846286,2.0,4671.0,paper_saved_solution_density,False
under29_new_1109_FallingAlt_1_downward,081,FallingAlt_1_downward,downward,containment,final_inside_or_partially_inside,0.00042817383857846286,2.0,4671.0,paper_saved_solution_density,False
under29_new_1110_Balance_10_downward,033,Balance_10_downward,downward,containment,final_inside_or_partially_inside,0.0004771751232702402,3.0,6287.0,paper_saved_solution_density,False
under29_new_1111_Balance_2_upward,022,Balance_2_upward,upward,containment,final_inside_or_partially_inside,0.0004841833440929632,3.0,6196.0,paper_saved_solution_density,False
under29_new_1112_BalanceUnder_10_downward,047,BalanceUnder_10_downward,downward,containment,final_inside_or_partially_inside,0.0005335230304108127,3.0,5623.0,paper_saved_solution_density,False
under29_new_1113_BalanceUnder_10_downward,047,BalanceUnder_10_downward,downward,containment,final_inside_or_partially_inside,0.0005335230304108127,3.0,5623.0,paper_saved_solution_density,False
under29_new_1114_BalanceUnder_8_upward,046,BalanceUnder_8_upward,upward,containment,final_inside_or_partially_inside,0.0005493499359091741,3.0,5461.0,paper_saved_solution_density,False
under29_new_1115_BalanceUnder_3_downward,037,BalanceUnder_3_downward,downward,containment,final_inside_or_partially_inside,0.0005601194921583271,3.0,5356.0,paper_saved_solution_density,False
under29_new_1116_BalanceUnder_2_downward,035,BalanceUnder_2_downward,downward,containment,final_inside_or_partially_inside,0.0006018054162487463,3.0,4985.0,paper_saved_solution_density,False
under29_new_1117_Balance_10_upward,034,Balance_10_upward,upward,containment,final_inside_or_partially_inside,0.0006362334976936536,4.0,6287.0,paper_saved_solution_density,False
under29_new_1118_Balance_10_downward,033,Balance_10_downward,downward,containment,final_inside_or_partially_inside,0.0006362334976936536,4.0,6287.0,paper_saved_solution_density,False
under29_new_1119_FallingAlt_2_upward,084,FallingAlt_2_upward,upward,containment,final_inside_or_partially_inside,0.0006432246998284735,3.0,4664.0,paper_saved_solution_density,False
under29_new_1120_FallingAlt_9_downward,097,FallingAlt_9_downward,downward,containment,final_inside_or_partially_inside,0.0006531678641410843,3.0,4593.0,paper_saved_solution_density,False
under29_new_1121_FallingAlt_7_downward,093,FallingAlt_7_downward,downward,containment,final_inside_or_partially_inside,0.00065359477124183,3.0,4590.0,paper_saved_solution_density,False
under29_new_1122_BalanceUnder_10_downward,047,BalanceUnder_10_downward,downward,containment,final_inside_or_partially_inside,0.0007113640405477503,4.0,5623.0,paper_saved_solution_density,False
under29_new_1123_Balance_3_upward,024,Balance_3_upward,upward,containment,final_inside_or_partially_inside,0.0007127583749109052,4.0,5612.0,paper_saved_solution_density,False
under29_new_1124_BalanceUnder_8_downward,045,BalanceUnder_8_downward,downward,containment,final_inside_or_partially_inside,0.0007324665812122322,4.0,5461.0,paper_saved_solution_density,False
under29_new_1125_BalanceUnder_6_downward,041,BalanceUnder_6_downward,downward,containment,final_inside_or_partially_inside,0.0007403294466037387,4.0,5403.0,paper_saved_solution_density,False
under29_new_1126_BalanceUnder_3_upward,038,BalanceUnder_3_upward,upward,containment,final_inside_or_partially_inside,0.0007468259895444362,4.0,5356.0,paper_saved_solution_density,False
under29_new_1127_Prevention_5_downward,109,Prevention_5_downward,downward,containment,final_inside_or_partially_inside,0.0007541478129713424,2.0,2652.0,paper_saved_solution_density,False
under29_new_1128_BalanceUnder_7_downward,043,BalanceUnder_7_downward,downward,containment,final_inside_or_partially_inside,0.0007578628268283441,4.0,5278.0,paper_saved_solution_density,False
under29_new_1129_BalanceUnder_7_upward,044,BalanceUnder_7_upward,upward,containment,final_inside_or_partially_inside,0.0007578628268283441,4.0,5278.0,paper_saved_solution_density,False
under29_new_1130_BalanceUnder_2_upward,036,BalanceUnder_2_upward,upward,containment,final_inside_or_partially_inside,0.0008024072216649949,4.0,4985.0,paper_saved_solution_density,False
under29_new_1131_FallingAlt_10_downward,099,FallingAlt_10_downward,downward,containment,final_inside_or_partially_inside,0.0008714596949891067,4.0,4590.0,paper_saved_solution_density,False
under29_new_1132_FallingAlt_7_downward,093,FallingAlt_7_downward,downward,containment,final_inside_or_partially_inside,0.0008714596949891067,4.0,4590.0,paper_saved_solution_density,False
under29_new_1133_FallingAlt_8_downward,095,FallingAlt_8_downward,downward,containment,final_inside_or_partially_inside,0.0008746993221080254,4.0,4573.0,paper_saved_solution_density,False
under29_new_1134_Balance_4_upward,026,Balance_4_upward,upward,containment,final_inside_or_partially_inside,0.0008989572096368213,5.0,5562.0,paper_saved_solution_density,False
under29_new_1135_BalanceUnder_7_downward,043,BalanceUnder_7_downward,downward,containment,final_inside_or_partially_inside,0.0009473285335354301,5.0,5278.0,paper_saved_solution_density,False
under29_new_1136_FallingAlt_4_downward,087,FallingAlt_4_downward,downward,containment,final_inside_or_partially_inside,0.001034340091021928,5.0,4834.0,paper_saved_solution_density,False
under29_new_1137_BalanceUnder_10_downward,047,BalanceUnder_10_downward,downward,containment,final_inside_or_partially_inside,0.0010670460608216254,6.0,5623.0,paper_saved_solution_density,False
under29_new_1138_BalanceUnder_10_upward,048,BalanceUnder_10_upward,upward,containment,final_inside_or_partially_inside,0.0010670460608216254,6.0,5623.0,paper_saved_solution_density,False
under29_new_1139_BalanceUnder_10_downward,047,BalanceUnder_10_downward,downward,containment,final_inside_or_partially_inside,0.0010670460608216254,6.0,5623.0,paper_saved_solution_density,False
under29_new_1140_Balance_3_upward,024,Balance_3_upward,upward,containment,final_inside_or_partially_inside,0.0010691375623663579,6.0,5612.0,paper_saved_solution_density,False
under29_new_1141_Prevention_1_downward,101,Prevention_1_downward,downward,containment,final_inside_or_partially_inside,0.0010877447425670776,3.0,2758.0,paper_saved_solution_density,False
under29_new_1142_FallingAlt_9_downward,097,FallingAlt_9_downward,downward,containment,final_inside_or_partially_inside,0.001088613106901807,5.0,4593.0,paper_saved_solution_density,False
under29_new_1143_Prevention_5_upward,110,Prevention_5_upward,upward,containment,final_inside_or_partially_inside,0.0011312217194570137,3.0,2652.0,paper_saved_solution_density,False
under29_new_1144_BalanceUnder_7_downward,043,BalanceUnder_7_downward,downward,containment,final_inside_or_partially_inside,0.0011367942402425162,6.0,5278.0,paper_saved_solution_density,False
under29_new_1145_Prevention_3_downward,105,Prevention_3_downward,downward,containment,final_inside_or_partially_inside,0.0011801730920535012,3.0,2542.0,paper_saved_solution_density,False
under29_new_1146_BalanceUnder_2_downward,035,BalanceUnder_2_downward,downward,containment,final_inside_or_partially_inside,0.0012036108324974925,6.0,4985.0,paper_saved_solution_density,False
under29_new_1147_BalanceUnder_3_downward,037,BalanceUnder_3_downward,downward,containment,final_inside_or_partially_inside,0.0013069454817027633,7.0,5356.0,paper_saved_solution_density,False
under29_new_1148_FallingAlt_8_upward,096,FallingAlt_8_upward,upward,containment,final_inside_or_partially_inside,0.001312048983162038,6.0,4573.0,paper_saved_solution_density,False
under29_new_1149_BalanceUnder_7_upward,044,BalanceUnder_7_upward,upward,containment,final_inside_or_partially_inside,0.001326259946949602,7.0,5278.0,paper_saved_solution_density,False
under29_new_1150_BalanceUnder_6_upward,042,BalanceUnder_6_upward,upward,containment,final_inside_or_partially_inside,0.0014806588932074773,8.0,5403.0,paper_saved_solution_density,False
under29_new_1151_FallingAlt_10_downward,099,FallingAlt_10_downward,downward,containment,final_inside_or_partially_inside,0.0015250544662309367,7.0,4590.0,paper_saved_solution_density,False
under29_new_1152_BalanceUnder_5_downward,039,BalanceUnder_5_downward,downward,containment,final_inside_or_partially_inside,0.0016719301504737136,9.0,5383.0,paper_saved_solution_density,False
under29_new_1153_Balance_7_downward,029,Balance_7_downward,downward,containment,final_inside_or_partially_inside,0.0017667844522968198,10.0,5660.0,paper_saved_solution_density,False
under29_new_1154_BalanceUnder_10_upward,048,BalanceUnder_10_upward,upward,containment,final_inside_or_partially_inside,0.0017784101013693758,10.0,5623.0,paper_saved_solution_density,False
under29_new_1155_FallingAlt_4_upward,088,FallingAlt_4_upward,upward,containment,final_inside_or_partially_inside,0.0018618121638394704,9.0,4834.0,paper_saved_solution_density,False
under29_new_1156_BalanceUnder_8_upward,046,BalanceUnder_8_upward,upward,containment,final_inside_or_partially_inside,0.0020142830983336385,11.0,5461.0,paper_saved_solution_density,False
under29_new_1157_BalanceUnder_6_upward,042,BalanceUnder_6_upward,upward,containment,final_inside_or_partially_inside,0.0020359059781602813,11.0,5403.0,paper_saved_solution_density,False
under29_new_1158_BalanceUnder_7_upward,044,BalanceUnder_7_upward,upward,containment,final_inside_or_partially_inside,0.002084122773777946,11.0,5278.0,paper_saved_solution_density,False
under29_new_1159_FallingAlt_7_upward,094,FallingAlt_7_upward,upward,containment,final_inside_or_partially_inside,0.002178649237472767,10.0,4590.0,paper_saved_solution_density,False
under29_new_1160_BalanceUnder_6_upward,042,BalanceUnder_6_upward,upward,containment,final_inside_or_partially_inside,0.002220988339811216,12.0,5403.0,paper_saved_solution_density,False
under29_new_1161_BalanceUnder_5_downward,039,BalanceUnder_5_downward,downward,containment,final_inside_or_partially_inside,0.002229240200631618,12.0,5383.0,paper_saved_solution_density,False
under29_new_1162_Balance_7_downward,029,Balance_7_downward,downward,containment,final_inside_or_partially_inside,0.0022968197879858657,13.0,5660.0,paper_saved_solution_density,False
under29_new_1163_Balance_3_upward,024,Balance_3_upward,upward,containment,final_inside_or_partially_inside,0.002316464718460442,13.0,5612.0,paper_saved_solution_density,False
under29_new_1164_FallingAlt_6_downward,091,FallingAlt_6_downward,downward,containment,final_inside_or_partially_inside,0.0023455824863174357,12.0,5116.0,paper_saved_solution_density,False
under29_new_1165_BalanceUnder_7_upward,044,BalanceUnder_7_upward,upward,containment,final_inside_or_partially_inside,0.0024630541871921183,13.0,5278.0,paper_saved_solution_density,False
under29_new_1166_FallingAlt_2_downward,083,FallingAlt_2_downward,downward,containment,final_inside_or_partially_inside,0.002572898799313894,12.0,4664.0,paper_saved_solution_density,False
under29_new_1167_BalanceUnder_3_upward,038,BalanceUnder_3_upward,upward,containment,final_inside_or_partially_inside,0.0026138909634055266,14.0,5356.0,paper_saved_solution_density,False
under29_new_1168_BalanceUnder_5_downward,039,BalanceUnder_5_downward,downward,containment,final_inside_or_partially_inside,0.0027865502507895224,15.0,5383.0,paper_saved_solution_density,False
under29_new_1169_FallingAlt_10_downward,099,FallingAlt_10_downward,downward,containment,final_inside_or_partially_inside,0.002832244008714597,13.0,4590.0,paper_saved_solution_density,False
under29_new_1170_BalanceUnder_7_upward,044,BalanceUnder_7_upward,upward,containment,final_inside_or_partially_inside,0.0028419856006062904,15.0,5278.0,paper_saved_solution_density,False
under29_new_1171_FallingAlt_8_upward,096,FallingAlt_8_upward,upward,containment,final_inside_or_partially_inside,0.0028427727968510824,13.0,4573.0,paper_saved_solution_density,False
under29_new_1172_BalanceUnder_8_downward,045,BalanceUnder_8_downward,downward,containment,final_inside_or_partially_inside,0.0029298663248489287,16.0,5461.0,paper_saved_solution_density,False
under29_new_1173_BalanceUnder_6_downward,041,BalanceUnder_6_downward,downward,containment,final_inside_or_partially_inside,0.0029613177864149546,16.0,5403.0,paper_saved_solution_density,False
under29_new_1174_FallingAlt_10_downward,099,FallingAlt_10_downward,downward,containment,final_inside_or_partially_inside,0.0032679738562091504,15.0,4590.0,paper_saved_solution_density,False
under29_new_1175_Prevention_5_downward,109,Prevention_5_downward,downward,containment,final_inside_or_partially_inside,0.003393665158371041,9.0,2652.0,paper_saved_solution_density,False
under29_new_1176_Balance_2_downward,021,Balance_2_downward,downward,containment,final_inside_or_partially_inside,0.0035506778566817302,22.0,6196.0,paper_saved_solution_density,False
under29_new_1177_BalanceUnder_5_upward,040,BalanceUnder_5_upward,upward,containment,final_inside_or_partially_inside,0.00371540033438603,20.0,5383.0,paper_saved_solution_density,False
under29_new_1178_Balance_3_upward,024,Balance_3_upward,upward,containment,final_inside_or_partially_inside,0.004098360655737705,23.0,5612.0,paper_saved_solution_density,False
under29_new_1179_Prevention_5_upward,110,Prevention_5_upward,upward,containment,final_inside_or_partially_inside,0.004147812971342383,11.0,2652.0,paper_saved_solution_density,False
under29_new_1180_BalanceUnder_7_downward,043,BalanceUnder_7_downward,downward,containment,final_inside_or_partially_inside,0.004168245547555892,22.0,5278.0,paper_saved_solution_density,False
under29_new_1181_BalanceUnder_5_downward,039,BalanceUnder_5_downward,downward,containment,final_inside_or_partially_inside,0.004830020434701839,26.0,5383.0,paper_saved_solution_density,False
under29_new_1182_Balance_2_downward,021,Balance_2_downward,downward,containment,final_inside_or_partially_inside,0.005003227888960619,31.0,6196.0,paper_saved_solution_density,False
under29_new_1183_Balance_2_downward,021,Balance_2_downward,downward,containment,final_inside_or_partially_inside,0.005003227888960619,31.0,6196.0,paper_saved_solution_density,False
under29_new_1184_FallingAlt_9_downward,097,FallingAlt_9_downward,downward,containment,final_inside_or_partially_inside,0.005007620291748313,23.0,4593.0,paper_saved_solution_density,False
under29_new_1185_BalanceUnder_3_downward,037,BalanceUnder_3_downward,downward,containment,final_inside_or_partially_inside,0.005041075429424944,27.0,5356.0,paper_saved_solution_density,False
under29_new_1186_BalanceUnder_2_downward,035,BalanceUnder_2_downward,downward,containment,final_inside_or_partially_inside,0.005215646940822468,26.0,4985.0,paper_saved_solution_density,False
under29_new_1187_FallingAlt_6_downward,091,FallingAlt_6_downward,downward,containment,final_inside_or_partially_inside,0.00527756059421423,27.0,5116.0,paper_saved_solution_density,False
under29_new_1188_Prevention_5_upward,110,Prevention_5_upward,upward,containment,final_inside_or_partially_inside,0.005279034690799397,14.0,2652.0,paper_saved_solution_density,False
under29_new_1189_FallingAlt_5_downward,089,FallingAlt_5_downward,downward,containment,final_inside_or_partially_inside,0.0054430655345090355,25.0,4593.0,paper_saved_solution_density,False
under29_new_1190_FallingAlt_8_downward,095,FallingAlt_8_downward,downward,containment,final_inside_or_partially_inside,0.005466870763175159,25.0,4573.0,paper_saved_solution_density,False
under29_new_1191_Balance_7_upward,030,Balance_7_upward,upward,containment,final_inside_or_partially_inside,0.005477031802120141,31.0,5660.0,paper_saved_solution_density,False
under29_new_1192_Prevention_3_downward,105,Prevention_3_downward,downward,containment,final_inside_or_partially_inside,0.0055074744295830055,14.0,2542.0,paper_saved_solution_density,False
under29_new_1193_BalanceUnder_6_downward,041,BalanceUnder_6_downward,downward,containment,final_inside_or_partially_inside,0.00555247084952804,30.0,5403.0,paper_saved_solution_density,False
under29_new_1194_Prevention_3_upward,106,Prevention_3_upward,upward,containment,final_inside_or_partially_inside,0.005900865460267506,15.0,2542.0,paper_saved_solution_density,False
under29_new_1195_BalanceUnder_5_upward,040,BalanceUnder_5_upward,upward,containment,final_inside_or_partially_inside,0.005944640535017648,32.0,5383.0,paper_saved_solution_density,False
under29_new_1196_FallingAlt_2_downward,083,FallingAlt_2_downward,downward,containment,final_inside_or_partially_inside,0.006217838765008576,29.0,4664.0,paper_saved_solution_density,False
under29_new_1197_BalanceUnder_6_downward,041,BalanceUnder_6_downward,downward,containment,final_inside_or_partially_inside,0.006292800296131778,34.0,5403.0,paper_saved_solution_density,False
under29_new_1198_FallingAlt_6_downward,091,FallingAlt_6_downward,downward,containment,final_inside_or_partially_inside,0.006450351837372948,33.0,5116.0,paper_saved_solution_density,False
under29_new_1199_FallingAlt_7_downward,093,FallingAlt_7_downward,downward,containment,final_inside_or_partially_inside,0.006535947712418301,30.0,4590.0,paper_saved_solution_density,False
under29_new_1200_BalanceUnder_10_upward,048,BalanceUnder_10_upward,upward,containment,transient_enter_container,0.00035568202027387515,2.0,5623.0,paper_saved_solution_density,False
under29_new_1201_BalanceUnder_3_upward,038,BalanceUnder_3_upward,upward,containment,transient_enter_container,0.0005601194921583271,3.0,5356.0,paper_saved_solution_density,False
under29_new_1202_BalanceUnder_3_downward,037,BalanceUnder_3_downward,downward,containment,transient_enter_container,0.0011202389843166542,6.0,5356.0,paper_saved_solution_density,False
under29_new_1203_Balance_10_downward,033,Balance_10_downward,downward,containment,transient_enter_container,0.005248926355972642,33.0,6287.0,paper_saved_solution_density,False
under29_new_1204_Remove_7_upward,126,Remove_7_upward,upward,containment,transient_enter_container,0.0003582303421099767,2.0,5583.0,paper_saved_solution_density,False
under29_new_1205_Remove_6_upward,124,Remove_6_upward,upward,containment,transient_enter_container,0.004830917874396135,27.0,5589.0,paper_saved_solution_density,False
under29_new_1206_Remove_7_downward,125,Remove_7_downward,downward,containment,transient_enter_container,0.04262941071108723,238.0,5583.0,paper_saved_solution_density,False
under29_new_1207_Falling_6_downward,071,Falling_6_downward,downward,containment,transient_enter_container,0.00030070666065253347,2.0,6651.0,paper_saved_solution_density,False
under29_new_1208_Remove_7_downward,125,Remove_7_downward,downward,containment,transient_enter_container,0.0003582303421099767,2.0,5583.0,paper_saved_solution_density,False
under29_new_1209_Basic_10_downward,061,Basic_10_downward,downward,containment,transient_enter_container,0.00036101083032490973,2.0,5540.0,paper_saved_solution_density,False
under29_new_1210_BackUp_8_downward,013,BackUp_8_downward,downward,containment,transient_enter_container,0.003041459900752361,19.0,6247.0,paper_saved_solution_density,False
under29_new_1211_BackUp_9_downward,015,BackUp_9_downward,downward,containment,transient_enter_container,0.003406902681084284,23.0,6751.0,paper_saved_solution_density,False
under29_new_1212_Basic_8_downward,057,Basic_8_downward,downward,containment,transient_enter_container,0.0039289055191768,21.0,5345.0,paper_saved_solution_density,False
under29_new_1213_Basic_7_downward,055,Basic_7_downward,downward,containment,transient_enter_container,0.0042904814873669156,27.0,6293.0,paper_saved_solution_density,False
under29_new_1214_Remove_6_downward,123,Remove_6_downward,downward,containment,transient_enter_container,0.0042941492216854536,24.0,5589.0,paper_saved_solution_density,False
under29_new_1215_Basic_2_downward,051,Basic_2_downward,downward,containment,transient_enter_container,0.007712082262210797,45.0,5835.0,paper_saved_solution_density,False
under29_new_1216_Basic_9_upward,060,Basic_9_upward,upward,containment,transient_enter_container,0.007927300850734726,41.0,5172.0,paper_saved_solution_density,False
under29_new_1217_Basic_1_downward,049,Basic_1_downward,downward,containment,transient_enter_container,0.008269823252797147,51.0,6167.0,paper_saved_solution_density,False
under29_new_1218_Basic_2_upward,052,Basic_2_upward,upward,containment,transient_enter_container,0.009425878320479864,55.0,5835.0,paper_saved_solution_density,False
under29_new_1219_Basic_9_downward,059,Basic_9_downward,downward,containment,transient_enter_container,0.12006960556844548,621.0,5172.0,paper_saved_solution_density,False
under29_new_1220_FallingAlt_4_upward,088,FallingAlt_4_upward,upward,containment,final_inside_or_partially_inside,0.006619776582540339,32.0,4834.0,paper_saved_solution_density,False
under29_new_1221_BalanceUnder_6_downward,041,BalanceUnder_6_downward,downward,containment,final_inside_or_partially_inside,0.006848047381084583,37.0,5403.0,paper_saved_solution_density,False
under29_new_1222_FallingAlt_4_downward,087,FallingAlt_4_downward,downward,containment,final_inside_or_partially_inside,0.00703351261894911,34.0,4834.0,paper_saved_solution_density,False
under29_new_1223_BalanceUnder_7_downward,043,BalanceUnder_7_downward,downward,containment,final_inside_or_partially_inside,0.007389162561576354,39.0,5278.0,paper_saved_solution_density,False
under29_new_1224_BalanceUnder_7_downward,043,BalanceUnder_7_downward,downward,containment,final_inside_or_partially_inside,0.007578628268283441,40.0,5278.0,paper_saved_solution_density,False
under29_new_1225_BalanceUnder_2_downward,035,BalanceUnder_2_downward,downward,containment,final_inside_or_partially_inside,0.008826479438314945,44.0,4985.0,paper_saved_solution_density,False
under29_new_1226_Balance_7_upward,030,Balance_7_upward,upward,containment,final_inside_or_partially_inside,0.0088339222614841,50.0,5660.0,paper_saved_solution_density,False
under29_new_1227_BalanceUnder_10_downward,047,BalanceUnder_10_downward,downward,containment,final_inside_or_partially_inside,0.008892050506846879,50.0,5623.0,paper_saved_solution_density,False
under29_new_1228_BalanceUnder_7_upward,044,BalanceUnder_7_upward,upward,containment,final_inside_or_partially_inside,0.008904888215233043,47.0,5278.0,paper_saved_solution_density,False
under29_new_1229_FallingAlt_10_downward,099,FallingAlt_10_downward,downward,containment,final_inside_or_partially_inside,0.009586056644880174,44.0,4590.0,paper_saved_solution_density,False
under29_new_1230_BalanceUnder_6_upward,042,BalanceUnder_6_upward,upward,containment,final_inside_or_partially_inside,0.009624282805848603,52.0,5403.0,paper_saved_solution_density,False
under29_new_1231_FallingAlt_6_downward,091,FallingAlt_6_downward,downward,containment,final_inside_or_partially_inside,0.009773260359655981,50.0,5116.0,paper_saved_solution_density,False
under29_new_1232_BalanceUnder_7_downward,043,BalanceUnder_7_downward,downward,containment,final_inside_or_partially_inside,0.009852216748768473,52.0,5278.0,paper_saved_solution_density,False
under29_new_1233_Balance_10_downward,033,Balance_10_downward,downward,containment,final_inside_or_partially_inside,0.010179735963098457,64.0,6287.0,paper_saved_solution_density,False
under29_new_1234_FallingAlt_8_downward,095,FallingAlt_8_downward,downward,containment,final_inside_or_partially_inside,0.010496391865296304,48.0,4573.0,paper_saved_solution_density,False
under29_new_1235_FallingAlt_8_downward,095,FallingAlt_8_downward,downward,containment,final_inside_or_partially_inside,0.010496391865296304,48.0,4573.0,paper_saved_solution_density,False
under29_new_1236_BalanceUnder_5_upward,040,BalanceUnder_5_upward,upward,containment,final_inside_or_partially_inside,0.010588890953000186,57.0,5383.0,paper_saved_solution_density,False
under29_new_1237_BalanceUnder_6_downward,041,BalanceUnder_6_downward,downward,containment,final_inside_or_partially_inside,0.01073477697575421,58.0,5403.0,paper_saved_solution_density,False
under29_new_1238_Balance_7_downward,029,Balance_7_downward,downward,containment,final_inside_or_partially_inside,0.0107773851590106,61.0,5660.0,paper_saved_solution_density,False
under29_new_1239_FallingAlt_4_downward,087,FallingAlt_4_downward,downward,containment,final_inside_or_partially_inside,0.010964004964832437,53.0,4834.0,paper_saved_solution_density,False
under29_new_1240_FallingAlt_6_upward,092,FallingAlt_6_upward,upward,containment,final_inside_or_partially_inside,0.011727912431587178,60.0,5116.0,paper_saved_solution_density,False
under29_new_1241_Prevention_3_downward,105,Prevention_3_downward,downward,containment,final_inside_or_partially_inside,0.012981904012588513,33.0,2542.0,paper_saved_solution_density,False
under29_new_1242_BalanceUnder_5_downward,039,BalanceUnder_5_downward,downward,containment,final_inside_or_partially_inside,0.01356121122050901,73.0,5383.0,paper_saved_solution_density,False
under29_new_1243_FallingAlt_2_upward,084,FallingAlt_2_upward,upward,containment,final_inside_or_partially_inside,0.014150943396226415,66.0,4664.0,paper_saved_solution_density,False
under29_new_1244_BalanceUnder_6_downward,041,BalanceUnder_6_downward,downward,containment,final_inside_or_partially_inside,0.016842494910235054,91.0,5403.0,paper_saved_solution_density,False
under29_new_1245_BalanceUnder_5_downward,039,BalanceUnder_5_downward,downward,containment,final_inside_or_partially_inside,0.01709084153817574,92.0,5383.0,paper_saved_solution_density,False
under29_new_1246_FallingAlt_8_downward,095,FallingAlt_8_downward,downward,containment,final_inside_or_partially_inside,0.017712661272687513,81.0,4573.0,paper_saved_solution_density,False
under29_new_1247_BalanceUnder_10_upward,048,BalanceUnder_10_upward,upward,containment,final_inside_or_partially_inside,0.019206829094789258,108.0,5623.0,paper_saved_solution_density,False
under29_new_1248_FallingAlt_2_downward,083,FallingAlt_2_downward,downward,containment,final_inside_or_partially_inside,0.019296740994854202,90.0,4664.0,paper_saved_solution_density,False
under29_new_1249_FallingAlt_9_downward,097,FallingAlt_9_downward,downward,containment,final_inside_or_partially_inside,0.020465926409753973,94.0,4593.0,paper_saved_solution_density,False
under29_new_1250_BalanceUnder_5_upward,040,BalanceUnder_5_upward,upward,containment,final_inside_or_partially_inside,0.020620471855842468,111.0,5383.0,paper_saved_solution_density,False
under29_new_1251_FallingAlt_7_downward,093,FallingAlt_7_downward,downward,containment,final_inside_or_partially_inside,0.02113289760348584,97.0,4590.0,paper_saved_solution_density,False
under29_new_1252_FallingAlt_8_upward,096,FallingAlt_8_upward,upward,containment,final_inside_or_partially_inside,0.021867483052700636,100.0,4573.0,paper_saved_solution_density,False
under29_new_1253_Prevention_3_downward,105,Prevention_3_downward,downward,containment,final_inside_or_partially_inside,0.022029897718332022,56.0,2542.0,paper_saved_solution_density,False
under29_new_1254_Balance_7_upward,030,Balance_7_upward,upward,containment,final_inside_or_partially_inside,0.02561837455830389,145.0,5660.0,paper_saved_solution_density,False
under29_new_1255_FallingAlt_6_upward,092,FallingAlt_6_upward,upward,containment,final_inside_or_partially_inside,0.02580140734949179,132.0,5116.0,paper_saved_solution_density,False
under29_new_1256_Balance_10_upward,034,Balance_10_upward,upward,containment,final_inside_or_partially_inside,0.029425799268331478,185.0,6287.0,paper_saved_solution_density,False
under29_new_1257_Balance_10_upward,034,Balance_10_upward,upward,containment,final_inside_or_partially_inside,0.03006203276602513,189.0,6287.0,paper_saved_solution_density,False
under29_new_1258_BalanceUnder_5_downward,039,BalanceUnder_5_downward,downward,containment,final_inside_or_partially_inside,0.03065205275868475,165.0,5383.0,paper_saved_solution_density,False
under29_new_1259_Balance_10_downward,033,Balance_10_downward,downward,containment,final_inside_or_partially_inside,0.03260696675679974,205.0,6287.0,paper_saved_solution_density,False
under29_new_1260_Balance_2_upward,022,Balance_2_upward,upward,containment,final_inside_or_partially_inside,0.03308586184635248,205.0,6196.0,paper_saved_solution_density,False
under29_new_1261_Balance_2_upward,022,Balance_2_upward,upward,containment,final_inside_or_partially_inside,0.03486120077469335,216.0,6196.0,paper_saved_solution_density,False
under29_new_1262_FallingAlt_10_upward,100,FallingAlt_10_upward,upward,containment,final_inside_or_partially_inside,0.03638344226579521,167.0,4590.0,paper_saved_solution_density,False
under29_new_1263_FallingAlt_9_upward,098,FallingAlt_9_upward,upward,containment,final_inside_or_partially_inside,0.045504027868495535,209.0,4593.0,paper_saved_solution_density,False
under29_new_1264_BalanceUnder_2_downward,035,BalanceUnder_2_downward,downward,containment,final_inside_or_partially_inside,0.04674022066198596,233.0,4985.0,paper_saved_solution_density,False
under29_new_1265_Balance_2_downward,021,Balance_2_downward,downward,containment,final_inside_or_partially_inside,0.04857972885732731,301.0,6196.0,paper_saved_solution_density,False
under29_new_1266_FallingAlt_8_downward,095,FallingAlt_8_downward,downward,containment,final_inside_or_partially_inside,0.050513885851738466,231.0,4573.0,paper_saved_solution_density,False
under29_new_1267_Balance_10_downward,033,Balance_10_downward,downward,containment,final_inside_or_partially_inside,0.05535231429934786,348.0,6287.0,paper_saved_solution_density,False
under29_new_1268_FallingAlt_10_upward,100,FallingAlt_10_upward,upward,containment,final_inside_or_partially_inside,0.05599128540305011,257.0,4590.0,paper_saved_solution_density,False
under29_new_1269_Balance_10_downward,033,Balance_10_downward,downward,containment,final_inside_or_partially_inside,0.05646572292031175,355.0,6287.0,paper_saved_solution_density,False
under29_new_1270_BalanceUnder_6_downward,041,BalanceUnder_6_downward,downward,containment,final_inside_or_partially_inside,0.05756061447344068,311.0,5403.0,paper_saved_solution_density,False
under29_new_1271_BalanceUnder_5_downward,039,BalanceUnder_5_downward,downward,containment,final_inside_or_partially_inside,0.060932565483930896,328.0,5383.0,paper_saved_solution_density,False
under29_new_1272_Balance_2_downward,021,Balance_2_downward,downward,containment,final_inside_or_partially_inside,0.06262104583602324,388.0,6196.0,paper_saved_solution_density,False
under29_new_1273_FallingAlt_2_downward,083,FallingAlt_2_downward,downward,containment,final_inside_or_partially_inside,0.06496569468267581,303.0,4664.0,paper_saved_solution_density,False
under29_new_1274_FallingAlt_9_downward,097,FallingAlt_9_downward,downward,containment,final_inside_or_partially_inside,0.07271935554104071,334.0,4593.0,paper_saved_solution_density,False
under29_new_1275_Balance_4_downward,025,Balance_4_downward,downward,containment,final_inside_or_partially_inside,0.07982740021574973,444.0,5562.0,paper_saved_solution_density,False
under29_new_1276_FallingAlt_2_upward,084,FallingAlt_2_upward,upward,containment,final_inside_or_partially_inside,0.08083190394511149,377.0,4664.0,paper_saved_solution_density,False
under29_new_1277_Balance_10_downward,033,Balance_10_downward,downward,containment,final_inside_or_partially_inside,0.08382376332113886,527.0,6287.0,paper_saved_solution_density,False
under29_new_1278_FallingAlt_2_downward,083,FallingAlt_2_downward,downward,containment,final_inside_or_partially_inside,0.10184391080617496,475.0,4664.0,paper_saved_solution_density,False
under29_new_1279_Prevention_1_downward,101,Prevention_1_downward,downward,containment,final_inside_or_partially_inside,0.10551124002900653,291.0,2758.0,paper_saved_solution_density,False
under29_new_1280_FallingAlt_9_downward,097,FallingAlt_9_downward,downward,containment,final_inside_or_partially_inside,0.11691704768125408,537.0,4593.0,paper_saved_solution_density,False
under29_new_1281_BalanceUnder_2_downward,035,BalanceUnder_2_downward,downward,containment,final_inside_or_partially_inside,0.12437311935807423,620.0,4985.0,paper_saved_solution_density,False
under29_new_1282_BalanceUnder_5_downward,039,BalanceUnder_5_downward,downward,containment,final_inside_or_partially_inside,0.15233141370982722,820.0,5383.0,paper_saved_solution_density,False
under29_new_1283_FallingAlt_6_downward,091,FallingAlt_6_downward,downward,containment,final_inside_or_partially_inside,0.1772869429241595,907.0,5116.0,paper_saved_solution_density,False
under29_new_1284_Balance_2_downward,021,Balance_2_downward,downward,containment,final_inside_or_partially_inside,0.27937378954163977,1731.0,6196.0,paper_saved_solution_density,False
under29_new_1285_BalanceUnder_10_downward,047,BalanceUnder_10_downward,downward,containment,final_inside_or_partially_inside,0.00017784101013693757,1.0,5623.0,paper_saved_solution_density,False
under29_new_1286_BalanceUnder_10_downward,047,BalanceUnder_10_downward,downward,containment,final_inside_or_partially_inside,0.00017784101013693757,1.0,5623.0,paper_saved_solution_density,False
under29_new_1287_BalanceUnder_10_downward,047,BalanceUnder_10_downward,downward,containment,final_inside_or_partially_inside,0.00017784101013693757,1.0,5623.0,paper_saved_solution_density,False
under29_new_1288_BalanceUnder_10_downward,047,BalanceUnder_10_downward,downward,containment,final_inside_or_partially_inside,0.00017784101013693757,1.0,5623.0,paper_saved_solution_density,False
under29_new_1289_Remove_2_downward,119,Remove_2_downward,downward,containment,final_inside_or_partially_inside,0.0001789228842368939,1.0,5589.0,paper_saved_solution_density,False
under29_new_1290_BalanceUnder_8_downward,045,BalanceUnder_8_downward,downward,containment,final_inside_or_partially_inside,0.00018311664530305805,1.0,5461.0,paper_saved_solution_density,False
under29_new_1291_BalanceUnder_8_downward,045,BalanceUnder_8_downward,downward,containment,final_inside_or_partially_inside,0.00018311664530305805,1.0,5461.0,paper_saved_solution_density,False
under29_new_1292_BalanceUnder_6_downward,041,BalanceUnder_6_downward,downward,containment,final_inside_or_partially_inside,0.00018508236165093466,1.0,5403.0,paper_saved_solution_density,False
under29_new_1293_BalanceUnder_5_downward,039,BalanceUnder_5_downward,downward,containment,final_inside_or_partially_inside,0.0001857700167193015,1.0,5383.0,paper_saved_solution_density,False
under29_new_1294_BalanceUnder_3_upward,038,BalanceUnder_3_upward,upward,containment,final_inside_or_partially_inside,0.00018670649738610905,1.0,5356.0,paper_saved_solution_density,False
under29_new_1295_Remove_8_downward,127,Remove_8_downward,downward,containment,final_inside_or_partially_inside,0.00019451468585878233,1.0,5141.0,paper_saved_solution_density,False
under29_new_1296_BalanceUnder_2_downward,035,BalanceUnder_2_downward,downward,containment,final_inside_or_partially_inside,0.00020060180541624874,1.0,4985.0,paper_saved_solution_density,False
under29_new_1297_BalanceUnder_6_downward,041,BalanceUnder_6_downward,downward,containment,final_inside_or_partially_inside,0.00037016472330186933,2.0,5403.0,paper_saved_solution_density,False
under29_new_1298_BalanceUnder_3_downward,037,BalanceUnder_3_downward,downward,containment,final_inside_or_partially_inside,0.0003734129947722181,2.0,5356.0,paper_saved_solution_density,False
under29_new_1299_BalanceUnder_7_downward,043,BalanceUnder_7_downward,downward,containment,final_inside_or_partially_inside,0.00037893141341417203,2.0,5278.0,paper_saved_solution_density,False
under29_new_1300_Remove_7_downward,125,Remove_7_downward,downward,containment,final_inside_or_partially_inside,0.0005373455131649651,3.0,5583.0,paper_saved_solution_density,False
under29_new_1301_BalanceUnder_8_upward,046,BalanceUnder_8_upward,upward,containment,final_inside_or_partially_inside,0.0005493499359091741,3.0,5461.0,paper_saved_solution_density,False
under29_new_1302_BalanceUnder_8_upward,046,BalanceUnder_8_upward,upward,containment,final_inside_or_partially_inside,0.0005493499359091741,3.0,5461.0,paper_saved_solution_density,False
under29_new_1303_BalanceUnder_8_downward,045,BalanceUnder_8_downward,downward,containment,final_inside_or_partially_inside,0.0005493499359091741,3.0,5461.0,paper_saved_solution_density,False
under29_new_1304_BalanceUnder_5_downward,039,BalanceUnder_5_downward,downward,containment,final_inside_or_partially_inside,0.0005573100501579045,3.0,5383.0,paper_saved_solution_density,False
under29_new_1305_Remove_10_downward,131,Remove_10_downward,downward,containment,final_inside_or_partially_inside,0.0005595970900951316,3.0,5361.0,paper_saved_solution_density,False
under29_new_1306_Falling_10_upward,080,Falling_10_upward,upward,orientation,rollout_rotation,0.001589319771137953,10.0,6292.0,paper_saved_solution_density,False
under29_new_1307_Falling_7_upward,074,Falling_7_upward,upward,orientation,rollout_rotation,0.004448105436573311,27.0,6070.0,paper_saved_solution_density,False
under29_new_1308_Falling_7_upward,074,Falling_7_upward,upward,orientation,rollout_rotation,0.004448105436573311,27.0,6070.0,paper_saved_solution_density,False
under29_new_1309_Falling_7_downward,073,Falling_7_downward,downward,orientation,rollout_rotation,0.004942339373970346,30.0,6070.0,paper_saved_solution_density,False
under29_new_1310_Falling_5_downward,069,Falling_5_downward,downward,orientation,rollout_rotation,0.0069615663524292964,48.0,6895.0,paper_saved_solution_density,False
under29_new_1311_Falling_7_downward,073,Falling_7_downward,downward,orientation,rollout_rotation,0.007907742998352554,48.0,6070.0,paper_saved_solution_density,False
under29_new_1312_Falling_8_upward,076,Falling_8_upward,upward,orientation,rollout_rotation,0.007968775410635875,49.0,6149.0,paper_saved_solution_density,False
under29_new_1313_Falling_10_downward,079,Falling_10_downward,downward,orientation,rollout_rotation,0.008423394787031151,53.0,6292.0,paper_saved_solution_density,False
under29_new_1314_Falling_8_downward,075,Falling_8_downward,downward,orientation,rollout_rotation,0.008456659619450317,52.0,6149.0,paper_saved_solution_density,False
under29_new_1315_Falling_8_upward,076,Falling_8_upward,upward,orientation,rollout_rotation,0.008456659619450317,52.0,6149.0,paper_saved_solution_density,False
under29_new_1316_Falling_5_downward,069,Falling_5_downward,downward,orientation,rollout_rotation,0.01015228426395939,70.0,6895.0,paper_saved_solution_density,False
under29_new_1317_Falling_8_downward,075,Falling_8_downward,downward,orientation,rollout_rotation,0.012684989429175475,78.0,6149.0,paper_saved_solution_density,False
under29_new_1318_Falling_3_downward,067,Falling_3_downward,downward,orientation,rollout_rotation,0.01765299260255548,105.0,5948.0,paper_saved_solution_density,False
under29_new_1319_Falling_9_downward,077,Falling_9_downward,downward,orientation,rollout_rotation,0.019005384859043396,120.0,6314.0,paper_saved_solution_density,False
under29_new_1320_Falling_9_upward,078,Falling_9_upward,upward,orientation,rollout_rotation,0.02011403230915426,127.0,6314.0,paper_saved_solution_density,False
under29_new_1321_Falling_9_upward,078,Falling_9_upward,upward,orientation,rollout_rotation,0.02169781438074121,137.0,6314.0,paper_saved_solution_density,False
under29_new_1322_Falling_1_downward,063,Falling_1_downward,downward,orientation,rollout_rotation,0.022702191392085763,144.0,6343.0,paper_saved_solution_density,False
under29_new_1323_Falling_1_downward,063,Falling_1_downward,downward,orientation,rollout_rotation,0.022859845498975247,145.0,6343.0,paper_saved_solution_density,False
under29_new_1324_Falling_1_upward,064,Falling_1_upward,upward,orientation,rollout_rotation,0.024909348888538546,158.0,6343.0,paper_saved_solution_density,False
under29_new_1325_Falling_1_upward,064,Falling_1_upward,upward,orientation,rollout_rotation,0.02506700299542803,159.0,6343.0,paper_saved_solution_density,False
under29_new_1326_Falling_2_downward,065,Falling_2_downward,downward,orientation,rollout_rotation,0.02716236722306525,179.0,6590.0,paper_saved_solution_density,False
under29_new_1327_Falling_6_upward,072,Falling_6_upward,upward,orientation,rollout_rotation,0.03082243271688468,205.0,6651.0,paper_saved_solution_density,False
under29_new_1328_Falling_2_upward,066,Falling_2_upward,upward,orientation,rollout_rotation,0.03596358118361153,237.0,6590.0,paper_saved_solution_density,False
under29_new_1329_Falling_10_upward,080,Falling_10_upward,upward,orientation,rollout_rotation,0.03671328671328671,231.0,6292.0,paper_saved_solution_density,False
under29_new_1330_Falling_6_downward,071,Falling_6_downward,downward,orientation,rollout_rotation,0.03909186588482935,260.0,6651.0,paper_saved_solution_density,False
under29_new_1331_Falling_6_upward,072,Falling_6_upward,upward,orientation,rollout_rotation,0.03909186588482935,260.0,6651.0,paper_saved_solution_density,False
under29_new_1332_Falling_9_downward,077,Falling_9_downward,downward,orientation,rollout_rotation,0.07206208425720621,455.0,6314.0,paper_saved_solution_density,False
under29_new_1333_Falling_3_upward,068,Falling_3_upward,upward,orientation,rollout_rotation,0.11751849361129792,699.0,5948.0,paper_saved_solution_density,False
under29_new_1334_Falling_6_downward,071,Falling_6_downward,downward,orientation,rollout_rotation,0.12328973086753872,820.0,6651.0,paper_saved_solution_density,False
under29_new_1335_FallingAlt_10_downward,099,FallingAlt_10_downward,downward,orientation,rollout_rotation,0.0017429193899782135,8.0,4590.0,paper_saved_solution_density,False
under29_new_1336_Prevention_8_downward,113,Prevention_8_downward,downward,orientation,rollout_rotation,0.0019821605550049554,6.0,3027.0,paper_saved_solution_density,False
under29_new_1337_FallingAlt_4_downward,087,FallingAlt_4_downward,downward,orientation,rollout_rotation,0.0022755482002482417,11.0,4834.0,paper_saved_solution_density,False
under29_new_1338_FallingAlt_8_downward,095,FallingAlt_8_downward,downward,orientation,rollout_rotation,0.0032801224579050953,15.0,4573.0,paper_saved_solution_density,False
under29_new_1339_FallingAlt_4_upward,088,FallingAlt_4_upward,upward,orientation,rollout_rotation,0.003516756309474555,17.0,4834.0,paper_saved_solution_density,False
under29_new_1340_BalanceUnder_7_upward,044,BalanceUnder_7_upward,upward,orientation,rollout_rotation,0.004736642667677151,25.0,5278.0,paper_saved_solution_density,False
under29_new_1341_BalanceUnder_7_downward,043,BalanceUnder_7_downward,downward,orientation,rollout_rotation,0.0049261083743842365,26.0,5278.0,paper_saved_solution_density,False
under29_new_1342_FallingAlt_8_upward,096,FallingAlt_8_upward,upward,orientation,rollout_rotation,0.006997594576864203,32.0,4573.0,paper_saved_solution_density,False
under29_new_1343_FallingAlt_7_upward,094,FallingAlt_7_upward,upward,orientation,rollout_rotation,0.007407407407407408,34.0,4590.0,paper_saved_solution_density,False
under29_new_1344_Prevention_10_upward,116,Prevention_10_upward,upward,orientation,rollout_rotation,0.007565337001375516,22.0,2908.0,paper_saved_solution_density,False
under29_new_1345_FallingAlt_1_downward,081,FallingAlt_1_downward,downward,orientation,rollout_rotation,0.008349389852280027,39.0,4671.0,paper_saved_solution_density,False
under29_new_1346_FallingAlt_1_upward,082,FallingAlt_1_upward,upward,orientation,rollout_rotation,0.008563476771569257,40.0,4671.0,paper_saved_solution_density,False
under29_new_1347_FallingAlt_1_downward,081,FallingAlt_1_downward,downward,orientation,rollout_rotation,0.008563476771569257,40.0,4671.0,paper_saved_solution_density,False
under29_new_1348_Prevention_10_downward,115,Prevention_10_downward,downward,orientation,rollout_rotation,0.00859697386519945,25.0,2908.0,paper_saved_solution_density,False
under29_new_1349_FallingAlt_8_downward,095,FallingAlt_8_downward,downward,orientation,rollout_rotation,0.010059042204242292,46.0,4573.0,paper_saved_solution_density,False
under29_new_1350_FallingAlt_4_downward,087,FallingAlt_4_downward,downward,orientation,rollout_rotation,0.010964004964832437,53.0,4834.0,paper_saved_solution_density,False
under29_new_1351_FallingAlt_4_upward,088,FallingAlt_4_upward,upward,orientation,rollout_rotation,0.011791477037649978,57.0,4834.0,paper_saved_solution_density,False
under29_new_1352_Prevention_4_upward,108,Prevention_4_upward,upward,orientation,rollout_rotation,0.01179736294240111,34.0,2882.0,paper_saved_solution_density,False
under29_new_1353_FallingAlt_3_downward,085,FallingAlt_3_downward,downward,orientation,rollout_rotation,0.01344364012409514,65.0,4835.0,paper_saved_solution_density,False
under29_new_1354_FallingAlt_10_upward,100,FallingAlt_10_upward,upward,orientation,rollout_rotation,0.013725490196078431,63.0,4590.0,paper_saved_solution_density,False
under29_new_1355_BalanceUnder_6_upward,042,BalanceUnder_6_upward,upward,orientation,rollout_rotation,0.014621506570423838,79.0,5403.0,paper_saved_solution_density,False
under29_new_1356_BalanceUnder_8_downward,045,BalanceUnder_8_downward,downward,orientation,rollout_rotation,0.014832448269547702,81.0,5461.0,paper_saved_solution_density,False
under29_new_1357_BalanceUnder_5_upward,040,BalanceUnder_5_upward,upward,orientation,rollout_rotation,0.015233141370982724,82.0,5383.0,paper_saved_solution_density,False
under29_new_1358_Balance_1_upward,020,Balance_1_upward,upward,orientation,rollout_rotation,0.01682153156039731,105.0,6242.0,paper_saved_solution_density,False
under29_new_1359_FallingAlt_6_upward,092,FallingAlt_6_upward,upward,orientation,rollout_rotation,0.01974198592650508,101.0,5116.0,paper_saved_solution_density,False
under29_new_1360_Prevention_4_downward,107,Prevention_4_downward,downward,orientation,rollout_rotation,0.021512838306731435,62.0,2882.0,paper_saved_solution_density,False
under29_new_1361_FallingAlt_6_downward,091,FallingAlt_6_downward,downward,orientation,rollout_rotation,0.022673964034401875,116.0,5116.0,paper_saved_solution_density,False
under29_new_1362_Prevention_1_downward,101,Prevention_1_downward,downward,orientation,rollout_rotation,0.023930384336475707,66.0,2758.0,paper_saved_solution_density,False
under29_new_1363_Prevention_1_upward,102,Prevention_1_upward,upward,orientation,rollout_rotation,0.025380710659898477,70.0,2758.0,paper_saved_solution_density,False
under29_new_1364_FallingAlt_3_upward,086,FallingAlt_3_upward,upward,orientation,rollout_rotation,0.025853154084798345,125.0,4835.0,paper_saved_solution_density,False
under29_new_1365_Prevention_1_downward,101,Prevention_1_downward,downward,orientation,rollout_rotation,0.02610587382160986,72.0,2758.0,paper_saved_solution_density,False
under29_new_1366_Prevention_3_upward,106,Prevention_3_upward,upward,orientation,rollout_rotation,0.02675059008654603,68.0,2542.0,paper_saved_solution_density,False
under29_new_1367_Prevention_1_upward,102,Prevention_1_upward,upward,orientation,rollout_rotation,0.026831036983321246,74.0,2758.0,paper_saved_solution_density,False
under29_new_1368_Balance_10_downward,033,Balance_10_downward,downward,orientation,rollout_rotation,0.027039923651980276,170.0,6287.0,paper_saved_solution_density,False
under29_new_1369_BalanceUnder_5_upward,040,BalanceUnder_5_upward,upward,orientation,rollout_rotation,0.02712242244101802,146.0,5383.0,paper_saved_solution_density,False
under29_new_1370_Prevention_7_downward,111,Prevention_7_downward,downward,orientation,rollout_rotation,0.027543150936467132,75.0,2723.0,paper_saved_solution_density,False
under29_new_1371_FallingAlt_8_upward,096,FallingAlt_8_upward,upward,orientation,rollout_rotation,0.02864640279903783,131.0,4573.0,paper_saved_solution_density,False
under29_new_1372_Prevention_3_upward,106,Prevention_3_upward,upward,orientation,rollout_rotation,0.029110936270653028,74.0,2542.0,paper_saved_solution_density,False
under29_new_1373_Balance_5_upward,028,Balance_5_upward,upward,orientation,rollout_rotation,0.02943166441136671,174.0,5912.0,paper_saved_solution_density,False
under29_new_1374_BalanceUnder_8_upward,046,BalanceUnder_8_upward,upward,orientation,rollout_rotation,0.03003112982970152,164.0,5461.0,paper_saved_solution_density,False
under29_new_1375_Balance_2_upward,022,Balance_2_upward,upward,orientation,rollout_rotation,0.03179470626210459,197.0,6196.0,paper_saved_solution_density,False
under29_new_1376_FallingAlt_5_upward,090,FallingAlt_5_upward,upward,orientation,rollout_rotation,0.03222294796429349,148.0,4593.0,paper_saved_solution_density,False
under29_new_1377_Prevention_7_downward,111,Prevention_7_downward,downward,orientation,rollout_rotation,0.03268453911127433,89.0,2723.0,paper_saved_solution_density,False
under29_new_1378_Prevention_4_upward,108,Prevention_4_upward,upward,orientation,rollout_rotation,0.03365718251214434,97.0,2882.0,paper_saved_solution_density,False
under29_new_1379_FallingAlt_5_upward,090,FallingAlt_5_upward,upward,orientation,rollout_rotation,0.035706509906379275,164.0,4593.0,paper_saved_solution_density,False
under29_new_1380_Balance_5_downward,027,Balance_5_downward,downward,orientation,rollout_rotation,0.03670500676589986,217.0,5912.0,paper_saved_solution_density,False
under29_new_1381_Prevention_5_downward,109,Prevention_5_downward,downward,orientation,rollout_rotation,0.03770739064856712,100.0,2652.0,paper_saved_solution_density,False
under29_new_1382_Prevention_3_downward,105,Prevention_3_downward,downward,orientation,rollout_rotation,0.03933910306845004,100.0,2542.0,paper_saved_solution_density,False
under29_new_1383_Balance_1_downward,019,Balance_1_downward,downward,orientation,rollout_rotation,0.040531880807433515,253.0,6242.0,paper_saved_solution_density,False
under29_new_1384_Prevention_5_upward,110,Prevention_5_upward,upward,orientation,rollout_rotation,0.042986425339366516,114.0,2652.0,paper_saved_solution_density,False
under29_new_1385_BalanceUnder_10_upward,048,BalanceUnder_10_upward,upward,orientation,rollout_rotation,0.04481593455450827,252.0,5623.0,paper_saved_solution_density,False
under29_new_1386_FallingAlt_9_upward,098,FallingAlt_9_upward,upward,orientation,rollout_rotation,0.047028086218158065,216.0,4593.0,paper_saved_solution_density,False
under29_new_1387_BalanceUnder_3_upward,038,BalanceUnder_3_upward,upward,orientation,rollout_rotation,0.05022404779686333,269.0,5356.0,paper_saved_solution_density,False
under29_new_1388_Prevention_7_upward,112,Prevention_7_upward,upward,orientation,rollout_rotation,0.050312155710613295,137.0,2723.0,paper_saved_solution_density,False
under29_new_1389_Prevention_5_upward,110,Prevention_5_upward,upward,orientation,rollout_rotation,0.05128205128205128,136.0,2652.0,paper_saved_solution_density,False
under29_new_1390_Balance_3_upward,024,Balance_3_upward,upward,orientation,rollout_rotation,0.05363506771204562,301.0,5612.0,paper_saved_solution_density,False
under29_new_1391_Balance_3_downward,023,Balance_3_downward,downward,orientation,rollout_rotation,0.06004989308624376,337.0,5612.0,paper_saved_solution_density,False
under29_new_1392_FallingAlt_2_downward,083,FallingAlt_2_downward,downward,orientation,rollout_rotation,0.0782590051457976,365.0,4664.0,paper_saved_solution_density,False
under29_new_1393_FallingAlt_2_upward,084,FallingAlt_2_upward,upward,orientation,rollout_rotation,0.07997427101200687,373.0,4664.0,paper_saved_solution_density,False
under29_new_1394_BalanceUnder_10_downward,047,BalanceUnder_10_downward,downward,orientation,rollout_rotation,0.08411879779477148,473.0,5623.0,paper_saved_solution_density,False
under29_new_1395_FallingAlt_9_downward,097,FallingAlt_9_downward,downward,orientation,rollout_rotation,0.09623339865011975,442.0,4593.0,paper_saved_solution_density,False
under29_new_1396_BalanceUnder_2_downward,035,BalanceUnder_2_downward,downward,orientation,rollout_rotation,0.10070210631895687,502.0,4985.0,paper_saved_solution_density,False
under29_new_1397_Balance_4_upward,026,Balance_4_upward,upward,orientation,rollout_rotation,0.10266091334052499,571.0,5562.0,paper_saved_solution_density,False
under29_new_1398_Balance_7_downward,029,Balance_7_downward,downward,orientation,rollout_rotation,0.11060070671378092,626.0,5660.0,paper_saved_solution_density,False
under29_new_1399_Balance_8_downward,031,Balance_8_downward,downward,orientation,rollout_rotation,0.1151558839430528,639.0,5549.0,paper_saved_solution_density,False
under29_new_1400_FallingAlt_2_upward,084,FallingAlt_2_upward,upward,orientation,rollout_rotation,0.11749571183533447,548.0,4664.0,paper_saved_solution_density,False
under29_new_1401_Balance_4_downward,025,Balance_4_downward,downward,orientation,rollout_rotation,0.12333692916217188,686.0,5562.0,paper_saved_solution_density,False
under29_new_1402_Balance_7_downward,029,Balance_7_downward,downward,orientation,rollout_rotation,0.13250883392226148,750.0,5660.0,paper_saved_solution_density,False
under29_new_1403_Balance_8_downward,031,Balance_8_downward,downward,orientation,rollout_rotation,0.1331771490358623,739.0,5549.0,paper_saved_solution_density,False
under29_new_1404_FallingAlt_6_downward,091,FallingAlt_6_downward,downward,orientation,rollout_rotation,0.1366301798279906,699.0,5116.0,paper_saved_solution_density,False
under29_new_1405_BalanceUnder_6_downward,041,BalanceUnder_6_downward,downward,orientation,rollout_rotation,0.14806588932074774,800.0,5403.0,paper_saved_solution_density,False
under29_new_1406_BalanceUnder_3_downward,037,BalanceUnder_3_downward,downward,orientation,rollout_rotation,0.16019417475728157,858.0,5356.0,paper_saved_solution_density,False
under29_new_1407_Balance_7_upward,030,Balance_7_upward,upward,orientation,rollout_rotation,0.18869257950530036,1068.0,5660.0,paper_saved_solution_density,False
under29_new_1408_BalanceUnder_5_downward,039,BalanceUnder_5_downward,downward,orientation,rollout_rotation,0.18911387702024893,1018.0,5383.0,paper_saved_solution_density,False
under29_new_1409_BalanceUnder_5_downward,039,BalanceUnder_5_downward,downward,orientation,rollout_rotation,0.19115734720416125,1029.0,5383.0,paper_saved_solution_density,False
under29_new_1410_Balance_7_upward,030,Balance_7_upward,upward,orientation,rollout_rotation,0.20441696113074204,1157.0,5660.0,paper_saved_solution_density,False
under29_new_1411_Balance_8_upward,032,Balance_8_upward,upward,orientation,rollout_rotation,0.20850603712380608,1157.0,5549.0,paper_saved_solution_density,False
under29_new_1412_Balance_8_upward,032,Balance_8_upward,upward,orientation,rollout_rotation,0.24094431429086322,1337.0,5549.0,paper_saved_solution_density,False
under29_new_1413_Remove_9_upward,130,Remove_9_upward,upward,orientation,rollout_rotation,0.0021909804637575314,12.0,5477.0,paper_saved_solution_density,False
under29_new_1414_Remove_9_downward,129,Remove_9_downward,downward,orientation,rollout_rotation,0.002373562169070659,13.0,5477.0,paper_saved_solution_density,False
under29_new_1415_BalanceUnder_10_downward,047,BalanceUnder_10_downward,downward,orientation,rollout_rotation,0.003912502223012627,22.0,5623.0,paper_saved_solution_density,False
under29_new_1416_BalanceUnder_7_upward,044,BalanceUnder_7_upward,upward,orientation,rollout_rotation,0.004736642667677151,25.0,5278.0,paper_saved_solution_density,False
under29_new_1417_BalanceUnder_2_downward,035,BalanceUnder_2_downward,downward,orientation,rollout_rotation,0.00481444332998997,24.0,4985.0,paper_saved_solution_density,False
under29_new_1418_BalanceUnder_7_downward,043,BalanceUnder_7_downward,downward,orientation,rollout_rotation,0.0049261083743842365,26.0,5278.0,paper_saved_solution_density,False
under29_new_1419_Remove_8_downward,127,Remove_8_downward,downward,orientation,rollout_rotation,0.007780587434351294,40.0,5141.0,paper_saved_solution_density,False
under29_new_1420_Remove_8_downward,127,Remove_8_downward,downward,orientation,rollout_rotation,0.008364131491927641,43.0,5141.0,paper_saved_solution_density,False
under29_new_1421_Remove_8_upward,128,Remove_8_upward,upward,orientation,rollout_rotation,0.00914219023536277,47.0,5141.0,paper_saved_solution_density,False
under29_new_1422_Remove_8_upward,128,Remove_8_upward,upward,orientation,rollout_rotation,0.00914219023536277,47.0,5141.0,paper_saved_solution_density,False
under29_new_1423_Remove_2_downward,119,Remove_2_downward,downward,orientation,rollout_rotation,0.009303989980318483,52.0,5589.0,paper_saved_solution_density,False
under29_new_1424_Remove_1_downward,117,Remove_1_downward,downward,orientation,rollout_rotation,0.009489302967563838,55.0,5796.0,paper_saved_solution_density,False
under29_new_1425_Remove_5_downward,121,Remove_5_downward,downward,orientation,rollout_rotation,0.014081996434937611,79.0,5610.0,paper_saved_solution_density,False
under29_new_1426_BalanceUnder_6_upward,042,BalanceUnder_6_upward,upward,orientation,rollout_rotation,0.014621506570423838,79.0,5403.0,paper_saved_solution_density,False
under29_new_1427_BalanceUnder_5_upward,040,BalanceUnder_5_upward,upward,orientation,rollout_rotation,0.015233141370982724,82.0,5383.0,paper_saved_solution_density,False
under29_new_1428_Remove_2_upward,120,Remove_2_upward,upward,orientation,rollout_rotation,0.01646090534979424,92.0,5589.0,paper_saved_solution_density,False
under29_new_1429_Remove_2_upward,120,Remove_2_upward,upward,orientation,rollout_rotation,0.020397208803005905,114.0,5589.0,paper_saved_solution_density,False
under29_new_1430_Remove_2_downward,119,Remove_2_downward,downward,orientation,rollout_rotation,0.02612274109858651,146.0,5589.0,paper_saved_solution_density,False
under29_new_1431_BalanceUnder_2_upward,036,BalanceUnder_2_upward,upward,orientation,rollout_rotation,0.03510531594784353,175.0,4985.0,paper_saved_solution_density,False
under29_new_1432_Remove_6_upward,124,Remove_6_upward,upward,orientation,rollout_rotation,0.03667919126856325,205.0,5589.0,paper_saved_solution_density,False
under29_new_1433_Falling_6_downward,071,Falling_6_downward,downward,orientation,final_orientation,0.00015035333032626674,1.0,6651.0,paper_saved_solution_density,False
under29_new_1434_Falling_10_downward,079,Falling_10_downward,downward,orientation,final_orientation,0.0017482517482517483,11.0,6292.0,paper_saved_solution_density,False
under29_new_1435_Falling_9_upward,078,Falling_9_upward,upward,orientation,final_orientation,0.0020589166930630345,13.0,6314.0,paper_saved_solution_density,False
under29_new_1436_Falling_1_upward,064,Falling_1_upward,upward,orientation,final_orientation,0.005517893741131956,35.0,6343.0,paper_saved_solution_density,False
under29_new_1437_Falling_7_upward,074,Falling_7_upward,upward,orientation,final_orientation,0.0067545304777594725,41.0,6070.0,paper_saved_solution_density,False
under29_new_1438_Falling_9_upward,078,Falling_9_upward,upward,orientation,final_orientation,0.008077288565093443,51.0,6314.0,paper_saved_solution_density,False
under29_new_1439_Falling_8_upward,076,Falling_8_upward,upward,orientation,final_orientation,0.00813140348024069,50.0,6149.0,paper_saved_solution_density,False
under29_new_1440_Falling_9_downward,077,Falling_9_downward,downward,orientation,final_orientation,0.008710801393728223,55.0,6314.0,paper_saved_solution_density,False
under29_new_1441_Falling_7_downward,073,Falling_7_downward,downward,orientation,final_orientation,0.009555189456342669,58.0,6070.0,paper_saved_solution_density,False
under29_new_1442_Falling_5_downward,069,Falling_5_downward,downward,orientation,final_orientation,0.012472806381435823,86.0,6895.0,paper_saved_solution_density,False
under29_new_1443_Falling_8_downward,075,Falling_8_downward,downward,orientation,final_orientation,0.014311270125223614,88.0,6149.0,paper_saved_solution_density,False
under29_new_1444_Falling_10_upward,080,Falling_10_upward,upward,orientation,final_orientation,0.022091544818817546,139.0,6292.0,paper_saved_solution_density,False
under29_new_1445_Falling_6_upward,072,Falling_6_upward,upward,orientation,final_orientation,0.03112313937753721,207.0,6651.0,paper_saved_solution_density,False
under29_new_1446_Falling_9_downward,077,Falling_9_downward,downward,orientation,final_orientation,0.0313588850174216,198.0,6314.0,paper_saved_solution_density,False
under29_new_1447_Falling_1_downward,063,Falling_1_downward,downward,orientation,final_orientation,0.03326501655368122,211.0,6343.0,paper_saved_solution_density,False
under29_new_1448_Falling_2_upward,066,Falling_2_upward,upward,orientation,final_orientation,0.05493171471927162,362.0,6590.0,paper_saved_solution_density,False
under29_new_1449_Falling_6_upward,072,Falling_6_upward,upward,orientation,final_orientation,0.06134415877311682,408.0,6651.0,paper_saved_solution_density,False
under29_new_1450_Falling_3_downward,067,Falling_3_downward,downward,orientation,final_orientation,0.06708137188971083,399.0,5948.0,paper_saved_solution_density,False
under29_new_1451_Falling_3_upward,068,Falling_3_upward,upward,orientation,final_orientation,0.10474108944182918,623.0,5948.0,paper_saved_solution_density,False
under29_new_1452_Falling_6_downward,071,Falling_6_downward,downward,orientation,final_orientation,0.13652082393625017,908.0,6651.0,paper_saved_solution_density,False
under29_new_1453_Falling_2_downward,065,Falling_2_downward,downward,orientation,final_orientation,0.15690440060698027,1034.0,6590.0,paper_saved_solution_density,False
under29_new_1454_Falling_6_downward,071,Falling_6_downward,downward,orientation,final_orientation,0.2395128552097429,1593.0,6651.0,paper_saved_solution_density,False
under29_new_1455_BalanceUnder_6_upward,042,BalanceUnder_6_upward,upward,orientation,final_orientation,0.00018508236165093466,1.0,5403.0,paper_saved_solution_density,False
under29_new_1456_BalanceUnder_3_upward,038,BalanceUnder_3_upward,upward,orientation,final_orientation,0.00018670649738610905,1.0,5356.0,paper_saved_solution_density,False
under29_new_1457_FallingAlt_3_downward,085,FallingAlt_3_downward,downward,orientation,final_orientation,0.00020682523267838676,1.0,4835.0,paper_saved_solution_density,False
under29_new_1458_BalanceUnder_8_upward,046,BalanceUnder_8_upward,upward,orientation,final_orientation,0.0003662332906061161,2.0,5461.0,paper_saved_solution_density,False
under29_new_1459_Prevention_7_upward,112,Prevention_7_upward,upward,orientation,final_orientation,0.0003672420124862284,1.0,2723.0,paper_saved_solution_density,False
under29_new_1460_FallingAlt_4_upward,088,FallingAlt_4_upward,upward,orientation,final_orientation,0.0004137360364087712,2.0,4834.0,paper_saved_solution_density,False
under29_new_1461_FallingAlt_2_upward,084,FallingAlt_2_upward,upward,orientation,final_orientation,0.0004288164665523156,2.0,4664.0,paper_saved_solution_density,False
under29_new_1462_Balance_3_upward,024,Balance_3_upward,upward,orientation,final_orientation,0.0005345687811831789,3.0,5612.0,paper_saved_solution_density,False
under29_new_1463_Balance_4_upward,026,Balance_4_upward,upward,orientation,final_orientation,0.0005393743257820927,3.0,5562.0,paper_saved_solution_density,False
under29_new_1464_FallingAlt_8_downward,095,FallingAlt_8_downward,downward,orientation,final_orientation,0.000656024491581019,3.0,4573.0,paper_saved_solution_density,False
under29_new_1465_Balance_7_upward,030,Balance_7_upward,upward,orientation,final_orientation,0.0007067137809187279,4.0,5660.0,paper_saved_solution_density,False
under29_new_1466_FallingAlt_6_downward,091,FallingAlt_6_downward,downward,orientation,final_orientation,0.0007818608287724785,4.0,5116.0,paper_saved_solution_density,False
under29_new_1467_FallingAlt_4_downward,087,FallingAlt_4_downward,downward,orientation,final_orientation,0.0008274720728175424,4.0,4834.0,paper_saved_solution_density,False
under29_new_1468_Balance_5_upward,028,Balance_5_upward,upward,orientation,final_orientation,0.0008457374830852503,5.0,5912.0,paper_saved_solution_density,False
under29_new_1469_Prevention_2_upward,104,Prevention_2_upward,upward,orientation,final_orientation,0.0009718172983479105,3.0,3087.0,paper_saved_solution_density,False
under29_new_1470_FallingAlt_3_upward,086,FallingAlt_3_upward,upward,orientation,final_orientation,0.001034126163391934,5.0,4835.0,paper_saved_solution_density,False
under29_new_1471_Balance_7_downward,029,Balance_7_downward,downward,orientation,final_orientation,0.0010600706713780918,6.0,5660.0,paper_saved_solution_density,False
under29_new_1472_FallingAlt_5_upward,090,FallingAlt_5_upward,upward,orientation,final_orientation,0.0013063357282821686,6.0,4593.0,paper_saved_solution_density,False
under29_new_1473_FallingAlt_10_upward,100,FallingAlt_10_upward,upward,orientation,final_orientation,0.00130718954248366,6.0,4590.0,paper_saved_solution_density,False
under29_new_1474_BalanceUnder_7_downward,043,BalanceUnder_7_downward,downward,orientation,final_orientation,0.001326259946949602,7.0,5278.0,paper_saved_solution_density,False
under29_new_1475_Balance_3_downward,023,Balance_3_downward,downward,orientation,final_orientation,0.0014255167498218105,8.0,5612.0,paper_saved_solution_density,False
under29_new_1476_Balance_10_downward,033,Balance_10_downward,downward,orientation,final_orientation,0.0014315253698107206,9.0,6287.0,paper_saved_solution_density,False
under29_new_1477_Prevention_8_downward,113,Prevention_8_downward,downward,orientation,final_orientation,0.0019821605550049554,6.0,3027.0,paper_saved_solution_density,False
under29_new_1478_FallingAlt_4_upward,088,FallingAlt_4_upward,upward,orientation,final_orientation,0.0026892842366570127,13.0,4834.0,paper_saved_solution_density,False
under29_new_1479_FallingAlt_7_upward,094,FallingAlt_7_upward,upward,orientation,final_orientation,0.0030501089324618735,14.0,4590.0,paper_saved_solution_density,False
under29_new_1480_FallingAlt_4_downward,087,FallingAlt_4_downward,downward,orientation,final_orientation,0.003103020273065784,15.0,4834.0,paper_saved_solution_density,False
under29_new_1481_FallingAlt_4_upward,088,FallingAlt_4_upward,upward,orientation,final_orientation,0.003103020273065784,15.0,4834.0,paper_saved_solution_density,False
under29_new_1482_BalanceUnder_3_downward,037,BalanceUnder_3_downward,downward,orientation,final_orientation,0.0031740104555638537,17.0,5356.0,paper_saved_solution_density,False
under29_new_1483_FallingAlt_10_upward,100,FallingAlt_10_upward,upward,orientation,final_orientation,0.0032679738562091504,15.0,4590.0,paper_saved_solution_density,False
under29_new_1484_FallingAlt_4_downward,087,FallingAlt_4_downward,downward,orientation,final_orientation,0.0033098882912701694,16.0,4834.0,paper_saved_solution_density,False
under29_new_1485_Prevention_5_downward,109,Prevention_5_downward,downward,orientation,final_orientation,0.003393665158371041,9.0,2652.0,paper_saved_solution_density,False
under29_new_1486_Prevention_10_upward,116,Prevention_10_upward,upward,orientation,final_orientation,0.0034387895460797797,10.0,2908.0,paper_saved_solution_density,False
under29_new_1487_Balance_5_downward,027,Balance_5_downward,downward,orientation,final_orientation,0.0037212449255751017,22.0,5912.0,paper_saved_solution_density,False
under29_new_1488_Prevention_8_downward,113,Prevention_8_downward,downward,orientation,final_orientation,0.003964321110009911,12.0,3027.0,paper_saved_solution_density,False
under29_new_1489_FallingAlt_2_downward,083,FallingAlt_2_downward,downward,orientation,final_orientation,0.004288164665523156,20.0,4664.0,paper_saved_solution_density,False
under29_new_1490_Prevention_1_upward,102,Prevention_1_upward,upward,orientation,final_orientation,0.005438723712835388,15.0,2758.0,paper_saved_solution_density,False
under29_new_1491_Prevention_10_downward,115,Prevention_10_downward,downward,orientation,final_orientation,0.005502063273727648,16.0,2908.0,paper_saved_solution_density,False
under29_new_1492_FallingAlt_6_downward,091,FallingAlt_6_downward,downward,orientation,final_orientation,0.005863956215793589,30.0,5116.0,paper_saved_solution_density,False
under29_new_1493_FallingAlt_10_downward,099,FallingAlt_10_downward,downward,orientation,final_orientation,0.006535947712418301,30.0,4590.0,paper_saved_solution_density,False
under29_new_1494_BalanceUnder_8_downward,045,BalanceUnder_8_downward,downward,orientation,final_orientation,0.00659219923091009,36.0,5461.0,paper_saved_solution_density,False
under29_new_1495_Prevention_10_downward,115,Prevention_10_downward,downward,orientation,final_orientation,0.0068775790921595595,20.0,2908.0,paper_saved_solution_density,False
under29_new_1496_BalanceUnder_7_downward,043,BalanceUnder_7_downward,downward,orientation,final_orientation,0.007578628268283441,40.0,5278.0,paper_saved_solution_density,False
under29_new_1497_FallingAlt_1_upward,082,FallingAlt_1_upward,upward,orientation,final_orientation,0.009205737529436951,43.0,4671.0,paper_saved_solution_density,False
under29_new_1498_Prevention_3_upward,106,Prevention_3_upward,upward,orientation,final_orientation,0.00944138473642801,24.0,2542.0,paper_saved_solution_density,False
under29_new_1499_FallingAlt_9_downward,097,FallingAlt_9_downward,downward,orientation,final_orientation,0.010232963204876986,47.0,4593.0,paper_saved_solution_density,False
under29_new_1500_BalanceUnder_6_downward,041,BalanceUnder_6_downward,downward,orientation,final_orientation,0.010919859337405146,59.0,5403.0,paper_saved_solution_density,False
under29_new_1501_FallingAlt_5_upward,090,FallingAlt_5_upward,upward,orientation,final_orientation,0.011103853690398433,51.0,4593.0,paper_saved_solution_density,False
under29_new_1502_BalanceUnder_2_downward,035,BalanceUnder_2_downward,downward,orientation,final_orientation,0.012437311935807422,62.0,4985.0,paper_saved_solution_density,False
under29_new_1503_FallingAlt_3_upward,086,FallingAlt_3_upward,upward,orientation,final_orientation,0.013236814891416752,64.0,4835.0,paper_saved_solution_density,False
under29_new_1504_Prevention_5_upward,110,Prevention_5_upward,upward,orientation,final_orientation,0.014328808446455505,38.0,2652.0,paper_saved_solution_density,False
under29_new_1505_Prevention_1_downward,101,Prevention_1_downward,downward,orientation,final_orientation,0.01595358955765047,44.0,2758.0,paper_saved_solution_density,False
under29_new_1506_BalanceUnder_2_downward,035,BalanceUnder_2_downward,downward,orientation,final_orientation,0.01624874623871615,81.0,4985.0,paper_saved_solution_density,False
under29_new_1507_BalanceUnder_6_upward,042,BalanceUnder_6_upward,upward,orientation,final_orientation,0.016472330186933185,89.0,5403.0,paper_saved_solution_density,False
under29_new_1508_FallingAlt_1_downward,081,FallingAlt_1_downward,downward,orientation,final_orientation,0.01648469278527082,77.0,4671.0,paper_saved_solution_density,False
under29_new_1509_Prevention_3_downward,105,Prevention_3_downward,downward,orientation,final_orientation,0.01809598741148702,46.0,2542.0,paper_saved_solution_density,False
under29_new_1510_BalanceUnder_5_upward,040,BalanceUnder_5_upward,upward,orientation,final_orientation,0.01857700167193015,100.0,5383.0,paper_saved_solution_density,False
under29_new_1511_Prevention_4_downward,107,Prevention_4_downward,downward,orientation,final_orientation,0.018736988202637056,54.0,2882.0,paper_saved_solution_density,False
under29_new_1512_Prevention_3_downward,105,Prevention_3_downward,downward,orientation,final_orientation,0.022029897718332022,56.0,2542.0,paper_saved_solution_density,False
under29_new_1513_Prevention_5_downward,109,Prevention_5_downward,downward,orientation,final_orientation,0.023001508295625944,61.0,2652.0,paper_saved_solution_density,False
under29_new_1514_Prevention_4_upward,108,Prevention_4_upward,upward,orientation,final_orientation,0.023941707147814018,69.0,2882.0,paper_saved_solution_density,False
under29_new_1515_BalanceUnder_7_upward,044,BalanceUnder_7_upward,upward,orientation,final_orientation,0.02614626752557787,138.0,5278.0,paper_saved_solution_density,False
under29_new_1516_Prevention_4_upward,108,Prevention_4_upward,upward,orientation,final_orientation,0.0263705759888966,76.0,2882.0,paper_saved_solution_density,False
under29_new_1517_BalanceUnder_10_upward,048,BalanceUnder_10_upward,upward,orientation,final_orientation,0.02720967455095145,153.0,5623.0,paper_saved_solution_density,False
under29_new_1518_FallingAlt_10_downward,099,FallingAlt_10_downward,downward,orientation,final_orientation,0.029193899782135078,134.0,4590.0,paper_saved_solution_density,False
under29_new_1519_BalanceUnder_8_upward,046,BalanceUnder_8_upward,upward,orientation,final_orientation,0.030580479765610694,167.0,5461.0,paper_saved_solution_density,False
under29_new_1520_BalanceUnder_6_downward,041,BalanceUnder_6_downward,downward,orientation,final_orientation,0.03146400148065889,170.0,5403.0,paper_saved_solution_density,False
under29_new_1521_FallingAlt_9_downward,097,FallingAlt_9_downward,downward,orientation,final_orientation,0.032658393207054215,150.0,4593.0,paper_saved_solution_density,False
under29_new_1522_Prevention_1_downward,101,Prevention_1_downward,downward,orientation,final_orientation,0.03335750543872371,92.0,2758.0,paper_saved_solution_density,False
under29_new_1523_FallingAlt_7_upward,094,FallingAlt_7_upward,upward,orientation,final_orientation,0.03355119825708061,154.0,4590.0,paper_saved_solution_density,False
under29_new_1524_FallingAlt_2_upward,084,FallingAlt_2_upward,upward,orientation,final_orientation,0.036449399656946824,170.0,4664.0,paper_saved_solution_density,False
under29_new_1525_FallingAlt_10_upward,100,FallingAlt_10_upward,upward,orientation,final_orientation,0.036819172113289764,169.0,4590.0,paper_saved_solution_density,False
under29_new_1526_Balance_2_upward,022,Balance_2_upward,upward,orientation,final_orientation,0.03712072304712718,230.0,6196.0,paper_saved_solution_density,False
under29_new_1527_Prevention_7_upward,112,Prevention_7_upward,upward,orientation,final_orientation,0.03782592728608153,103.0,2723.0,paper_saved_solution_density,False
under29_new_1528_BalanceUnder_2_upward,036,BalanceUnder_2_upward,upward,orientation,final_orientation,0.03891675025075226,194.0,4985.0,paper_saved_solution_density,False
under29_new_1529_Prevention_1_upward,102,Prevention_1_upward,upward,orientation,final_orientation,0.0438723712835388,121.0,2758.0,paper_saved_solution_density,False
under29_new_1530_Balance_4_downward,025,Balance_4_downward,downward,orientation,final_orientation,0.04854368932038835,270.0,5562.0,paper_saved_solution_density,False
under29_new_1531_FallingAlt_7_downward,093,FallingAlt_7_downward,downward,orientation,final_orientation,0.04967320261437908,228.0,4590.0,paper_saved_solution_density,False
under29_new_1532_FallingAlt_9_upward,098,FallingAlt_9_upward,upward,orientation,final_orientation,0.05726104942303505,263.0,4593.0,paper_saved_solution_density,False
under29_new_1533_Prevention_2_downward,103,Prevention_2_downward,downward,orientation,final_orientation,0.06090055069646906,188.0,3087.0,paper_saved_solution_density,False
under29_new_1534_FallingAlt_5_downward,089,FallingAlt_5_downward,downward,orientation,final_orientation,0.0609623339865012,280.0,4593.0,paper_saved_solution_density,False
under29_new_1535_BalanceUnder_10_downward,047,BalanceUnder_10_downward,downward,orientation,final_orientation,0.06846878890272097,385.0,5623.0,paper_saved_solution_density,False
under29_new_1536_Balance_2_downward,021,Balance_2_downward,downward,orientation,final_orientation,0.07004519044544867,434.0,6196.0,paper_saved_solution_density,False
under29_new_1537_FallingAlt_2_downward,083,FallingAlt_2_downward,downward,orientation,final_orientation,0.07354202401372213,343.0,4664.0,paper_saved_solution_density,False
under29_new_1538_BalanceUnder_8_downward,045,BalanceUnder_8_downward,downward,orientation,final_orientation,0.07452847463834462,407.0,5461.0,paper_saved_solution_density,False
under29_new_1539_Balance_4_downward,025,Balance_4_downward,downward,orientation,final_orientation,0.07551240560949299,420.0,5562.0,paper_saved_solution_density,False
under29_new_1540_Balance_3_upward,024,Balance_3_upward,upward,orientation,final_orientation,0.08357091945830364,469.0,5612.0,paper_saved_solution_density,False
under29_new_1541_BalanceUnder_3_upward,038,BalanceUnder_3_upward,upward,orientation,final_orientation,0.09036594473487677,484.0,5356.0,paper_saved_solution_density,False
under29_new_1542_Balance_2_downward,021,Balance_2_downward,downward,orientation,final_orientation,0.0987734021949645,612.0,6196.0,paper_saved_solution_density,False
under29_new_1543_Prevention_4_downward,107,Prevention_4_downward,downward,orientation,final_orientation,0.11519777931991672,332.0,2882.0,paper_saved_solution_density,False
under29_new_1544_Balance_1_downward,019,Balance_1_downward,downward,orientation,final_orientation,0.15331624479333547,957.0,6242.0,paper_saved_solution_density,False
under29_new_1545_BalanceUnder_3_downward,037,BalanceUnder_3_downward,downward,orientation,final_orientation,0.18670649738610903,1000.0,5356.0,paper_saved_solution_density,False
under29_new_1546_FallingAlt_10_downward,099,FallingAlt_10_downward,downward,orientation,final_orientation,0.18714596949891069,859.0,4590.0,paper_saved_solution_density,False
under29_new_1547_BalanceUnder_5_downward,039,BalanceUnder_5_downward,downward,orientation,final_orientation,0.18892810700352963,1017.0,5383.0,paper_saved_solution_density,False
under29_new_1548_Prevention_7_downward,111,Prevention_7_downward,downward,orientation,final_orientation,0.204186558942343,556.0,2723.0,paper_saved_solution_density,False
under29_new_1549_Balance_5_downward,027,Balance_5_downward,downward,orientation,final_orientation,0.2401894451962111,1420.0,5912.0,paper_saved_solution_density,False
under29_new_1550_Balance_7_downward,029,Balance_7_downward,downward,orientation,final_orientation,0.24752650176678445,1401.0,5660.0,paper_saved_solution_density,False
under29_new_1551_Balance_8_downward,031,Balance_8_downward,downward,orientation,final_orientation,0.25770409082717605,1430.0,5549.0,paper_saved_solution_density,False
under29_new_1552_BalanceUnder_2_downward,035,BalanceUnder_2_downward,downward,orientation,final_orientation,0.28665997993981945,1429.0,4985.0,paper_saved_solution_density,False
under29_new_1553_BackUp_7_downward,011,BackUp_7_downward,downward,orientation,final_orientation,0.00807704255980118,52.0,6438.0,paper_saved_solution_density,False
under29_new_1554_BackUp_7_downward,011,BackUp_7_downward,downward,orientation,final_orientation,0.014134824479652065,91.0,6438.0,paper_saved_solution_density,False
under29_new_1555_BackUp_7_upward,012,BackUp_7_upward,upward,orientation,final_orientation,0.04007455731593663,258.0,6438.0,paper_saved_solution_density,False
under29_new_1556_BackUp_7_upward,012,BackUp_7_upward,upward,orientation,final_orientation,0.06306306306306306,406.0,6438.0,paper_saved_solution_density,False
under29_new_1557_BackUp_7_upward,012,BackUp_7_upward,upward,orientation,final_orientation,0.09630319975147561,620.0,6438.0,paper_saved_solution_density,False
under29_new_1558_BackUp_7_downward,011,BackUp_7_downward,downward,orientation,final_orientation,0.14585274930102515,939.0,6438.0,paper_saved_solution_density,False
under29_new_1559_BackUp_10_downward,017,BackUp_10_downward,downward,orientation,final_orientation,0.00017126220243192326,1.0,5839.0,paper_saved_solution_density,False
canonical_0001_BackUp_2_downward,001,BackUp_2_downward,downward,canonical,specific_in_goal_dwell,0.0739,739,10000,paper_saved_canonical_density_proxy,False
canonical_0002_BackUp_2_upward,002,BackUp_2_upward,upward,canonical,specific_in_goal_dwell,0.0975,975,10000,paper_saved_canonical_density_proxy,False
canonical_0003_BackUp_3_downward,003,BackUp_3_downward,downward,canonical,specific_in_goal_dwell,0.2292,2292,10000,paper_saved_canonical_density_proxy,False
canonical_0004_BackUp_3_upward,004,BackUp_3_upward,upward,canonical,specific_in_goal_dwell,0.1645,1645,10000,paper_saved_canonical_density_proxy,False
canonical_0005_BackUp_4_downward,005,BackUp_4_downward,downward,canonical,specific_in_goal_dwell,0.0124,124,10000,paper_saved_canonical_density_proxy,False
canonical_0006_BackUp_4_upward,006,BackUp_4_upward,upward,canonical,specific_in_goal_dwell,0.1414,1414,10000,paper_saved_canonical_density_proxy,False
canonical_0007_BackUp_5_downward,007,BackUp_5_downward,downward,canonical,specific_in_goal_dwell,0.0308,308,10000,paper_saved_canonical_density_proxy,False
canonical_0008_BackUp_5_upward,008,BackUp_5_upward,upward,canonical,specific_in_goal_dwell,0.2507,2507,10000,paper_saved_canonical_density_proxy,False
canonical_0009_BackUp_6_downward,009,BackUp_6_downward,downward,canonical,specific_in_goal_dwell,0.0827,827,10000,paper_saved_canonical_density_proxy,False
canonical_0010_BackUp_6_upward,010,BackUp_6_upward,upward,canonical,specific_in_goal_dwell,0.0947,947,10000,paper_saved_canonical_density_proxy,False
canonical_0011_BackUp_7_downward,011,BackUp_7_downward,downward,canonical,specific_in_goal_dwell,0.5976,5976,10000,paper_saved_canonical_density_proxy,False
canonical_0012_BackUp_7_upward,012,BackUp_7_upward,upward,canonical,specific_in_goal_dwell,0.8702,8702,10000,paper_saved_canonical_density_proxy,False
canonical_0013_BackUp_8_downward,013,BackUp_8_downward,downward,canonical,specific_in_goal_dwell,0.061,610,10000,paper_saved_canonical_density_proxy,False
canonical_0014_BackUp_8_upward,014,BackUp_8_upward,upward,canonical,specific_in_goal_dwell,0.0003,3,10000,paper_saved_canonical_density_proxy,False
canonical_0015_BackUp_9_downward,015,BackUp_9_downward,downward,canonical,specific_in_goal_dwell,0.3619,3619,10000,paper_saved_canonical_density_proxy,False
canonical_0016_BackUp_9_upward,016,BackUp_9_upward,upward,canonical,specific_in_goal_dwell,0.0977,977,10000,paper_saved_canonical_density_proxy,False
canonical_0017_BackUp_10_downward,017,BackUp_10_downward,downward,canonical,specific_in_goal_dwell,0.0882,882,10000,paper_saved_canonical_density_proxy,False
canonical_0018_BackUp_10_upward,018,BackUp_10_upward,upward,canonical,specific_in_goal_dwell,0.029,290,10000,paper_saved_canonical_density_proxy,False
canonical_0019_Balance_1_downward,019,Balance_1_downward,downward,canonical,specific_in_goal_dwell,0.5277,5277,10000,paper_saved_canonical_density_proxy,False
canonical_0020_Balance_1_upward,020,Balance_1_upward,upward,canonical,specific_in_goal_dwell,0.0034,34,10000,paper_saved_canonical_density_proxy,False
canonical_0021_Balance_2_downward,021,Balance_2_downward,downward,canonical,specific_in_goal_dwell,0.9316,9316,10000,paper_saved_canonical_density_proxy,False
canonical_0022_Balance_2_upward,022,Balance_2_upward,upward,canonical,specific_in_goal_dwell,0.1947,1947,10000,paper_saved_canonical_density_proxy,False
canonical_0023_Balance_3_downward,023,Balance_3_downward,downward,canonical,specific_in_goal_dwell,0.1309,1309,10000,paper_saved_canonical_density_proxy,False
canonical_0024_Balance_3_upward,024,Balance_3_upward,upward,canonical,specific_in_goal_dwell,0.2304,2304,10000,paper_saved_canonical_density_proxy,False
canonical_0025_Balance_4_downward,025,Balance_4_downward,downward,canonical,specific_in_goal_dwell,0.7063,7063,10000,paper_saved_canonical_density_proxy,False
canonical_0026_Balance_4_upward,026,Balance_4_upward,upward,canonical,specific_in_goal_dwell,0.8001,8001,10000,paper_saved_canonical_density_proxy,False
canonical_0027_Balance_5_downward,027,Balance_5_downward,downward,canonical,specific_in_goal_dwell,0.3485,3485,10000,paper_saved_canonical_density_proxy,False
canonical_0028_Balance_5_upward,028,Balance_5_upward,upward,canonical,specific_in_goal_dwell,0.1173,1173,10000,paper_saved_canonical_density_proxy,False
canonical_0029_Balance_7_downward,029,Balance_7_downward,downward,canonical,specific_in_goal_dwell,0.0465,465,10000,paper_saved_canonical_density_proxy,False
canonical_0030_Balance_7_upward,030,Balance_7_upward,upward,canonical,specific_in_goal_dwell,0.0477,477,10000,paper_saved_canonical_density_proxy,False
canonical_0031_Balance_8_downward,031,Balance_8_downward,downward,canonical,specific_in_goal_dwell,0.0917,917,10000,paper_saved_canonical_density_proxy,False
canonical_0032_Balance_8_upward,032,Balance_8_upward,upward,canonical,specific_in_goal_dwell,0.5446,5446,10000,paper_saved_canonical_density_proxy,False
canonical_0033_Balance_10_downward,033,Balance_10_downward,downward,canonical,specific_in_goal_dwell,0.1087,1087,10000,paper_saved_canonical_density_proxy,False
canonical_0034_Balance_10_upward,034,Balance_10_upward,upward,canonical,specific_in_goal_dwell,0.1743,1743,10000,paper_saved_canonical_density_proxy,False
canonical_0035_BalanceUnder_2_downward,035,BalanceUnder_2_downward,downward,canonical,specific_in_goal_dwell,0.3693,3693,10000,paper_saved_canonical_density_proxy,False
canonical_0036_BalanceUnder_2_upward,036,BalanceUnder_2_upward,upward,canonical,specific_in_goal_dwell,0.1491,1491,10000,paper_saved_canonical_density_proxy,False
canonical_0037_BalanceUnder_3_downward,037,BalanceUnder_3_downward,downward,canonical,specific_in_goal_dwell,0.0749,749,10000,paper_saved_canonical_density_proxy,False
canonical_0038_BalanceUnder_3_upward,038,BalanceUnder_3_upward,upward,canonical,specific_in_goal_dwell,0.0096,96,10000,paper_saved_canonical_density_proxy,False
canonical_0039_BalanceUnder_5_downward,039,BalanceUnder_5_downward,downward,canonical,specific_in_goal_dwell,0.3503,3503,10000,paper_saved_canonical_density_proxy,False
canonical_0040_BalanceUnder_5_upward,040,BalanceUnder_5_upward,upward,canonical,specific_in_goal_dwell,0.0739,739,10000,paper_saved_canonical_density_proxy,False
canonical_0041_BalanceUnder_6_downward,041,BalanceUnder_6_downward,downward,canonical,specific_in_goal_dwell,0.4524,4524,10000,paper_saved_canonical_density_proxy,False
canonical_0042_BalanceUnder_6_upward,042,BalanceUnder_6_upward,upward,canonical,specific_in_goal_dwell,0.0379,379,10000,paper_saved_canonical_density_proxy,False
canonical_0043_BalanceUnder_7_downward,043,BalanceUnder_7_downward,downward,canonical,specific_in_goal_dwell,0.5447,5447,10000,paper_saved_canonical_density_proxy,False
canonical_0044_BalanceUnder_7_upward,044,BalanceUnder_7_upward,upward,canonical,specific_in_goal_dwell,0.0659,659,10000,paper_saved_canonical_density_proxy,False
canonical_0045_BalanceUnder_8_downward,045,BalanceUnder_8_downward,downward,canonical,specific_in_goal_dwell,0.5749,5749,10000,paper_saved_canonical_density_proxy,False
canonical_0046_BalanceUnder_8_upward,046,BalanceUnder_8_upward,upward,canonical,specific_in_goal_dwell,0.168,1680,10000,paper_saved_canonical_density_proxy,False
canonical_0047_BalanceUnder_10_downward,047,BalanceUnder_10_downward,downward,canonical,specific_in_goal_dwell,0.6248,6248,10000,paper_saved_canonical_density_proxy,False
canonical_0048_BalanceUnder_10_upward,048,BalanceUnder_10_upward,upward,canonical,specific_in_goal_dwell,0.1096,1096,10000,paper_saved_canonical_density_proxy,False
canonical_0049_Basic_1_downward,049,Basic_1_downward,downward,canonical,specific_in_goal_dwell,0.4423,4423,10000,paper_saved_canonical_density_proxy,False
canonical_0050_Basic_1_upward,050,Basic_1_upward,upward,canonical,specific_in_goal_dwell,0.0033,33,10000,paper_saved_canonical_density_proxy,False
canonical_0051_Basic_2_downward,051,Basic_2_downward,downward,canonical,specific_in_goal_dwell,0.3623,3623,10000,paper_saved_canonical_density_proxy,False
canonical_0052_Basic_2_upward,052,Basic_2_upward,upward,canonical,specific_in_goal_dwell,0.186,1860,10000,paper_saved_canonical_density_proxy,False
canonical_0053_Basic_6_downward,053,Basic_6_downward,downward,canonical,specific_in_goal_dwell,0.0894,894,10000,paper_saved_canonical_density_proxy,False
canonical_0054_Basic_6_upward,054,Basic_6_upward,upward,canonical,specific_in_goal_dwell,0.0531,531,10000,paper_saved_canonical_density_proxy,False
canonical_0055_Basic_7_downward,055,Basic_7_downward,downward,canonical,specific_in_goal_dwell,0.1872,1872,10000,paper_saved_canonical_density_proxy,False
canonical_0056_Basic_7_upward,056,Basic_7_upward,upward,canonical,specific_in_goal_dwell,0.0295,295,10000,paper_saved_canonical_density_proxy,False
canonical_0057_Basic_8_downward,057,Basic_8_downward,downward,canonical,specific_in_goal_dwell,0.0814,814,10000,paper_saved_canonical_density_proxy,False
canonical_0058_Basic_8_upward,058,Basic_8_upward,upward,canonical,specific_in_goal_dwell,0.0325,325,10000,paper_saved_canonical_density_proxy,False
canonical_0059_Basic_9_downward,059,Basic_9_downward,downward,canonical,specific_in_goal_dwell,0.0867,867,10000,paper_saved_canonical_density_proxy,False
canonical_0060_Basic_9_upward,060,Basic_9_upward,upward,canonical,specific_in_goal_dwell,0.1099,1099,10000,paper_saved_canonical_density_proxy,False
canonical_0061_Basic_10_downward,061,Basic_10_downward,downward,canonical,specific_in_goal_dwell,0.2624,2624,10000,paper_saved_canonical_density_proxy,False
canonical_0062_Basic_10_upward,062,Basic_10_upward,upward,canonical,specific_in_goal_dwell,0.0271,271,10000,paper_saved_canonical_density_proxy,False
canonical_0063_Falling_1_downward,063,Falling_1_downward,downward,canonical,specific_in_goal_dwell,0.1928,1928,10000,paper_saved_canonical_density_proxy,False
canonical_0064_Falling_1_upward,064,Falling_1_upward,upward,canonical,specific_in_goal_dwell,0.2451,2451,10000,paper_saved_canonical_density_proxy,False
canonical_0065_Falling_2_downward,065,Falling_2_downward,downward,canonical,specific_in_goal_dwell,0.0906,906,10000,paper_saved_canonical_density_proxy,False
canonical_0066_Falling_2_upward,066,Falling_2_upward,upward,canonical,specific_in_goal_dwell,0.2078,2078,10000,paper_saved_canonical_density_proxy,False
canonical_0067_Falling_3_downward,067,Falling_3_downward,downward,canonical,specific_in_goal_dwell,0.0383,383,10000,paper_saved_canonical_density_proxy,False
canonical_0068_Falling_3_upward,068,Falling_3_upward,upward,canonical,specific_in_goal_dwell,0.6033,6033,10000,paper_saved_canonical_density_proxy,False
canonical_0069_Falling_5_downward,069,Falling_5_downward,downward,canonical,specific_in_goal_dwell,0.2967,2967,10000,paper_saved_canonical_density_proxy,False
canonical_0070_Falling_5_upward,070,Falling_5_upward,upward,canonical,specific_in_goal_dwell,0.2826,2826,10000,paper_saved_canonical_density_proxy,False
canonical_0071_Falling_6_downward,071,Falling_6_downward,downward,canonical,specific_in_goal_dwell,0.0177,177,10000,paper_saved_canonical_density_proxy,False
canonical_0072_Falling_6_upward,072,Falling_6_upward,upward,canonical,specific_in_goal_dwell,0.122,1220,10000,paper_saved_canonical_density_proxy,False
canonical_0073_Falling_7_downward,073,Falling_7_downward,downward,canonical,specific_in_goal_dwell,0.0343,343,10000,paper_saved_canonical_density_proxy,False
canonical_0074_Falling_7_upward,074,Falling_7_upward,upward,canonical,specific_in_goal_dwell,0.0205,205,10000,paper_saved_canonical_density_proxy,False
canonical_0075_Falling_8_downward,075,Falling_8_downward,downward,canonical,specific_in_goal_dwell,0.0269,269,10000,paper_saved_canonical_density_proxy,False
canonical_0076_Falling_8_upward,076,Falling_8_upward,upward,canonical,specific_in_goal_dwell,0.0301,301,10000,paper_saved_canonical_density_proxy,False
canonical_0077_Falling_9_downward,077,Falling_9_downward,downward,canonical,specific_in_goal_dwell,0.0776,776,10000,paper_saved_canonical_density_proxy,False
canonical_0078_Falling_9_upward,078,Falling_9_upward,upward,canonical,specific_in_goal_dwell,0.0665,665,10000,paper_saved_canonical_density_proxy,False
canonical_0079_Falling_10_downward,079,Falling_10_downward,downward,canonical,specific_in_goal_dwell,0.0665,665,10000,paper_saved_canonical_density_proxy,False
canonical_0080_Falling_10_upward,080,Falling_10_upward,upward,canonical,specific_in_goal_dwell,0.0256,256,10000,paper_saved_canonical_density_proxy,False
canonical_0081_FallingAlt_1_downward,081,FallingAlt_1_downward,downward,canonical,specific_in_goal_dwell,0.0045,45,10000,paper_saved_canonical_density_proxy,False
canonical_0082_FallingAlt_1_upward,082,FallingAlt_1_upward,upward,canonical,specific_in_goal_dwell,0.002,20,10000,paper_saved_canonical_density_proxy,False
canonical_0083_FallingAlt_2_downward,083,FallingAlt_2_downward,downward,canonical,specific_in_goal_dwell,0.3521,3521,10000,paper_saved_canonical_density_proxy,False
canonical_0084_FallingAlt_2_upward,084,FallingAlt_2_upward,upward,canonical,specific_in_goal_dwell,0.4708,4708,10000,paper_saved_canonical_density_proxy,False
canonical_0085_FallingAlt_3_downward,085,FallingAlt_3_downward,downward,canonical,specific_in_goal_dwell,0.1581,1581,10000,paper_saved_canonical_density_proxy,False
canonical_0086_FallingAlt_3_upward,086,FallingAlt_3_upward,upward,canonical,specific_in_goal_dwell,0.0427,427,10000,paper_saved_canonical_density_proxy,False
canonical_0087_FallingAlt_4_downward,087,FallingAlt_4_downward,downward,canonical,specific_in_goal_dwell,0.0404,404,10000,paper_saved_canonical_density_proxy,False
canonical_0088_FallingAlt_4_upward,088,FallingAlt_4_upward,upward,canonical,specific_in_goal_dwell,0.0073,73,10000,paper_saved_canonical_density_proxy,False
canonical_0089_FallingAlt_5_downward,089,FallingAlt_5_downward,downward,canonical,specific_in_goal_dwell,0.0452,452,10000,paper_saved_canonical_density_proxy,False
canonical_0090_FallingAlt_5_upward,090,FallingAlt_5_upward,upward,canonical,specific_in_goal_dwell,0.1984,1984,10000,paper_saved_canonical_density_proxy,False
canonical_0091_FallingAlt_6_downward,091,FallingAlt_6_downward,downward,canonical,specific_in_goal_dwell,0.4021,4021,10000,paper_saved_canonical_density_proxy,False
canonical_0092_FallingAlt_6_upward,092,FallingAlt_6_upward,upward,canonical,specific_in_goal_dwell,0.1882,1882,10000,paper_saved_canonical_density_proxy,False
canonical_0093_FallingAlt_7_downward,093,FallingAlt_7_downward,downward,canonical,specific_in_goal_dwell,0.7488,7488,10000,paper_saved_canonical_density_proxy,False
canonical_0094_FallingAlt_7_upward,094,FallingAlt_7_upward,upward,canonical,specific_in_goal_dwell,0.1678,1678,10000,paper_saved_canonical_density_proxy,False
canonical_0095_FallingAlt_8_downward,095,FallingAlt_8_downward,downward,canonical,specific_in_goal_dwell,0.0284,284,10000,paper_saved_canonical_density_proxy,False
canonical_0096_FallingAlt_8_upward,096,FallingAlt_8_upward,upward,canonical,specific_in_goal_dwell,0.0131,131,10000,paper_saved_canonical_density_proxy,False
canonical_0097_FallingAlt_9_downward,097,FallingAlt_9_downward,downward,canonical,specific_in_goal_dwell,0.2094,2094,10000,paper_saved_canonical_density_proxy,False
canonical_0098_FallingAlt_9_upward,098,FallingAlt_9_upward,upward,canonical,specific_in_goal_dwell,0.1956,1956,10000,paper_saved_canonical_density_proxy,False
canonical_0099_FallingAlt_10_downward,099,FallingAlt_10_downward,downward,canonical,specific_in_goal_dwell,0.2219,2219,10000,paper_saved_canonical_density_proxy,False
canonical_0100_FallingAlt_10_upward,100,FallingAlt_10_upward,upward,canonical,specific_in_goal_dwell,0.2601,2601,10000,paper_saved_canonical_density_proxy,False
canonical_0101_Prevention_1_downward,101,Prevention_1_downward,downward,canonical,specific_in_goal_dwell,0.1383,1383,10000,paper_saved_canonical_density_proxy,False
canonical_0102_Prevention_1_upward,102,Prevention_1_upward,upward,canonical,specific_in_goal_dwell,0.1496,1496,10000,paper_saved_canonical_density_proxy,False
canonical_0103_Prevention_2_downward,103,Prevention_2_downward,downward,canonical,specific_in_goal_dwell,0.0998,998,10000,paper_saved_canonical_density_proxy,False
canonical_0104_Prevention_2_upward,104,Prevention_2_upward,upward,canonical,specific_in_goal_dwell,0.001,10,10000,paper_saved_canonical_density_proxy,False
canonical_0105_Prevention_3_downward,105,Prevention_3_downward,downward,canonical,specific_in_goal_dwell,0.0202,202,10000,paper_saved_canonical_density_proxy,False
canonical_0106_Prevention_3_upward,106,Prevention_3_upward,upward,canonical,specific_in_goal_dwell,0.0071,71,10000,paper_saved_canonical_density_proxy,False
canonical_0107_Prevention_4_downward,107,Prevention_4_downward,downward,canonical,specific_in_goal_dwell,0.0241,241,10000,paper_saved_canonical_density_proxy,False
canonical_0108_Prevention_4_upward,108,Prevention_4_upward,upward,canonical,specific_in_goal_dwell,0.0263,263,10000,paper_saved_canonical_density_proxy,False
canonical_0109_Prevention_5_downward,109,Prevention_5_downward,downward,canonical,specific_in_goal_dwell,0.008,80,10000,paper_saved_canonical_density_proxy,False
canonical_0110_Prevention_5_upward,110,Prevention_5_upward,upward,canonical,specific_in_goal_dwell,0.0018,18,10000,paper_saved_canonical_density_proxy,False
canonical_0111_Prevention_7_downward,111,Prevention_7_downward,downward,canonical,specific_in_goal_dwell,0.2013,2013,10000,paper_saved_canonical_density_proxy,False
canonical_0112_Prevention_7_upward,112,Prevention_7_upward,upward,canonical,specific_in_goal_dwell,0.0054,54,10000,paper_saved_canonical_density_proxy,False
canonical_0113_Prevention_8_downward,113,Prevention_8_downward,downward,canonical,specific_in_goal_dwell,0.0513,513,10000,paper_saved_canonical_density_proxy,False
canonical_0114_Prevention_8_upward,114,Prevention_8_upward,upward,canonical,specific_in_goal_dwell,0.0747,747,10000,paper_saved_canonical_density_proxy,False
canonical_0115_Prevention_10_downward,115,Prevention_10_downward,downward,canonical,specific_in_goal_dwell,0.2326,2326,10000,paper_saved_canonical_density_proxy,False
canonical_0116_Prevention_10_upward,116,Prevention_10_upward,upward,canonical,specific_in_goal_dwell,0.0005,5,10000,paper_saved_canonical_density_proxy,False
canonical_0117_Remove_1_downward,117,Remove_1_downward,downward,canonical,specific_in_goal_dwell,0.3189,3189,10000,paper_saved_canonical_density_proxy,False
canonical_0118_Remove_1_upward,118,Remove_1_upward,upward,canonical,specific_in_goal_dwell,0.0946,946,10000,paper_saved_canonical_density_proxy,False
canonical_0119_Remove_2_downward,119,Remove_2_downward,downward,canonical,specific_in_goal_dwell,0.0428,428,10000,paper_saved_canonical_density_proxy,False
canonical_0120_Remove_2_upward,120,Remove_2_upward,upward,canonical,specific_in_goal_dwell,0.2883,2883,10000,paper_saved_canonical_density_proxy,False
canonical_0121_Remove_5_downward,121,Remove_5_downward,downward,canonical,specific_in_goal_dwell,0.2358,2358,10000,paper_saved_canonical_density_proxy,False
canonical_0122_Remove_5_upward,122,Remove_5_upward,upward,canonical,specific_in_goal_dwell,0.0491,491,10000,paper_saved_canonical_density_proxy,False
canonical_0123_Remove_6_downward,123,Remove_6_downward,downward,canonical,specific_in_goal_dwell,0.4243,4243,10000,paper_saved_canonical_density_proxy,False
canonical_0124_Remove_6_upward,124,Remove_6_upward,upward,canonical,specific_in_goal_dwell,0.3629,3629,10000,paper_saved_canonical_density_proxy,False
canonical_0125_Remove_7_downward,125,Remove_7_downward,downward,canonical,specific_in_goal_dwell,0.1854,1854,10000,paper_saved_canonical_density_proxy,False
canonical_0126_Remove_7_upward,126,Remove_7_upward,upward,canonical,specific_in_goal_dwell,0.4765,4765,10000,paper_saved_canonical_density_proxy,False
canonical_0127_Remove_8_downward,127,Remove_8_downward,downward,canonical,specific_in_goal_dwell,0.389,3890,10000,paper_saved_canonical_density_proxy,False
canonical_0128_Remove_8_upward,128,Remove_8_upward,upward,canonical,specific_in_goal_dwell,0.0225,225,10000,paper_saved_canonical_density_proxy,False
canonical_0129_Remove_9_downward,129,Remove_9_downward,downward,canonical,specific_in_goal_dwell,0.0632,632,10000,paper_saved_canonical_density_proxy,False
canonical_0130_Remove_9_upward,130,Remove_9_upward,upward,canonical,specific_in_goal_dwell,0.166,1660,10000,paper_saved_canonical_density_proxy,False
canonical_0131_Remove_10_downward,131,Remove_10_downward,downward,canonical,specific_in_goal_dwell,0.0211,211,10000,paper_saved_canonical_density_proxy,False
canonical_0132_Remove_10_upward,132,Remove_10_upward,upward,canonical,specific_in_goal_dwell,0.0346,346,10000,paper_saved_canonical_density_proxy,False
